id,real,n_hojas,bytes_npz,hce_carga_ms,hce_descriptores_ms,svm_clasificador_ms,rf_clasificador_ms,net5_carga_ms,net5_preparacion_ms,net5_forward_gpu_ms,net5_forward_cpu_ms,pred_svm,pred_rf,pred_net5_gpu,pred_net5_cpu,svm_total_ms,rf_total_ms,net5_gpu_total_ms,net5_cpu_total_ms
airplane/airplane_0635,0,6168,37213,39.506300003267825,9.027599997352809,0.8002999966265634,5.85970000247471,10.393999997177161,111.59780000161845,8.087599999271333,198.6142999958247,0,0,0,0,49.3341999972472,54.393600003095344,130.07939999806695,320.6060999946203
airplane/airplane_0636,0,5524,34040,10.832800006028265,7.419999994453974,0.9222000007866882,6.217200003447942,9.314199996879324,102.91270000016084,6.458399999246467,175.17660000157775,0,0,0,0,19.175000001268927,24.47000000393018,118.68529999628663,287.4034999986179
airplane/airplane_0646,0,6469,41270,12.033600003633182,9.030200002598576,0.8734999937587418,5.761700005677994,10.72790000034729,114.90869999397546,8.430800000496674,205.57410000037635,0,0,0,0,21.9372999999905,26.825500011909753,134.06739999481943,331.2106999946991
airplane/airplane_0668,0,5839,36077,11.140099995827768,7.466000002750661,0.8895999999367632,5.8609999978216365,9.402100004081149,108.2416999997804,7.968199999595527,192.11250000080327,0,0,0,0,19.495699998515192,24.467099996400066,125.61200000345707,309.7563000046648
airplane/airplane_0687,0,6063,34363,11.315600000671111,7.90949999645818,0.8456000068690628,5.798599995614495,9.710500002256595,109.94829999981448,8.295399995404296,186.9665000049281,0,0,0,0,20.070700003998354,25.023699992743786,127.95419999747537,306.62530000699917
airplane/airplane_0695,0,5167,34862,10.126500004844274,6.831699996837415,0.8155000032274984,6.4319999946746975,8.914500001992565,100.78280000016093,8.316500003274996,167.95969999657245,0,0,0,0,17.773700004909188,23.390199996356387,118.0138000054285,277.65699999872595
airplane/airplane_0698,0,4656,26506,9.892000001855195,6.696199998259544,0.8118999976431951,5.9748000057879835,8.116699995298404,93.52619999845047,8.077799997408874,148.61720000044443,0,0,0,0,17.400099997757934,22.563000005902722,109.72069999115774,250.2600999941933
airplane/airplane_0709,0,6938,47216,13.832900003762916,10.931899996649008,0.8780999996815808,6.159000004117843,11.50499999494059,119.81800000648946,8.499299998220522,216.69029999611666,0,0,0,0,25.642900000093505,30.923800004529767,139.82229999965057,348.0132999975467
airplane/airplane_0721,0,5902,35637,11.587300003156997,7.6135999988764524,0.8252000043285079,5.566199994063936,9.471400000620633,104.79540000233101,6.738700001733378,184.24360000062734,0,0,0,0,20.026100006361958,24.767099996097386,121.00550000468502,298.510400003579
airplane/airplane_0723,0,8429,51638,14.942299996619113,11.773999998695217,0.8210000014514662,5.747000002884306,12.752700000419281,133.2607000003918,8.558200002880767,247.25239999679616,0,0,0,0,27.537299996765796,32.463299998198636,154.57160000369186,393.26579999760725
bathtub/bathtub_0115,1,20770,32384,32.509199998457916,31.874900007096585,0.8240999959525652,5.738699997891672,28.54040000238456,250.2814000035869,16.102200002933387,598.5726999933831,1,1,1,1,65.20820000150707,70.12280000344617,294.92400000890484,877.3944999993546
bathtub/bathtub_0122,1,15436,71985,25.582700000086334,22.821899998234585,0.8311999990837649,5.71969999873545,24.80430000287015,199.7144999986631,10.222700002486818,437.8385999953025,33,33,1,1,49.23579999740468,54.12429999705637,234.74150000402005,662.3573999968357
bathtub/bathtub_0125,1,11509,24182,21.68610000080662,19.053700001677498,0.8419000005233102,5.81899999815505,60.35919999703765,147.4214000045322,8.45590000244556,312.50729999737814,1,1,1,1,41.58170000300743,46.55880000063917,216.2365000040154,520.287899998948
bathtub/bathtub_0126,1,10473,24471,18.226500003947876,16.354999999748543,0.8715000003576279,5.686500000592787,16.61749999766471,152.30780000274535,8.279299996502232,303.5743000000366,2,2,1,1,35.45300000405405,40.268000004289206,177.2045999969123,472.49960000044666
bathtub/bathtub_0128,1,5048,11885,9.160900001006667,6.542499999341089,0.8105000015348196,5.733500001952052,8.992899995064363,86.89180000510532,6.3265999997383915,150.70489999925485,1,1,1,1,16.513900001882575,21.436900002299808,102.21129999990808,246.58959999942454
bathtub/bathtub_0134,1,16955,20162,36.706999999296386,26.43540000281064,0.8271999977296218,5.828100001963321,31.94670000084443,240.6533999965177,10.672999997041188,446.4173000014853,29,2,29,29,63.969599999836646,68.97050000407035,283.2730999944033,719.0173999988474
bathtub/bathtub_0137,1,25894,25685,40.59169999527512,36.45379999943543,0.8396000048378482,5.664600001182407,34.10579999763286,274.8554999998305,13.419700000667945,653.2383999947342,2,33,1,1,77.8850999995484,82.71009999589296,322.3809999981313,962.1996999921976
bathtub/bathtub_0142,1,15086,50598,28.31020000303397,25.745200000528712,0.8496000009472482,5.69089999771677,26.36010000423994,186.96419999469072,9.930300002451986,399.6006999950623,1,1,1,1,54.90500000450993,59.74630000127945,223.25460000138264,612.924999993993
bathtub/bathtub_0147,1,12076,23909,21.065799999632873,18.39210000616731,0.835999999253545,5.794400000013411,19.287099996290635,155.08580000459915,8.844700001645833,325.59369999944465,1,1,1,1,40.29390000505373,45.252300005813595,183.21760000253562,499.96660000033444
bathtub/bathtub_0148,1,12776,55240,23.247600001923274,20.70570000068983,0.8384999964619055,5.71969999873545,20.3070999996271,176.0952000040561,8.890099998097867,355.9626999995089,7,1,1,1,44.79179999907501,49.673000001348555,205.29240000178106,552.3650000031921
bed/bed_0522,2,23731,25075,38.02940000605304,35.73509999841917,0.8419000005233102,5.863999998837244,31.34979999595089,272.99930000299355,12.464899999031331,615.1915000009467,2,2,2,2,74.60640000499552,79.62850000330945,316.81399999797577,919.5405999998911
bed/bed_0531,2,20301,67154,37.1171000006143,34.721099997113924,0.8518000031472184,5.639899995003361,76.991400004772,240.00719999457942,11.307300002954435,517.3660000000382,2,2,2,2,72.69000000087544,77.47809999273159,328.30590000230586,834.3645999993896
bed/bed_0541,2,12797,23960,24.63730000454234,21.628899994539097,0.8052000048337504,6.067499998607673,27.924800000619143,179.05040000187,10.278500005370006,358.8065000003553,2,2,2,2,47.07140000391519,52.33369999768911,217.25370000785915,565.7817000028444
bed/bed_0550,2,15912,21042,33.47650000068825,26.44499999587424,0.8627999995951541,6.567100004758686,60.26949999795761,203.55689999996684,10.446299995237496,422.2198000061326,2,2,2,2,60.78429999615764,66.48860000132117,274.27269999316195,686.046200004057
bed/bed_0560,2,11460,46837,20.408999997016508,17.625599997700192,0.8134000017889775,5.6981000016094185,19.398099997488316,153.97120000125142,8.796500005701091,305.0183000013931,1,2,2,2,38.84799999650568,43.73269999632612,182.16580000444083,478.3876000001328
bed/bed_0574,2,27455,58419,46.28099999536062,43.89910000463715,0.8391000010306016,5.778899998404086,38.033099997846875,316.8301000041538,20.43219999904977,710.2038000011817,2,2,2,2,91.01920000102837,95.95899999840185,375.29540000105044,1065.0670000031823
bed/bed_0582,2,23031,32373,37.251200003083795,34.04769999906421,0.8386999979848042,5.82859999849461,33.469699999841396,262.38540000485955,12.507999999797903,584.5375999997486,2,2,2,2,72.1376000001328,77.12750000064261,308.36310000449885,880.3927000044496
bed/bed_0587,2,14190,24976,57.65539999993052,21.778100002848078,0.8667000001878478,5.905899997742381,23.111900001822505,190.97879999753786,9.740100002090912,394.1259999992326,2,2,2,2,80.30020000296645,85.33940000052098,223.83080000145128,608.216699998593
bed/bed_0605,2,15065,11304,29.930299999250565,22.385400006896816,0.8384999964619055,5.695200001355261,22.306699996988755,196.5758000005735,10.377300000982359,410.1119999977527,29,2,2,2,53.15420000260929,58.01090000750264,229.25979999854462,628.994499995315
bed/bed_0611,2,23801,24706,83.33300000231247,37.31530000368366,0.8548999976483174,5.598399999144021,32.68229999957839,255.84089999756543,15.718000002379995,566.2161000000197,7,2,2,2,121.50320000364445,126.24670000514016,304.2411999995238,854.7392999971635
bench/bench_0175,3,11593,15535,29.318699998839293,20.897900001727976,0.8958999969763681,6.009600001561921,27.04309999535326,150.45350000582403,9.109099999477621,286.2452999979723,3,3,3,3,51.11249999754364,56.22620000212919,186.6057000006549,463.7418999991496
bench/bench_0179,3,10739,30819,24.65200000006007,17.356799995468464,0.8091999989119358,5.773700002464466,47.00710000179242,155.59270000085235,9.191199998895172,286.1611999978777,3,3,3,3,42.81799999444047,47.782499997993,211.79100000153994,488.7610000005225
bench/bench_0180,3,19405,24403,35.710199997993186,31.01819999574218,0.8361000000149943,5.5821000059950165,28.41959999932442,229.2948999966029,11.947499995585531,506.056999998691,3,36,3,3,67.56449999375036,72.31049999973038,269.66199999151286,763.7714999946184
bench/bench_0181,3,11215,29617,20.50030000100378,15.302899999369401,0.8567999975639395,6.0548000037670135,19.26180000009481,165.62379999959376,10.157600001548417,327.0224000007147,3,3,3,3,36.65999999793712,41.858000004140195,195.04320000123698,511.90800000040326
bench/bench_0182,3,16738,34445,32.833600002049934,26.45749999646796,0.8239000017056242,5.684299998392817,25.112100003752857,198.33079999807524,10.057699997560121,415.42260000278475,3,3,3,3,60.11500000022352,64.97539999691071,233.5005999993882,638.8655000046128
bench/bench_0185,3,6490,21409,11.568000001716428,8.924300003855024,0.8480999968014657,5.731700002797879,12.512299996160436,112.43500000273343,7.316800001717638,207.87389999895822,3,3,3,3,21.340400002372917,26.22400000836933,132.2641000006115,332.8211999978521
bench/bench_0186,3,7813,14354,16.018000002077315,11.893099996086676,0.811700003396254,5.975699998089112,13.248600000224542,128.49239999923157,8.755100003327243,234.0295000030892,3,3,3,3,28.722800001560245,33.8867999962531,150.49610000278335,375.7705000025453
bench/bench_0187,3,6112,12251,14.200599995092489,10.611100005917251,0.8340999993379228,5.6531999944127165,11.519800005771685,104.71939999843016,7.349899999098852,187.4002000040491,3,3,3,3,25.645800000347663,30.464899995422456,123.5891000033007,303.63940000825096
bench/bench_0190,3,8464,30089,16.200599995499942,13.399399998888839,0.8290000041597523,5.8356000008643605,13.760299996647518,126.29680000100052,8.359299994481262,240.7675000067684,3,3,3,3,30.428999998548534,35.43559999525314,148.4163999921293,380.8246000044164
bench/bench_0192,3,16696,25175,27.460299999802373,26.02119999937713,0.8503999997628853,5.708900003810413,23.176800001238007,243.02109999553068,10.543700002017431,433.29480000102194,20,36,20,20,54.33189999894239,59.19040000298992,276.7415999987861,699.4926999977906
bookshelf/bookshelf_0588,4,21512,15431,33.738400001311675,31.51619999698596,0.8234000051743351,5.873899994185194,34.84250000474276,245.8150999955251,12.756300006003585,571.2206999960472,4,4,4,4,66.07800000347197,71.12849999248283,293.41390000627143,851.878299996315
bookshelf/bookshelf_0593,4,13483,14193,26.31200000178069,21.1152999982005,0.8275000000139698,5.669799997122027,55.832700003520586,169.3096000017249,9.961600000679027,371.6895999968983,4,4,4,4,48.25479999999516,53.097099997103214,235.10390000592452,596.8319000021438
bookshelf/bookshelf_0603,4,13819,17861,28.955400004633702,29.212399997049943,0.8127999972202815,5.910100000619423,25.593700003810227,163.1584999995539,9.110200000577606,362.24719999881927,4,4,4,4,58.98059999890393,64.07790000230307,197.86240000394173,550.9994000021834
bookshelf/bookshelf_0614,4,11838,15390,20.49750000151107,17.04769999923883,0.8779999989201315,5.626300000585616,18.673099999432452,170.76340000494383,9.392400002980139,364.56129999714904,4,4,4,4,38.42319999967003,43.17150000133552,198.82890000735642,553.9978000015253
bookshelf/bookshelf_0625,4,14540,16911,28.422600000340026,26.255100005073473,0.8358999984920956,5.787299996882211,23.777599999448285,161.058800003957,8.90340000478318,360.562599998957,4,4,4,4,55.513600003905594,60.46500000229571,193.73980000818847,545.3990000023623
bookshelf/bookshelf_0635,4,13259,17845,26.83269999397453,25.303200003691018,0.8491999979014508,5.667700002959464,22.556299998541363,157.6446999970358,9.432999999262393,366.41750000126194,4,4,4,4,52.985099995567,57.80360000062501,189.63399999483954,546.6184999968391
bookshelf/bookshelf_0643,4,12272,16865,28.70489999622805,29.81030000228202,0.814499995613005,5.930400002398528,24.931400002969895,158.8945999974385,9.89109999500215,347.08340000361204,4,4,4,4,59.329699994123075,64.4456000009086,193.71709999541054,530.9094000040204
bookshelf/bookshelf_0654,4,27049,24091,44.601699999475386,44.33749999589054,0.8387000052607618,5.769999996118713,82.51929999823915,273.94530000310624,14.239900003303774,667.3946000009892,4,4,4,4,89.77790000062669,94.70919999148464,370.70450000464916,1023.8592000023345
bookshelf/bookshelf_0662,4,17480,18852,32.349699999031145,31.248400002368726,0.8346999966306612,5.820600003062282,36.93339999881573,199.6004000029643,10.485699996934272,456.3278000059654,4,4,4,4,64.43279999803053,69.41870000446215,247.0194999987143,692.8616000077454
bookshelf/bookshelf_0671,4,15562,20317,40.539200002967846,37.10729999875184,0.8394999968004413,5.847100001119543,63.58100000215927,195.65460000012536,10.95970000460511,425.573099993926,4,4,4,4,78.48599999852013,83.49360000283923,270.19530000688974,684.8086999962106
bottle/bottle_0336,5,12923,53390,25.050399999599904,22.830400004750118,0.8271999977296218,5.997599997499492,23.41040000465,153.90909999405267,9.132600003795233,342.24949999770615,5,5,5,5,48.70800000207964,53.87840000184951,186.4521000024979,519.5689999964088
bottle/bottle_0349,5,5615,22743,11.01619999826653,7.7822000021114945,0.8535999950254336,5.696700005501043,10.91449999512406,89.38900000066496,7.968200006871484,163.48819999984698,5,5,5,5,19.651999995403457,24.495100005879067,108.27170000266051,263.791699995636
bottle/bottle_0355,5,9955,31043,18.452399999659974,16.379200002120342,0.826000003144145,5.7608999995864,16.39479999721516,132.22289999976056,7.777300001180265,286.9490000011865,5,35,5,5,35.65760000492446,40.592500001366716,156.39499999815598,435.5666999981622
bottle/bottle_0358,5,16668,29040,29.37519999977667,25.688499998068437,0.8463999984087422,5.83090000145603,23.960500002431218,203.54509999742731,11.03720000537578,460.3179999976419,37,37,5,5,55.91009999625385,60.894599999301136,238.5428000052343,687.8235999975004
bottle/bottle_0362,5,5020,25172,11.092799999460112,7.893800000601914,0.8238000009441748,5.6608999948366545,11.047800006053876,82.52209999773186,6.605200003832579,148.84389999497216,5,5,5,5,19.8104000010062,24.64749999489868,100.17510000761831,242.4137999987579
bottle/bottle_0395,5,7414,56227,16.15299999684794,14.186100001097657,0.8493999994243495,5.970999998680782,13.277400001243223,104.3920000010985,7.086700003128499,203.57489999878453,5,5,5,5,31.188499997369945,36.31009999662638,124.75610000547022,321.24430000112625
bottle/bottle_0399,5,4957,21643,11.237400001846254,6.9007999991299585,0.8444999984931201,5.663600000843871,8.74409999960335,83.40270000189776,6.746999999450054,147.7325000014389,5,5,5,5,18.982699999469332,23.801800001820084,98.89380000095116,239.87930000294
bottle/bottle_0414,5,8926,21443,17.7929999990738,15.71160000457894,0.8240999959525652,5.743699999584351,15.141600000788458,137.88030000432627,7.670499995583668,266.9735000017681,38,37,24,24,34.328699999605305,39.24830000323709,160.6924000006984,419.99540000688285
bottle/bottle_0415,5,4502,24395,9.453400001802947,6.892400000651833,0.822000001790002,5.696300002455246,8.484499994665384,77.91040000302019,6.422300000849646,145.03749999857973,5,5,5,5,17.167800004244782,22.042100004910026,92.81719999853522,231.4323999962653
bottle/bottle_0435,5,12328,73866,24.029100000916515,21.55710000079125,0.8248000012827106,6.113600000389852,19.24729999882402,167.77839999849675,9.546500004944392,348.89660000044387,5,5,5,5,46.41100000299048,51.69980000209762,196.57220000226516,535.9222999977646
bowl/bowl_0065,6,25376,66711,86.99609999894165,36.64419999404345,0.9728000004542992,6.5087000039056875,33.65309999935562,316.75040000118315,17.855199999758042,667.4773999984609,6,6,6,6,124.61309999343939,130.14899999689078,368.2587000002968,1017.8808999989997
bowl/bowl_0066,6,17725,55513,30.948599996918347,24.06630000041332,1.0502000004635192,6.1992000046302564,29.72409999347292,250.02930000482593,12.004500000330154,524.4233999983408,6,6,6,6,56.06509999779519,61.214100001961924,291.757899998629,804.1767999966396
bowl/bowl_0068,6,29835,81254,75.52920000307495,41.46469999977853,0.8778999981586821,6.0787999973399565,46.95640000136336,355.0956999970367,16.553200002817903,757.4915999939549,6,6,6,6,117.87180000101216,123.07270000019344,418.605300001218,1159.543699992355
bowl/bowl_0070,6,34098,60085,48.64809999708086,43.634200002998114,0.9119000023929402,6.702299993776251,45.56630000297446,431.63060000370024,19.571999997424427,997.2562999973889,6,6,6,6,93.19420000247192,98.98459999385523,496.7689000040991,1474.4532000040635
bowl/bowl_0071,6,25194,72635,43.57739999977639,36.72670000378275,0.8316999956150539,6.115299998782575,36.670800000138115,307.3316000009072,13.538499995775055,659.2588999992586,6,6,6,6,81.1357999991742,86.41940000234172,357.5408999968204,1003.2613000003039
bowl/bowl_0072,6,28918,80237,44.998799996392336,37.512700000661425,0.8357999977306463,6.073500000638887,85.32530000229599,339.9506999994628,16.571300002397038,740.5723999982001,6,6,6,6,83.34729999478441,88.58499999769265,441.84730000415584,1165.848399999959
bowl/bowl_0074,6,45102,97874,64.33820000529522,50.98259999795118,0.8223999975598417,5.851100002473686,90.9998999995878,511.3128000011784,22.833100003481377,1278.9386000004015,6,37,10,10,116.14320000080625,121.17190000572009,625.1458000042476,1881.2513000011677
bowl/bowl_0077,6,14498,50601,27.315599996654782,25.15560000028927,0.8432999966316856,5.806300003314391,27.11460000136867,191.66649999533547,9.733200000482611,385.3963000001386,27,34,1,1,53.31449999357574,58.27750000025844,228.51429999718675,604.1773999968427
bowl/bowl_0080,6,19118,59085,30.334200004290324,25.05379999638535,0.8251000035670586,5.895599999348633,27.19059999799356,253.85880000249017,12.122599997383077,533.5439000045881,6,29,6,6,56.21310000424273,61.28360000002431,293.1719999978668,814.5933000050718
bowl/bowl_0083,6,23843,36746,37.197700003162026,32.603599996946286,0.9208000046783127,5.706399999326095,32.391299995651934,279.4006000040099,13.63359999959357,624.9306999961846,6,6,1,1,70.72210000478663,75.50769999943441,325.4254999992554,936.7225999958464
car/car_0200,7,15170,76302,27.573300001677126,23.555100000521634,0.821399997221306,5.79940000170609,24.92560000246158,194.0028999961214,10.05819999409141,406.6073000067263,7,7,7,7,51.949799999420065,56.92780000390485,228.9866999926744,625.5358000053093
car/car_0219,7,12258,70605,24.055200003203936,20.44239999668207,0.8443999977316707,5.686200005584396,21.32759999949485,163.63629999978002,8.60860000102548,324.2390000013984,7,7,7,7,45.34199999761768,50.1838000054704,193.57250000030035,509.20290000067325
car/car_0225,7,14442,53184,24.25700000458164,21.35160000034375,0.8272999984910712,5.733999998483341,21.193399996263906,191.7708000037237,10.147299995878711,397.0400000034715,7,7,7,7,46.435900003416464,51.342600003408734,223.11149999586632,610.0042000034591
car/car_0226,7,23157,96056,81.77119999891147,38.39239999797428,0.8429000008618459,5.676200002199039,38.908700000320096,266.4080999966245,12.241600001289044,586.8187000014586,2,2,7,7,121.0064999977476,125.83979999908479,317.55839999823365,892.1354999984032
car/car_0231,7,16808,79466,33.5655000017141,24.076900001091417,0.8143999948515557,5.75350000144681,54.32410000503296,212.62879999994766,10.383799999544863,457.39709999907063,7,7,7,7,58.45679999765707,63.395900004252326,277.3367000045255,724.3500000040513
car/car_0240,7,15016,92672,28.596999996807426,26.713600003859028,0.846799994178582,5.812900002638344,25.872500002151355,178.76789999718312,9.320799996203277,371.92160000267904,7,7,7,7,56.157399994845036,61.1235000033048,213.96119999553775,576.5620000020135
car/car_0248,7,10130,22438,20.701699999335688,14.251799999328796,0.8194000038201921,5.832999995618593,17.154799999843817,149.28660000441596,8.503099998051766,291.053799999645,7,7,7,7,35.772900002484675,40.786499994283076,174.94450000231154,457.49520000390476
car/car_0254,7,13084,65918,26.857200005906634,24.50929999758955,0.9028999993461184,6.189300002006348,22.471299998869654,171.97640000085812,10.060800006613135,353.99649999453686,7,7,7,7,52.2694000028423,57.55580000550253,204.5085000063409,548.4441999942646
car/car_0271,7,19384,93751,33.35230000084266,31.246400001691654,0.8487000013701618,5.723700000089593,28.850499998952728,226.33050000149524,11.04979999945499,501.0076000035042,7,7,7,7,65.44740000390448,70.32240000262391,266.23079999990296,756.1886000039522
car/car_0294,7,11572,66330,20.38949999405304,17.25030000670813,0.937699995120056,5.7707000014488585,19.07000000210246,158.62429999833694,8.378300000913441,329.7919000033289,7,7,7,7,38.577499995881226,43.41050000221003,186.07260000135284,507.4862000037683
chair/chair_0901,8,17032,65935,32.21050000138348,29.41129999817349,0.967200001468882,5.674799998814706,25.918999999703374,214.84079999936512,11.01829999970505,482.92729999957373,8,8,8,8,62.58900000102585,67.29659999837168,251.77809999877354,723.6870999986422
chair/chair_0917,8,9514,55704,62.445399998978246,14.387100003659725,0.8623999965493567,5.627200000162702,16.238300006079953,137.5311999945552,7.979000001796521,283.2214000009117,8,8,8,8,77.69489999918733,82.45970000280067,161.74850000243168,436.99090000154683
chair/chair_0930,8,11117,50119,20.40080000006128,16.752900002757087,0.8355999962077476,5.7522000060998835,16.704699999536388,171.16329999407753,9.184599999571219,337.7175000059651,8,8,8,8,37.989299999026116,42.90590000891825,197.05259999318514,525.585499999579
chair/chair_0938,8,16878,77510,32.31709999818122,26.86560000438476,0.8254999993368983,5.9302000008756295,59.93540000054054,225.69669999938924,14.225400002032984,480.2150999967125,8,8,8,8,60.00820000190288,65.11290000344161,299.85750000196276,765.8471999966423
chair/chair_0943,8,9815,57093,18.20659999793861,14.469199995801318,0.8192000022972934,5.685800002538599,16.73569999547908,136.7201000030036,8.376899997529108,275.72610000061104,8,8,8,8,33.49499999603722,38.36159999627853,161.8326999960118,429.18189999909373
chair/chair_0952,8,12524,62644,25.22789999784436,22.886899998411536,0.8431000023847446,5.93010000011418,24.11489999940386,181.029799998214,9.810399998968933,368.8299999994342,8,8,8,8,48.95789999864064,54.04489999637008,214.9550999965868,573.9746999970521
chair/chair_0956,8,7316,39790,13.956499999039806,10.567299999820534,0.8497000017086975,5.83570000162581,13.419499999145046,117.18670000118436,8.514699999068398,253.95099999877857,8,8,8,8,25.373500000569038,30.35950000048615,139.1208999993978,384.557199999108
chair/chair_0966,8,11593,55371,21.75320000242209,18.226799998956267,0.8412000024691224,5.84339999477379,17.968899999686982,159.28620000340743,9.657800001150463,334.83719999640016,8,8,8,8,40.82120000384748,45.82339999615215,186.91290000424488,512.0922999994946
chair/chair_0973,8,8576,27634,16.664800001308322,13.387999999395106,0.9194000012939796,6.226600002264604,17.298200000368524,128.76549999782583,9.001600003102794,259.66869999683695,8,8,32,32,30.972200001997408,36.27940000296803,155.06530000129715,405.7323999950313
chair/chair_0988,8,12314,50799,21.565600000030827,18.536999996285886,0.8288000026368536,6.150299996079411,18.207100001745857,175.51230000390206,10.640100001182873,357.9551000002539,8,8,8,8,40.931399998953566,46.252899992396124,204.35950000683079,551.6745000059018
cone/cone_0168,9,21568,42748,32.84150000399677,29.221099997812416,0.8598999993409961,6.166099999973085,28.793000004952773,284.12959999695886,14.501899997412693,601.1026999985916,9,9,9,9,62.92250000115018,68.22870000178227,327.4244999993243,914.0253000005032
cone/cone_0170,9,6322,36280,12.972100004844833,9.737299995322246,0.8857000066200271,6.183999998029321,13.287000001582783,106.75549999723444,8.31540000217501,197.61899999866728,9,9,9,9,23.595100006787106,28.8933999981964,128.35790000099223,317.6614999974845
cone/cone_0174,9,18446,32872,32.41129999514669,28.73340000223834,0.8243000047514215,6.273699997109361,71.64000000193482,239.48039999959292,12.333899998338893,494.7997999988729,34,34,9,9,61.969000002136454,67.4183999944944,323.45429999986663,805.9202000004007
cone/cone_0177,9,19846,32641,30.65789999527624,26.122100003703963,0.9658999988459982,6.066800000553485,33.068500000808854,272.44799999607494,13.676399998075794,582.4273000034736,9,9,9,9,57.7458999978262,62.84679999953369,319.1928999949596,887.9438000003574
cone/cone_0179,9,6336,19570,14.264600002206862,8.084299995971378,0.8321000059368089,5.721399997128174,14.418400001886766,109.31799999525538,7.454800004779827,201.93809999909718,9,9,9,9,23.18100000411505,28.070299995306414,131.19120000192197,325.6744999962393
cone/cone_0180,9,15233,19975,54.07740000373451,19.268299998657312,0.8352000004379079,5.714200000511482,19.768899997870903,217.5878999987617,10.27520000207005,439.523699998972,3,9,31,31,74.18090000282973,79.0599000029033,247.63199999870267,676.8804999956046
cone/cone_0181,9,18453,29653,28.101299998525064,23.340100000496022,0.811400001111906,5.817699995532166,25.005800001963507,253.09740000375314,11.607299995375797,536.9965999998385,6,34,9,9,52.25280000013299,57.25909999455325,289.71050000109244,815.0998000055552
cone/cone_0184,9,5552,25457,9.718699999211822,6.954099997528829,0.8195999980671331,5.647900004987605,10.77899999654619,96.31970000191359,7.315099996048957,179.0889000039897,9,26,9,9,17.492399994807784,22.320700001728255,114.41379999450874,286.18760000244947
cone/cone_0186,9,18453,35139,29.492300003767014,24.02549999533221,0.8204000041587278,5.8543999984976836,23.58249999815598,243.43010000302456,11.92060000175843,528.8881999949808,9,9,9,9,54.33820000325795,59.37219999759691,278.933200002939,795.9007999961614
cone/cone_0187,9,10095,25586,17.553999998199288,13.48370000050636,0.8773000008659437,5.732999998144805,16.603100004431326,146.3764000000083,8.249499995145015,292.5768999994034,26,37,9,9,31.91499999957159,36.77069999685045,171.22899999958463,455.556400003843
cup/cup_0081,10,27966,72492,46.73170000023674,45.14499999640975,0.835999999253545,5.7989999986602925,37.200600003416184,278.7088999975822,14.300599999842234,684.3993000002229,37,37,37,37,92.71269999590004,97.67569999530679,330.2101000008406,1000.3088000012212
cup/cup_0082,10,23976,59368,37.79760000179522,36.993099995015655,0.8336000028066337,5.780799998319708,79.84969999961322,277.0033999986481,14.042900002095848,651.3960999945994,8,8,15,15,75.6242999996175,80.57149999513058,370.89600000035716,1008.2491999928607
cup/cup_0085,10,11838,31120,19.690799999807496,17.51679999870248,0.8218000002671033,5.708600001526065,24.786799993307795,154.10280000651255,8.885800001735333,318.2747999962885,32,32,10,10,38.02939999877708,42.91620000003604,187.77540000155568,497.16439999610884
cup/cup_0086,10,32180,114496,55.65080000087619,45.71140000189189,0.9035999974003062,5.940499999269377,88.63640000345185,364.301699999487,16.701100001228042,787.2685999973328,37,37,10,10,102.26580000016838,107.30270000203745,469.6392000041669,1240.2067000002717
cup/cup_0087,10,20924,31406,33.956200000829995,29.28020000399556,0.8362000007764436,5.68119999661576,30.92800000013085,259.2655999978888,13.099600000714418,590.878299997712,10,10,10,10,64.072600005602,68.91760000144131,303.29319999873405,881.0718999957317
cup/cup_0091,10,31564,70560,49.056000003474765,45.23309999785852,0.8547000034013763,5.7257999942521565,41.34650000196416,316.78220000321744,15.441900002770126,773.4194000004209,8,8,10,10,95.14380000473466,100.01489999558544,373.5706000079517,1131.5481000056025
cup/cup_0092,10,8555,33618,16.787000000476837,13.193499995395541,1.1521000051288866,5.80939999781549,17.31650000147056,126.47440000000643,8.026499999687076,261.9336999996449,5,37,35,35,31.132600001001265,35.78989999368787,151.81740000116406,405.72460000112187
cup/cup_0094,10,34112,56681,53.757100002258085,47.84210000070743,0.8325999951921403,6.87830000242684,39.56869999819901,387.915500003146,16.65750000393018,876.2815999943996,10,10,10,10,102.43179999815766,108.47750000539236,444.1417000052752,1303.7657999957446
cup/cup_0096,10,19307,30882,32.66479999729199,29.986200002895202,0.8123000006889924,5.634499997540843,34.253400001034606,220.8262999993167,11.367300001438707,515.0227999984054,14,23,4,4,63.46330000087619,68.28549999772804,266.44700000179,770.1024999987567
cup/cup_0099,10,25558,45081,81.55770000303164,39.92489999654936,0.8438000004389323,5.714700004318729,35.78399999969406,265.8628999997745,13.448500001686625,631.0864999977639,10,37,10,10,122.32640000001993,127.19730000389973,315.0954000011552,932.7333999972325
curtain/curtain_0140,11,14029,59091,26.221500003885012,22.831999995105434,0.8160000070347451,5.815899996377993,24.13150000211317,171.31220000010217,9.7989999994752,400.032800003828,11,22,11,11,49.86950000602519,54.86939999536844,205.24270000169054,595.4765000060434
curtain/curtain_0142,11,10032,44531,20.997200001147576,15.092299996467773,0.8825000040815212,5.985699994198512,17.20440000644885,131.14779999887105,9.064700003364123,269.0281000031973,22,22,11,11,36.97200000169687,42.07519999181386,157.41690000868402,417.3803000085172
curtain/curtain_0143,11,11859,29027,21.220700000412762,21.79240000259597,0.811700003396254,6.014299993694294,19.867599999997765,142.35030000418192,9.562100000039209,307.8754999951343,36,36,22,22,43.824800006404985,49.027399996703025,171.7800000042189,470.093399999314
curtain/curtain_0145,11,9234,33812,14.411500000278465,10.919799999101087,0.8728000029805116,6.048499999451451,13.120900002832059,123.84279999969294,8.846400000038557,272.3593000046094,4,13,11,11,26.204100002360065,31.379799998831004,145.81010000256356,409.3230000071344
curtain/curtain_0147,11,2444,14108,5.265300002065487,2.6980999973602593,0.7975999978953041,5.833800001710188,5.370200000470504,63.277699999161996,7.924500001536217,111.54589999932796,11,11,11,11,8.76099999732105,13.797200001135934,76.57240000116872,180.19379999896046
curtain/curtain_0148,11,5993,24464,9.723099996335804,6.799800001317635,0.8094000004348345,5.8312999972258694,7.874900002207141,93.43349999835482,8.285500000056345,193.51430000097025,11,37,13,13,17.332299998088274,22.35419999487931,109.5939000006183,294.8227000015322
curtain/curtain_0150,11,15170,83392,25.239599999622442,22.707100004481617,0.8069999967119657,6.199900002684444,21.592500001133885,199.0901999961352,10.977500001899898,431.47509999835165,4,4,11,11,48.753700000816025,54.1466000067885,231.66019999916898,652.1577999956207
curtain/curtain_0154,11,7939,38611,13.54179999907501,11.69060000393074,0.8346999966306612,5.740200002037454,13.294500000483822,118.65609999949811,8.979899997939356,254.77330000285292,11,22,11,11,26.06709999963641,30.972600005043205,140.9304999979213,386.72390000283485
curtain/curtain_0157,11,5048,19304,9.415100001206156,6.635500001721084,0.8143999948515557,5.644100005156361,8.380199993553106,90.38880000298377,8.177299998351373,177.99730000115233,11,11,11,11,16.864999997778796,21.6947000080836,106.94629999488825,276.7662999976892
curtain/curtain_0158,11,5636,40855,11.894700000993907,10.17340000544209,0.8166999978129752,5.983999995805789,10.478399999556132,89.11810000427067,7.7849999943282455,179.3277000033413,5,11,11,11,22.884800004248973,28.052100002241787,107.38149999815505,278.9242000071681
desk/desk_0202,12,9584,15302,17.839300002378877,15.086999999766704,0.8948999966378324,6.1740000019199215,61.01660000422271,149.96769999561366,9.904400001687463,281.3841000024695,33,12,33,33,33.82119999878341,39.1003000040655,220.88870000152383,492.36840000230586
desk/desk_0214,12,10144,11012,19.972100002632942,18.07369999733055,0.989500003925059,5.855800001882017,17.273299999942537,140.8792000001995,9.096500005398411,283.4863999960362,12,12,12,12,39.03530000388855,43.90160000184551,167.24900000554044,441.6388999961782
desk/desk_0237,12,22156,19091,50.89150000276277,41.1686999941594,0.9976000001188368,6.028700001479592,70.45250000373926,260.11669999570586,13.671000000613276,581.8029000001843,12,12,12,12,93.057799997041,98.08889999840176,344.2402000000584,912.3720999996294
desk/desk_0238,12,20966,19115,38.93830000015441,35.441600004560314,0.8862999966368079,6.369700000504963,32.453600004373584,244.3989999956102,12.489600005210377,538.973899994744,33,33,12,12,75.26620000135154,80.74960000521969,289.3422000051942,815.8264999947278
desk/desk_0241,12,19335,21495,37.727900002209935,38.016200000129174,0.8224999983212911,5.728199997975025,33.467400004155934,239.33240000042133,12.064499998814426,539.8560000030557,12,12,12,12,76.5666000006604,81.47230000031414,284.8643000033917,812.6558000076329
desk/desk_0243,12,7295,23462,14.59199999953853,11.629100001300685,0.8237000001827255,5.696699998225085,14.849000006506685,110.24449999968056,7.389400001557078,210.02309999312274,30,30,30,30,27.04480000102194,31.9177999990643,132.48290000774432,335.11659999931
desk/desk_0257,12,17557,17821,29.069399999571033,26.11839999735821,0.8808999991742894,5.714800005080178,24.436100000457373,219.45729999424657,10.407000001578126,474.2712999941432,12,12,12,12,56.06869999610353,60.90260000200942,254.30039999628207,718.1646999888471
desk/desk_0261,12,25537,20998,42.388499998196494,38.202600000659004,0.8449000015389174,5.6240999983856454,34.81230000033975,341.22950000164565,13.693100001546554,680.3020000006654,36,35,12,12,81.43600000039442,86.21519999724114,389.73490000353195,1056.3438000026508
desk/desk_0263,12,6980,13553,15.260599997418467,13.378600000578444,0.818799999251496,5.592200002865866,16.182499995920807,109.53990000416525,6.874399994558189,200.53940000070725,12,12,12,12,29.457999997248407,34.23140000086278,132.59679999464424,326.2618000007933
desk/desk_0269,12,18754,24995,38.11929999938002,31.64210000250023,0.843399997393135,5.651500003295951,32.17230000154814,218.95349999977043,11.081700002250727,487.2140000006766,12,12,14,14,70.60479999927338,75.4129000051762,262.2075000035693,738.3398000019952
door/door_0110,13,7302,18631,19.36530000239145,17.199000001710374,0.8144000021275133,5.9732999943662435,49.107099999673665,106.9128000017372,7.894599999417551,228.66670000075828,13,13,13,13,37.37870000622934,42.53759999846807,163.9145000008284,384.68660000216914
door/door_0112,13,7281,18438,17.584299996087793,17.322300001978874,0.858799998241011,5.757500002800953,15.936299998429604,106.39059999812162,7.346300000790507,220.40649999689776,13,13,13,13,35.76539999630768,40.66410000086762,129.67319999734173,342.733399993449
door/door_0113,13,8184,15102,14.890200000081677,12.632800004212186,0.8263999989139847,5.734999998821877,13.810199998260941,113.36270000174409,7.52469999861205,244.34720000135712,11,13,13,13,28.349400003207847,33.25800000311574,134.69759999861708,371.52010000136215
door/door_0114,13,6245,8245,10.554100001172628,7.47140000021318,0.8329999982379377,5.7226999997510575,9.812200005399063,100.44789999665227,7.026899998891167,215.9417000002577,13,13,13,13,18.858499999623746,23.748200001136865,117.2870000009425,326.201800002309
door/door_0115,13,4250,9233,7.865600004151929,5.429799995908979,0.8175000039045699,5.749299998569768,7.255600001371931,78.23849999840604,6.667300003755372,161.03659999498632,11,11,26,26,14.112900003965478,19.044699998630676,92.16140000353334,246.5306999947643
door/door_0117,13,10725,17899,20.19099999597529,18.88920000055805,0.8615000042482279,5.753299999923911,16.673499994794838,136.11340000352357,9.51550000172574,304.1315999944345,13,13,13,13,39.941700000781566,44.83349999645725,162.30240000004414,456.9184999927529
door/door_0119,13,9171,23058,17.873700002382975,15.113599998585414,0.8125000022118911,5.685599993739743,15.926700005366001,121.77130000054603,7.633299996086862,263.0602999997791,4,13,13,13,33.79980000318028,38.67289999470813,145.3313000019989,400.7583000056911
door/door_0121,13,13735,17156,26.68930000072578,22.15539999451721,0.8393000025535002,5.6790000016917475,20.582099998136982,169.48979999870062,9.633299996494316,379.8464999999851,13,14,13,13,49.68399999779649,54.52369999693474,199.70519999333192,569.9183999968227
door/door_0123,13,10228,18238,18.505799998820294,16.032899999117944,0.8281000045826659,5.7194999972125515,16.992999997455627,129.41890000365674,7.817900004738476,286.4024000009522,13,13,13,13,35.366800002520904,40.25819999515079,154.22980000585085,432.81430000206456
door/door_0128,13,11152,10752,19.693900001584552,17.31119999749353,0.8489000028930604,5.665500000759494,16.811499997857027,136.1421999972663,8.968100002675783,313.6309999972582,13,13,11,11,37.854000001971144,42.67059999983758,161.9217999977991,466.5846999923815
dresser/dresser_0202,14,52718,41671,119.69479999970645,66.26009999308735,0.822600006358698,5.679999994754326,64.10780000442173,532.8892999968957,31.91099999821745,1294.335400001728,14,14,14,14,186.7774999991525,191.63489998754812,628.9080999995349,1891.3325000030454
dresser/dresser_0213,14,20749,19639,70.24540000566049,33.30769999593031,0.9194000012939796,5.6468999973731115,34.61470000183908,233.63229999813484,13.158299996575806,568.0429000058211,14,14,14,14,104.47250000288477,109.1999999989639,281.40529999654973,836.2899000057951
dresser/dresser_0224,14,28421,27000,48.11589999735588,42.89860000426415,0.8302999995066784,5.673399995430373,38.279899999906775,317.89540000318084,14.905200005159713,772.5153999999748,23,14,14,14,91.84480000112671,96.68789999705041,371.0805000082473,1128.6907000030624
dresser/dresser_0228,14,39922,34182,63.73780000285478,57.06559999816818,0.843399997393135,5.8327000006102026,49.61850000108825,406.3222999975551,20.025699996040203,995.7657999984804,14,14,14,14,121.6467999984161,126.63610000163317,475.96649999468355,1451.7065999971237
dresser/dresser_0235,14,31613,30215,53.387399995699525,54.11100000492297,0.8405999979004264,5.8866999970632605,98.97490000003017,342.23510000447277,17.765299999155104,804.4045999995433,23,23,14,14,108.33899999852292,113.38509999768576,458.97530000365805,1245.6146000040462
dresser/dresser_0236,14,13287,10473,23.378999998385552,21.02759999979753,0.8751000059419312,6.053299999621231,24.212500000430737,175.1326999947196,10.524400000576861,376.9202999974368,23,8,23,23,45.281700004125014,50.459899997804314,209.86959999572719,576.2654999925871
dresser/dresser_0242,14,21099,14033,42.82960000273306,32.72399999696063,0.865699999849312,6.23020000057295,37.21209999639541,256.4064000034705,14.124699999229051,597.7512999961618,14,14,14,14,76.419299999543,81.78380000026664,307.74319999909494,891.3697999960277
dresser/dresser_0248,14,35561,22415,84.30179999413667,49.10840000229655,0.8791000000201166,6.069600000046194,44.82129999814788,387.3479000030784,18.965000002935994,958.242099994095,14,14,14,14,134.28929999645334,139.47979999647941,451.13420000416227,1390.4112999953213
dresser/dresser_0249,14,10830,15305,20.702200003142934,18.466999994416256,0.8636000056867488,5.950499995378777,22.15250000153901,140.09729999816045,8.484300000418443,322.935399999551,22,22,14,14,40.03280000324594,45.11969999293797,170.7341000001179,485.1851999992505
dresser/dresser_0281,14,34777,21688,51.20159999933094,45.93069999828003,0.8464999991701916,5.863500002305955,40.96180000487948,350.5583999940427,16.29740000498714,864.6726000006311,14,14,14,14,97.97879999678116,102.99579999991693,407.8176000039093,1256.1927999995532
flower_pot/flower_pot_0151,15,15149,88858,26.918399998976383,22.61949999956414,0.8374000026378781,5.735999999160413,24.94519999891054,199.18809999944642,10.467000000062399,432.474799999909,33,33,19,19,50.3753000011784,55.27389999770094,234.60029999841936,656.608099998266
flower_pot/flower_pot_0154,15,15079,66951,25.26679999573389,20.31390000047395,0.855099999171216,5.731900004320778,67.95259999489645,196.15770000382327,9.990699996706098,426.3016000040807,26,26,26,26,46.43579999537906,51.31260000052862,274.1009999954258,690.4119000028004
flower_pot/flower_pot_0156,15,16696,70819,25.33889999904204,21.422700003313366,0.8835999979055487,6.080400002247188,27.719400000933092,235.88459999882616,12.215299997478724,508.9961999983643,26,26,26,26,47.64520000026096,52.842000004602596,275.819299997238,772.6001999981236
flower_pot/flower_pot_0157,15,42043,65606,95.92330000305083,51.62759999802802,0.854900004924275,5.747999995946884,47.335800001746975,455.55220000096597,19.9198999980581,1059.012600002461,26,26,26,26,148.40580000600312,153.29889999702573,522.807900000771,1561.900600005174
flower_pot/flower_pot_0160,15,17648,77692,28.318699994997587,25.142300000879914,0.8213000037358142,5.819999998493586,29.30670000205282,217.67329999420326,11.647799998172559,488.3421999984421,37,37,15,15,54.282299999613315,59.280999994371086,258.62779999442864,735.3221999946982
flower_pot/flower_pot_0162,15,25012,41133,39.87950000009732,32.30040000198642,0.8398999998462386,5.894599999010097,32.26379999978235,306.8679999996675,14.93040000059409,712.4708999981522,37,37,10,10,73.01980000192998,78.07450000109384,354.06220000004396,1051.602699997602
flower_pot/flower_pot_0163,15,16465,66704,26.05809999658959,22.91230000264477,0.8258000016212463,5.823199993756134,24.68370000133291,207.3662000038894,10.913399994024076,469.35570000641746,37,37,37,37,49.796200000855606,54.793599992990494,242.96329999924637,701.4056000116398
flower_pot/flower_pot_0164,15,25061,105751,38.681599995470606,33.02980000444222,0.8412999959546141,5.873200003406964,31.827799997699913,349.410100003297,14.868300000671297,702.0158999948762,15,37,26,26,72.55269999586744,77.58460000331979,396.1062000016682,1083.2537999958731
flower_pot/flower_pot_0167,15,7736,16882,13.4087999977055,11.845100001664832,0.8652999968035147,5.715400002372917,14.284199998655822,108.10160000255564,7.155800005421042,223.06430000026012,37,37,26,26,26.119199996173847,30.96930000174325,129.5416000066325,345.4501000014716
flower_pot/flower_pot_0169,15,8394,37477,14.494700000796001,10.437900004035328,0.8541999995941296,5.702099995687604,16.141700005391613,127.44019999809097,8.157500000379514,256.6564000007929,5,26,26,26,25.78680000442546,30.634700000518933,151.7394000038621,400.2383000042755
glass_box/glass_box_0182,16,9059,12516,18.120700005965773,12.833499997213949,0.9548000016366132,6.257799999730196,18.565300000773277,132.26220000069588,8.0422000028193,283.2689999995637,11,11,11,11,31.909000004816335,37.21200000290992,158.86970000428846,434.09650000103284
glass_box/glass_box_0183,16,57093,39493,107.7856999982032,66.21110000560293,0.8462999976472929,5.770199997641612,59.7568000011961,549.5635000042967,24.004700004297774,1364.2047999965143,16,16,16,16,174.84310000145342,179.76700000144774,633.3250000097905,1973.525100002007
glass_box/glass_box_0184,16,24865,23659,44.70880000008037,43.28249999525724,0.8390000002691522,5.830499998410232,41.02950000378769,267.7572999964468,14.17129999754252,633.1313999980921,16,16,16,16,88.83029999560677,93.82179999374785,322.958099997777,941.9181999983266
glass_box/glass_box_0200,16,24809,24450,42.98630000266712,38.82790000352543,0.8414999974775128,5.670500002452172,36.4592999976594,273.74330000020564,12.858599999162834,611.3010999979451,16,16,16,16,82.65570000367006,87.48470000864472,323.06119999702787,921.5036999958102
glass_box/glass_box_0201,16,30773,27623,92.75530000013532,54.20179999782704,0.8238000009441748,6.489899998996407,54.96030000358587,338.0212999982177,16.45490000373684,772.2148999964702,16,16,16,16,147.78089999890653,153.44699999695877,409.43650000554044,1165.1964999982738
glass_box/glass_box_0221,16,26195,25802,81.70480000262614,46.40030000155093,1.01120000181254,6.201799995324109,42.762700002640486,302.8459999986808,14.923999995517079,676.303200001712,16,16,16,16,129.11630000598961,134.30689999950118,360.53269999683835,1021.9119000030332
glass_box/glass_box_0224,16,18145,20609,36.133200002950616,36.539900000207126,0.8395000040763989,5.927499994868413,33.813300004112534,229.37280000041937,12.313799998082686,511.88099999853875,16,16,16,16,73.51260000723414,78.60059999802615,275.4999000026146,775.0671000030707
glass_box/glass_box_0236,16,12853,17156,29.39440000045579,27.842199997394346,1.0127999994438142,5.9955999968224205,25.865000003250316,168.5894999973243,9.909100001095794,357.2442999939085,16,16,16,16,58.24939999729395,63.232199994672555,204.36360000167042,551.6987999944831
glass_box/glass_box_0237,16,18117,21377,37.32200000376906,37.05039999476867,0.8239000017056242,6.042400003934745,31.683999994129408,216.60400000109803,11.347899999236688,462.96129999973346,27,16,16,16,75.19630000024335,80.41480000247248,259.6358999944641,711.2492999949609
glass_box/glass_box_0271,16,20623,22294,37.18469999876106,36.31859999586595,0.8968000038294122,5.696899999747984,31.996600002457853,239.14059999515302,12.044800001604017,533.0971999937901,16,16,16,16,74.40009999845643,79.200199994375,283.1819999992149,804.234399991401
guitar/guitar_0159,17,3459,13307,6.567800002812874,3.8664999956381507,0.8157000047503971,5.855799994606059,8.517300004314166,77.57619999756571,6.456700000853743,137.01990000117803,17,17,17,17,11.250000003201421,16.290099993057083,92.55020000273362,223.1134000030579
guitar/guitar_0169,17,2682,14590,5.917300004512072,3.427600000577513,0.8157999982358888,5.714499995519873,5.117200002132449,67.7025000040885,6.533200001285877,114.41979999653995,17,17,17,17,10.160700003325474,15.059400000609457,79.35290000750683,187.2395000027609
guitar/guitar_0177,17,3130,12889,53.496399996220134,3.885000005539041,0.8437999931629747,5.618900002446026,5.364399999962188,73.58879999810597,6.368100002873689,117.53939999471186,17,17,17,17,58.22519999492215,63.0003000042052,85.32130000094185,196.49259999278001
guitar/guitar_0178,17,2080,10598,6.178600000566803,2.671999995072838,0.8197999995900318,6.24420000531245,4.753299996082205,68.80770000134362,5.975100000796374,99.52229999908013,18,17,17,17,9.670399995229673,15.094800000952091,79.5360999982222,173.08329999650596
guitar/guitar_0186,17,2752,11077,4.988199994841125,2.730500003963243,0.8802000011201017,5.653599997458514,4.074500000569969,70.61119999707444,6.365799999912269,110.76700000558048,17,17,17,17,8.59889999992447,13.372299996262882,81.05149999755668,185.4527000032249
guitar/guitar_0192,17,2885,14136,5.491500000061933,3.3888999969349243,0.8281000045826659,5.68819999898551,4.834300001675729,74.34569999895757,6.357699996442534,119.17499999981374,17,17,17,17,9.708500001579523,14.568599995982368,85.53769999707583,198.35500000044703
guitar/guitar_0209,17,3613,11836,8.079300001554657,4.757599999720696,0.8221000025514513,5.785399996966589,5.986299998767208,83.39089999935823,6.375700002536178,141.34130000456935,17,17,17,17,13.659000003826804,18.622299998241942,95.75290000066161,230.71850000269478
guitar/guitar_0239,17,2318,8938,4.9079000018537045,2.315099998668302,0.8175000039045699,5.730899996706285,3.857099996821489,65.43620000593364,6.8061999991186894,99.856799999543,17,17,17,17,8.040500004426576,12.95389999722829,76.09950000187382,169.15010000229813
guitar/guitar_0245,17,3123,12887,5.91609999537468,3.512600000249222,0.8774000016273931,5.766000002040528,4.876799997873604,75.4875999991782,6.720100005622953,123.26009999378584,17,17,17,17,10.306099997251295,15.19469999766443,87.08450000267476,203.62449999083765
guitar/guitar_0253,17,3690,21185,8.494100002280902,5.278699994960334,0.8601000008638948,5.767800001194701,7.335100002819672,83.90510000026552,6.312099998467602,143.86999999987893,17,17,17,17,14.632899998105131,19.540599998435937,97.5523000015528,235.11020000296412
keyboard/keyboard_0146,18,6784,31106,20.20230000198353,10.778899995784741,0.9508000002824701,5.735200000344776,14.046700001927093,119.1190000026836,6.995000003371388,213.09969999856548,18,18,0,0,31.931999998050742,36.71639999811305,140.1607000079821,346.2654000031762
keyboard/keyboard_0148,18,4446,11499,10.37009999708971,5.9742000012192875,0.83969999832334,5.647799996950198,8.69560000137426,97.80080000200542,7.335299997066613,167.40560000471305,18,18,18,18,17.183999996632338,21.992099995259196,113.83170000044629,273.9020000080927
keyboard/keyboard_0149,18,8597,41375,20.346599994809367,13.114900000800844,0.8061000044108368,5.911100000957958,40.965499996673316,131.52650000120047,8.067700000538025,243.0268000025535,18,18,18,18,34.26760000002105,39.37259999656817,180.55969999841182,415.5188000004273
keyboard/keyboard_0152,18,9444,44291,22.587300001760013,20.549100001517218,0.83969999832334,5.669400001352187,19.097899996268097,152.34500000224216,8.406199995079078,278.670300001977,18,18,18,18,43.97610000160057,48.80580000462942,179.84909999358933,450.11320000048727
keyboard/keyboard_0156,18,6889,33306,15.99749999877531,11.699599999701604,0.833700003568083,5.7986999963759445,13.55860000330722,118.72020000009798,8.466599996609148,215.69080000335816,18,18,18,18,28.530800002044998,33.49579999485286,140.74540000001434,347.96960000676336
keyboard/keyboard_0157,18,8744,40575,24.075799999991432,22.170999996887986,0.8289000033983029,5.793599993921816,19.40100000501843,134.53129999834346,9.355299996968824,249.39879999874393,18,18,18,18,47.07570000027772,52.040399990801234,163.2876000003307,403.3311000021058
keyboard/keyboard_0158,18,6903,50122,16.557900002226233,19.645400003355462,1.2809999971068464,10.354500001994893,17.15120000153547,128.27909999759868,9.51830000121845,225.0010999996448,18,18,18,18,37.48430000268854,46.55780000757659,154.9486000003526,370.43139999877894
keyboard/keyboard_0160,18,9059,28718,18.567899998743087,15.660099998058286,0.8432000031461939,6.14349999523256,16.035200002079364,134.18770000134828,8.746799998334609,245.66900000354508,18,18,18,18,35.07119999994757,40.37149999203393,158.96970000176225,395.8919000069727
keyboard/keyboard_0161,18,5405,22206,12.453200004529208,10.29009999911068,0.8922999986680225,5.982000002404675,11.887599997862708,107.114400001592,8.142200000293087,190.04329999734182,0,18,18,18,23.63560000230791,28.725300006044563,127.1441999997478,309.04529999679653
keyboard/keyboard_0162,18,9920,34876,17.929400004504714,14.109299998381175,0.8509999970556237,5.685100004484411,14.665900002000853,149.84999999433057,8.2094999961555,280.3926999986288,33,33,18,18,32.88969999994151,37.7238000073703,172.72539999248693,444.90859999496024
lamp/lamp_0125,19,1940,10856,3.806000000622589,2.0131999990553595,0.8085000008577481,5.759699997724965,4.786199999216478,60.14590000268072,6.363300002703909,96.8496999994386,11,19,8,8,6.627700000535697,11.578899997402914,71.2954000046011,161.7818000013358
lamp/lamp_0126,19,6532,35415,11.847899993881583,9.17200000549201,0.8343999943463132,5.6947000048239715,9.512899996479973,113.8894000032451,6.964799998968374,216.4714999962598,19,19,19,19,21.854299993719906,26.714600004197564,130.36709999869345,339.8737999959849
lamp/lamp_0127,19,16941,67102,23.94320000166772,20.90160000079777,0.8291999984066933,5.83090000145603,20.869499996479135,219.4658000007621,14.269200000853743,500.4123999970034,37,37,19,19,45.674000000872184,50.67570000392152,254.60449999809498,740.7476999942446
lamp/lamp_0130,19,4292,6986,7.73289999779081,5.587100000411738,0.8707000015419908,5.716200001188554,8.3809999996447,77.17779999802588,7.342099997913465,148.36060000379803,19,37,4,4,14.190699999744538,19.0361999993911,92.90089999558404,233.9194000014686
lamp/lamp_0131,19,16493,41308,68.06929999584099,26.624999998603016,0.8407999994233251,5.822600003739353,24.131199999828823,223.7271999983932,11.029500004951842,459.49280000058934,19,37,19,19,95.53509999386733,100.51689999818336,258.88790000317385,707.3511999988114
lamp/lamp_0132,19,2556,16572,6.111299997428432,3.201999999873806,0.8201000018743798,6.438999997044448,6.905900001584087,65.88339999871096,7.236400000692811,109.6350000007078,13,19,37,37,10.133399999176618,15.752299994346686,80.02570000098785,182.42430000100285
lamp/lamp_0134,19,3872,15521,7.350799998675939,4.013599995232653,0.8104000007733703,6.907700000738259,8.103799998934846,78.6937000011676,6.744000005710404,158.81019999505952,19,19,19,19,12.174799994681962,18.27209999464685,93.54150000581285,245.60769999516197
lamp/lamp_0136,19,2724,13268,5.955699998594355,2.645599997777026,0.8553000006941147,6.91950000327779,4.986100000678562,69.46859999879962,6.4828999966266565,119.76500000309898,19,19,19,19,9.456599997065496,15.52079999964917,80.93759999610484,194.21970000257716
lamp/lamp_0139,19,3872,8083,9.292399998230394,5.07859999925131,1.0341000015614554,6.56170000002021,8.222700002079364,79.13700000062818,6.136500000138767,151.78789999481523,19,19,19,19,15.40509999904316,20.932699997501913,93.49620000284631,239.14759999752278
lamp/lamp_0140,19,7701,21265,18.520799996622372,13.882200000807643,0.822000001790002,5.654900000081398,14.758699995581992,114.67040000570705,7.710000005317852,227.15859999880195,5,5,19,19,33.22499999922002,38.05789999751141,137.1391000066069,356.587700000091
laptop/laptop_0150,20,17536,16949,65.93070000235457,30.607699998654425,0.8276000007754192,5.656000001181383,27.005199997802265,240.6191999980365,11.270599999988917,487.7333999975235,20,20,20,20,97.36600000178441,102.19440000219038,278.8949999958277,755.3577999933623
laptop/laptop_0151,20,7057,11649,16.690500000549946,14.426000001549255,0.8426999993389472,5.854299997736234,16.08449999912409,118.53630000405246,8.148399996571243,232.19200000312412,20,20,20,20,31.95920000143815,36.970799999835435,142.7691999997478,366.8128000063007
laptop/laptop_0153,20,15352,11858,34.01540000049863,31.71479999582516,0.8229000013670884,5.6534999966970645,26.481600005354267,178.7754999968456,9.153999999398366,382.1693999998388,20,20,20,20,66.55309999769088,71.38369999302085,214.41110000159824,587.4265000020387
laptop/laptop_0161,20,11299,21511,29.46439999504946,30.610100002377294,0.8308000033139251,6.403999999747612,27.033699996536598,165.20409999793628,9.05639999837149,335.819599997194,20,20,20,20,60.90530000074068,66.47849999717437,201.29419999284437,528.0573999916669
laptop/laptop_0162,20,10802,9397,24.19240000017453,23.715199997241143,1.0425000000395812,6.05129999894416,22.052100001019426,155.91739999945275,8.675199998833705,319.78349999553757,20,20,20,20,48.950099997455254,53.95889999635983,186.64469999930589,497.75299999600975
laptop/laptop_0164,20,15303,10908,26.666199999453966,24.653100001160055,0.8624999973108061,5.8611000058590434,23.221099996590056,189.8259000008693,9.712099999887869,395.99879999877885,20,20,20,20,52.18179999792483,57.180400006473064,222.75909999734722,609.0457999962382
laptop/laptop_0166,20,16430,11885,71.80320000043139,28.101100004278123,0.9280999947804958,6.202299999131355,26.864800005569123,180.3215999971144,10.604800001601689,379.1614000001573,20,20,20,20,100.83239999949001,106.10660000384087,217.7912000042852,586.3478000028408
laptop/laptop_0167,20,21407,23911,41.21980000491021,30.794599995715544,0.8383000022149645,5.6941000002552755,37.25739999936195,255.445900002087,12.407599999278318,557.7039999989211,20,20,20,20,72.85270000284072,77.70850000088103,305.11090000072727,850.40730000037
laptop/laptop_0168,20,12069,12574,53.49669999850448,17.563600005814806,0.8291999984066933,5.821799997647759,20.104000002902467,166.63379999954486,9.412100000190549,345.94320000178413,20,20,20,20,71.88950000272598,76.88210000196705,196.14990000263788,532.6810000042315
laptop/laptop_0169,20,21407,17929,39.63900000235299,36.126499995589256,0.8644000045023859,5.785999994259328,32.20700000383658,242.71349999617087,11.684400000376627,544.6384000024409,20,20,20,20,76.62990000244463,81.55149999220157,286.6049000003841,819.5589000024484
mantel/mantel_0299,21,20693,31449,36.199100002704654,33.2191999987117,0.8405999979004264,5.730900003982242,32.272399999783374,242.45809999410994,11.7272999996203,545.2338999966742,21,21,21,21,70.25889999931678,75.1492000053986,286.4577999935136,819.9643999905675
mantel/mantel_0313,21,18908,21502,33.03539999615168,28.19590000581229,0.8641999957035296,5.599099997198209,28.241300002264325,219.04319999885047,11.688999999023508,513.1585999988602,21,21,21,21,62.0954999976675,66.83039999916218,258.9735000001383,760.443099999975
mantel/mantel_0315,21,17970,21041,31.186999993224163,26.663800003007054,0.8275000000139698,5.7920999970519915,26.508900002227165,208.44750000105705,11.070100001234096,478.86750000179745,21,21,21,21,58.67829999624519,63.64289999328321,246.0265000045183,713.8239000050817
mantel/mantel_0327,21,30871,30526,46.4711000022362,44.60419999668375,0.9258000063709915,5.726299998059403,86.8343999973149,326.80709999840474,15.687400002207141,768.5923000026378,21,21,21,21,92.00110000529094,96.80159999697935,429.3288999979268,1182.2337999983574
mantel/mantel_0332,21,20357,30274,46.375500001886394,34.3940999955521,0.8320000051753595,5.795199998829048,71.67359999584733,239.87440000200877,12.374700003420003,534.3542999980855,21,21,21,21,81.60160000261385,86.56479999626754,323.9227000012761,845.9022999959416
mantel/mantel_0333,21,17872,22797,33.04329999809852,30.365999999048654,0.9212000004481524,6.709699999191798,31.42469999875175,217.84380000462988,13.37289999355562,513.5469000015291,4,4,4,4,64.33049999759533,70.11899999633897,262.64139999693725,762.8154000049108
mantel/mantel_0357,21,18894,25088,36.65750000072876,34.86179999890737,1.127300005464349,6.594799997401424,31.360799999674782,226.3232000041171,11.826399997517,519.0981999985524,21,21,21,21,72.64660000510048,78.11409999703756,269.5104000013089,776.7822000023443
mantel/mantel_0376,21,42246,38237,63.78460000269115,58.4000999951968,1.0293000013916753,5.871100001968443,49.8204999967129,430.5385000043316,20.223899999109562,1065.117400001327,21,21,21,21,123.21399999927962,128.0557999998564,500.58290000015404,1545.4764000023715
mantel/mantel_0377,21,19930,31651,35.647799995786045,33.300399998552166,0.8405000044149347,5.909799998335075,33.35420000075828,219.92589999717893,11.317800002871081,483.4054999955697,21,21,21,21,69.78869999875315,74.85799999267329,264.5979000008083,736.6855999935069
mantel/mantel_0378,21,30766,33007,94.11589999945136,50.12920000444865,0.8385999972233549,5.9422000049380586,49.20809999748599,347.02670000115177,15.289299997675698,809.7500000003492,21,21,21,21,145.08370000112336,150.18730000883806,411.52409999631345,1205.984799998987
monitor/monitor_0485,22,19349,23402,39.9122000017087,31.309199999668635,0.8307000025524758,5.889199994271621,64.98439999995753,219.40190000168514,11.933800000406336,523.8221000035992,22,22,22,22,72.05210000392981,77.11059999564895,296.320100002049,808.2084000052419
monitor/monitor_0492,22,11369,20513,23.510600003646687,21.96659999754047,0.8271000042441301,5.919399998674635,21.697199998016004,145.12329999706708,8.849099998769816,317.74700000096345,13,22,22,22,46.30430000543129,51.39659999986179,175.6695999938529,484.56749999604654
monitor/monitor_0506,22,30829,37328,48.3749999984866,43.66719999961788,0.8521000054315664,5.77079999493435,39.237700002558995,323.6313000015798,15.76270000077784,824.4469999990542,23,23,14,14,92.89430000353605,97.81299999303883,378.63170000491664,1187.316000003193
monitor/monitor_0512,22,6903,18483,21.46329999959562,21.186099998885766,0.8199000003514811,6.092499999795109,21.079400001326576,110.91789999773027,7.603999998536892,225.85690000414615,22,22,22,22,43.46929999883287,48.741899998276494,139.60129999759374,357.854200003203
monitor/monitor_0521,22,20182,26483,34.66840000328375,32.98910000012256,0.8562000002712011,5.760699998063501,28.906499996082857,216.50290000252426,12.173600000096485,522.466299997177,22,22,22,22,68.51370000367751,73.41820000146981,257.5829999987036,767.8756999957841
monitor/monitor_0531,22,25901,33323,39.42020000249613,37.498400000913534,0.8533000000170432,5.791800002043601,35.22369999700459,290.78979999758303,13.95549999870127,669.8452999989968,22,22,22,22,77.77190000342671,82.71040000545327,339.9689999932889,995.8587999935844
monitor/monitor_0538,22,10886,21728,70.1788000005763,18.662599999515805,1.0994000040227547,6.434099996113218,20.588600003975444,145.24289999826578,8.314499995321967,314.11020000086864,22,22,22,22,89.94080000411486,95.27549999620533,174.1459999975632,479.9417000031099
monitor/monitor_0546,22,10655,10216,20.67930000339402,17.464399999880698,0.8413999967160635,5.593200003204402,23.344699999142904,138.40340000024298,8.331199998792727,302.61199999949895,22,22,22,22,38.98509999999078,43.73690000647912,170.0792999981786,464.36009999888483
monitor/monitor_0551,22,11187,34041,27.196999995794613,24.37330000248039,0.8230000021285377,5.583999998634681,25.713999995787162,143.03400000062538,7.77360000211047,295.114199994714,22,22,22,22,52.39330000040354,57.154299996909685,176.52159999852302,463.86219999112654
monitor/monitor_0552,22,7813,20272,48.571999999694526,14.946600000257604,0.8267000011983328,5.694599996786565,15.694800000346731,108.39710000436753,8.3398999995552,225.0043999956688,22,22,22,22,64.34530000115046,69.2131999967387,132.43180000426946,349.09630000038305
night_stand/night_stand_0207,23,22422,19379,41.015900002093986,37.004199999501,0.8358999984920956,6.868899996334221,39.50260000419803,270.49999999871943,13.42510000540642,596.0846999951173,33,33,33,33,78.85600000008708,84.8889999979292,323.4277000083239,906.0872999980347
night_stand/night_stand_0211,23,38984,33699,55.276599996432196,49.46850000123959,0.8855999985826202,6.06089999928372,47.0872000005329,418.3201999985613,19.90779999323422,1007.326800005103,23,23,23,23,105.6306999962544,110.8059999969555,485.3151999923284,1472.7342000041972
night_stand/night_stand_0225,23,49337,35392,64.51319999905536,58.79030000505736,0.818499996967148,5.792500000097789,56.56190000445349,546.2547999995877,22.003500002028886,1168.394599997555,23,23,23,23,124.12200000107987,129.0960000042105,624.8202000060701,1771.211300001596
night_stand/night_stand_0227,23,17445,22597,29.884700001275633,28.127899997343775,0.8999999990919605,5.737200001021847,35.5414000005112,214.21550000377465,11.160999994899612,490.2455999981612,23,14,23,23,58.91259999771137,63.749799999641255,260.91789999918547,740.002500002447
night_stand/night_stand_0232,23,39166,28465,96.90820000105305,52.341999995405786,0.8407000059378333,5.696699998225085,47.74409999663476,402.3913999990327,18.378600005235057,940.3746999960276,23,23,23,23,150.09090000239667,154.94689999468392,468.51410000090254,1390.5101999916951
night_stand/night_stand_0241,23,15989,11460,30.685799996717833,24.742200002947357,0.8401000013691373,5.916399997659028,27.87030000035884,187.0959000007133,10.174399998504668,434.64959999982966,23,14,14,14,56.26810000103433,61.34439999732422,225.1405999995768,649.6158000009018
night_stand/night_stand_0243,23,25040,20559,40.55299999890849,37.962500005960464,0.8241999967140146,5.776199999672826,34.11220000270987,290.5100999996648,14.016700006322935,670.6409999969765,23,23,23,23,79.33970000158297,84.29170000454178,338.6390000086976,995.2632999993511
night_stand/night_stand_0257,23,41826,27187,56.30319999909261,52.65250000229571,0.8686000001034699,5.746299997554161,48.08279999997467,429.7565000015311,19.910799994249828,1084.0190000017174,23,14,14,14,109.82430000149179,114.70199999894248,497.7500999957556,1561.8583000032231
night_stand/night_stand_0272,23,23857,30832,87.73180000571301,34.348299996054266,0.8197999995900318,6.009199998516124,36.44250000070315,271.8227000004845,14.98130000254605,652.2486999965622,14,14,14,14,122.89990000135731,128.0893000002834,323.2465000037337,960.5138999977498
night_stand/night_stand_0278,23,25698,25830,47.965099998691585,37.210599999525584,0.8393000025535002,5.696400003216695,45.88829999556765,324.2930000051274,13.58079999772599,651.1882000049809,33,33,33,33,86.01500000077067,90.87210000143386,383.76209999842104,1021.369500005676
person/person_0089,24,6987,41097,12.726000000839122,10.18859999749111,0.8111999995890073,5.631500003801193,14.462200000707526,111.2853999948129,7.4280999979237095,221.53300000354648,13,24,24,24,23.72579999791924,28.546100002131425,133.17569999344414,347.2805999990669
person/person_0090,24,9052,62587,17.852999997558072,15.634299998055212,0.8392000017920509,5.804100001114421,15.549799994914792,125.76240000635153,7.733099999313708,253.34700000530574,37,37,24,24,34.326499997405335,39.291399996727705,149.04530000058003,394.65920000657206
person/person_0091,24,8758,56254,18.904899996414315,14.039800000318792,0.8393000025535002,5.938700000115205,15.223700000206009,124.62439999944763,8.694600001035724,256.65440000011586,24,4,5,5,33.78399999928661,38.88339999684831,148.54270000068936,396.5024999997695
person/person_0096,24,6427,41703,12.535299996670801,9.855199998128228,0.8277000015368685,5.794400000013411,11.654399997496512,99.29740000370657,8.534199994755909,194.8945000040112,24,24,26,26,23.218199996335898,28.18489999481244,119.48599999595899,305.8463000052143
person/person_0099,24,5195,36595,11.926000006496906,8.218899994972162,0.8100999984890223,5.844000006618444,9.742599999299273,86.11159999418305,6.415299998479895,163.19739999744343,24,24,15,15,20.95499999995809,25.988900008087512,102.26949999196222,259.05159999092575
person/person_0101,24,1772,8357,4.886000002443325,2.3705999992671423,0.924300002225209,6.751499997335486,4.313099998398684,54.36090000148397,6.152200003270991,89.26439999777358,26,11,26,26,8.180900003935676,14.008099999045953,64.82620000315364,147.93839999765623
person/person_0102,24,4803,33853,11.220699998375494,9.011800000735093,0.9640999996918254,6.1671000003116205,8.754700000281446,82.698000005621,6.455199996707961,149.362200005271,24,24,24,24,21.196599998802412,26.399599999422207,97.9079000026104,240.81490001117345
person/person_0103,24,3725,28309,9.563799998431932,6.256300002860371,0.8237000001827255,5.902899996726774,7.757100000162609,73.49100000283215,6.337300001177937,128.22760000562994,5,24,24,24,16.64380000147503,21.722999998019077,87.5854000041727,209.4757000086247
person/person_0106,24,5965,38481,12.92739999917103,8.711499998753425,1.1349999986123294,7.147399999666959,9.716100001242012,97.4796000009519,7.027100000414066,203.49739999801386,24,24,24,24,22.773899996536784,28.786299997591414,114.22280000260798,310.6931000002078
person/person_0108,24,5839,40212,14.485399995464832,12.323299997660797,0.9512000033282675,5.718100001104176,10.39409999793861,91.72830000170507,6.850899997516535,176.84469999949215,37,4,26,26,27.759899996453896,32.526799994229805,108.97329999716021,278.9670999991358
piano/piano_0233,25,29051,49930,42.141199999605305,40.76260000147158,0.8272000050055794,5.874700000276789,35.05359999689972,327.0524999970803,15.142700001888443,762.6165999972727,25,25,25,25,83.73100000608247,88.77850000135368,377.24879999586847,1124.7226999912527
piano/piano_0242,25,10116,38450,19.501700000546407,17.96240000112448,0.836799998069182,5.756600003223866,19.75539999693865,142.591399999219,8.345900001586415,282.6758000010159,25,25,25,25,38.30089999974007,43.22070000489475,170.69269999774406,445.02259999717353
piano/piano_0256,25,22597,19834,82.15840000048047,34.592699994391296,0.8280000038212165,5.705399998987559,31.357799998659175,264.3744000015431,12.751499998557847,598.7104000014369,3,36,25,25,117.57909999869298,122.45649999385932,308.48369999876013,894.4426000016392
piano/piano_0259,25,21330,21078,45.02639999554958,32.497699998202734,0.8694999996805564,5.753600002208259,68.01540000014938,241.51400000118883,12.8642999989097,562.7676000003703,25,25,25,25,78.39359999343287,83.27769999596057,322.3937000002479,872.2970000017085
piano/piano_0278,25,7428,24020,17.072799993911758,12.904600000183564,0.8747000028961338,5.793800002720673,16.08989999658661,118.73149999883026,8.770399996137712,227.52710000349907,25,25,25,25,30.852099996991456,35.771199996815994,143.59179999155458,362.34849999891594
piano/piano_0294,25,14785,14722,30.02099999866914,26.465800001460593,0.9709999940241687,6.160200005979277,24.614499998278916,196.340099995723,10.590500001853798,426.15350000414765,8,8,25,25,57.4577999941539,62.64700000610901,231.5450999958557,647.1080999981496
piano/piano_0303,25,8240,32713,16.974800004391,14.258700000937097,0.8432999966316856,5.696400003216695,16.536499999347143,131.6062999976566,7.7306999955908395,258.38450000446755,25,25,25,25,32.07680000195978,36.92990000854479,155.8734999925946,406.5273000014713
piano/piano_0309,25,17193,33912,31.308200006606057,26.419699999678414,0.8300999979837798,5.660900002112612,25.17269999952987,233.56469999998808,11.18240000505466,476.8753999960609,27,25,25,25,58.55800000426825,63.388800008397084,269.9198000045726,735.6127999955788
piano/piano_0310,25,20007,41309,34.53189999709139,32.52349999820581,0.8298000029753894,5.851499998243526,30.000500002643093,229.5903999984148,11.701299998094328,537.4158999984502,28,28,25,25,67.88519999827258,72.90689999354072,271.2921999991522,797.0067999995081
piano/piano_0312,25,12748,27778,25.007199998071883,21.99030000338098,0.9288999935961328,6.350400006340351,22.289399996225256,179.03250000381377,10.078500003146473,365.19399999815505,25,25,25,25,47.926399995048996,53.347900007793214,211.4004000031855,566.5158999981941
plant/plant_0252,26,8751,40974,25.142099999357015,14.186699998390395,1.0339000000385568,5.784200002381112,13.449899997795,159.27590000501368,9.633699999540113,304.91040000197245,0,26,18,18,40.36269999778597,45.11300000012852,182.3595000023488,477.63620000478113
plant/plant_0267,26,6476,23024,12.10989999526646,9.833399999479298,0.8988000045064837,5.9922000000369735,10.917100000369828,97.24369999457849,8.32030000310624,190.3094000008423,24,24,24,24,22.84209999925224,27.93549999478273,116.48109999805456,298.4701999957906
plant/plant_0276,26,3256,6188,6.705400002829265,3.1747999964863993,0.8177000054274686,5.784299995866604,5.3666000021621585,71.53670000116108,6.62170000578044,130.65459999779705,26,26,26,26,10.697900004743133,15.664499995182268,83.52500000910368,207.5579000011203
plant/plant_0278,26,9332,48700,15.06869999866467,10.644299996783957,0.8100000050035305,5.701699999917764,59.18169999495149,150.49759999965318,7.806300003721844,291.2443000022904,26,26,31,31,26.523000000452157,31.41469999536639,217.4855999983265,500.92359999689506
plant/plant_0281,26,8149,39858,12.698099999397527,9.950300001946744,0.7987999997567385,5.640299998049159,11.464100003649946,123.41279999964172,7.6318999999784864,250.25409999943804,4,4,37,37,23.44720000110101,28.28869999939343,142.50880000327015,385.1310000027297
plant/plant_0304,26,20952,92721,34.803699993062764,25.71390000230167,0.8275000000139698,5.711600002541672,29.83229999517789,275.0155000030645,16.36329999746522,601.8331000013859,26,26,26,26,61.345099995378405,66.22919999790611,321.2110999957076,906.6808999996283
plant/plant_0327,26,5678,35118,41.00959999777842,7.55580000259215,0.8107000030577183,5.860199999005999,10.914799997408409,95.79549999762094,7.032099994830787,181.81750000076136,19,24,15,15,49.37610000342829,54.42559999937657,113.74239998986013,288.5277999957907
plant/plant_0329,26,11187,67699,19.299799998407252,16.550699998333585,0.8218000002671033,5.793399999674875,16.361000001779757,148.39789999678032,8.170299995981622,310.14480000158073,26,26,26,26,36.67229999700794,41.64389999641571,172.9291999945417,474.9037000001408
plant/plant_0336,26,17879,85110,26.62449999479577,22.90260000154376,0.8745000013732351,5.688500001269858,23.28950000082841,235.94859999866458,11.601099999097642,520.3736000039498,26,26,26,26,50.401599997712765,55.21559999760939,270.83919999859063,779.6117000034428
plant/plant_0337,26,19034,95728,29.048800002783537,24.030799999309238,0.8483999990858138,5.757099999755155,25.312199999461882,254.80139999854146,12.241899996297434,559.9371999996947,26,8,26,26,53.92800000117859,58.83670000184793,292.35549999430077,840.050799997698
radio/radio_0105,27,1079,5634,2.6566000015009195,1.211499999044463,0.8014000050025061,5.6351999955950305,5.045400001108646,46.55140000249958,6.159199998364784,66.38999999995576,15,0,26,26,4.669500005547889,9.503299996140413,57.75600000197301,117.98680000356399
radio/radio_0106,27,2115,9436,5.023199999413919,2.507299999706447,0.8225999990827404,5.713200000172947,3.668500001367647,57.21379999886267,6.167800005641766,99.50709999975516,0,9,27,27,8.353099998203106,13.243699999293312,67.05010000587208,160.38939999998547
radio/radio_0107,27,2864,8447,6.0431000019889325,3.147899995383341,0.8176000046660192,5.56749999668682,4.585499998938758,64.55600000481354,6.2612000037916005,118.72569999832194,27,11,15,15,10.008600002038293,14.758499994059093,75.4027000075439,187.86720000207424
radio/radio_0108,27,8044,13327,16.11120000598021,12.415399993187748,1.2718000070890412,8.495799993397668,13.641000005009118,140.33950000157347,8.963500004028901,286.58659999928204,36,36,27,27,29.798400006256998,37.022399992565624,162.9440000106115,440.56710000586463
radio/radio_0111,27,20385,42061,33.53659999993397,39.17949999595294,0.8320000051753595,6.105000000388827,28.586099993844982,251.1039000019082,11.932899993553292,549.6574000062537,10,21,10,10,73.54810000106227,78.82109999627573,291.62289998930646,829.3474000020069
radio/radio_0112,27,14491,19320,23.890899996331427,20.885400001134258,0.8285000003525056,6.018300002324395,22.359700000379235,191.59919999947306,10.139500001969282,400.11699999740813,27,27,27,27,45.60479999781819,50.79459999979008,224.09840000182157,614.0758999972604
radio/radio_0113,27,19587,21515,32.65520000422839,28.137199995398987,0.8212000029743649,6.299399996350985,73.38330000493443,262.53219999489374,14.024999996763654,549.8660000012023,6,2,33,33,61.61360000260174,67.09179999597836,349.9404999965918,885.7815000010305
radio/radio_0115,27,20539,25162,34.99120000196854,32.238100000540726,0.8340999993379228,5.84569999773521,37.48990000167396,253.58789999881992,12.527200000477023,552.4061000032816,27,36,36,36,68.06340000184719,73.07500000024447,303.6050000009709,843.4839000037755
radio/radio_0116,27,29744,64043,81.22659999935422,43.89130000345176,0.8254999993368983,5.732899997383356,39.213500000187196,302.6901999983238,19.565099995816126,740.7081000055769,12,12,36,36,125.94340000214288,130.85080000018934,361.4687999943271,1082.6118000040879
radio/radio_0117,27,24256,25258,40.21579999971436,36.33519999857526,0.8348000046680681,5.7369999994989485,35.57939999882365,273.6393000013777,13.414799999736715,650.9105000004638,27,25,27,27,77.3858000029577,82.28799999778857,322.63349999993807,960.1292000006652
range_hood/range_hood_0118,28,14113,19297,27.565900003537536,21.321200001693796,0.8072999989963137,5.567899999732617,22.860700002638623,189.9478999985149,9.373900000355206,384.6943000025931,28,34,28,28,49.694400004227646,54.45500000496395,222.18250000150874,597.5029000037466
range_hood/range_hood_0121,28,20826,27708,32.99400000105379,28.57909999875119,0.8455999995931052,5.649700004141778,28.369999999995343,249.43609999900218,13.007800000195857,556.8686000042362,28,28,28,28,62.418699999398086,67.22280000394676,290.8138999991934,834.6747000032337
range_hood/range_hood_0127,28,18950,33689,31.43850000196835,28.94150000065565,0.8272999984910712,5.743199995777104,26.77910000056727,230.9543000010308,11.29880000371486,514.8760999945807,28,28,28,28,61.20730000111507,66.1231999984011,269.0322000053129,772.6094999961788
range_hood/range_hood_0130,28,17984,25571,31.228700005158316,28.0302999963169,0.981800003501121,6.141599995316938,80.49620000383584,226.6483999992488,11.152899998705834,480.44900000240887,28,28,28,28,60.240800004976336,65.40059999679215,318.29750000179047,787.5936000054935
range_hood/range_hood_0142,28,23353,34892,40.18349999387283,30.59130000474397,0.8573000013711862,5.5881000007502735,35.292099993966985,277.7267000055872,13.28990000183694,620.7209999993211,28,28,28,28,71.63209999998799,76.36289999936707,326.3087000013911,933.7397999988752
range_hood/range_hood_0159,28,18355,39892,66.83709999924758,29.425000000628643,0.8500999974785373,5.996300002152566,29.87629999552155,252.52870000258554,13.218000000051688,532.6857999971253,28,28,28,28,97.11219999735476,102.2584000020288,295.6229999981588,815.0907999952324
range_hood/range_hood_0168,28,27231,29510,45.87299999548122,41.50669999944512,0.8139000055962242,6.244699994567782,37.96839999995427,309.0797000040766,15.526000002864748,711.9268999958877,28,28,28,28,88.19360000052257,93.62439998949412,362.5741000068956,1058.9749999999185
range_hood/range_hood_0169,28,22604,29087,41.86869999830378,36.825100003625266,0.8452999973087572,5.771299998741597,35.516100004315376,253.2126999940374,11.991699997452088,572.933199997351,28,28,28,28,79.5390999992378,84.46510000067065,300.72049999580486,861.6619999957038
range_hood/range_hood_0186,28,6560,15343,14.648999997007195,12.095000005501788,0.832799996715039,6.072399999538902,15.347900000051595,107.63420000148471,8.382600004551932,206.7250999971293,28,9,28,28,27.576799999224022,32.816400002047885,131.36470000608824,329.7071999986656
range_hood/range_hood_0209,28,11943,10483,22.593900001083966,18.210800000815652,0.8405999979004264,5.923999997321516,17.963400001463015,161.79959999863058,8.723899998585694,338.2705000040005,28,20,28,28,41.645299999800045,46.728699999221135,188.4868999986793,518.0335000040941
sink/sink_0133,29,7722,22095,15.451999999640975,11.279599995759781,0.8166000043274835,6.018299995048437,13.323300001502503,131.55839999672025,8.951700001489371,250.59069999406347,17,29,29,29,27.54819999972824,32.749899990449194,153.83339999971213,395.4723999922862
sink/sink_0136,29,16864,30249,32.426700003270525,32.13129999494413,0.8302999995066784,5.871400004252791,75.84969999879831,200.58699999935925,11.439900001278147,454.27919999929145,16,8,29,29,65.38829999772133,70.42940000246745,287.8765999994357,730.715899997449
sink/sink_0138,29,9465,28272,17.655799994827248,13.757799999439158,0.8235000059357844,5.558299999393057,22.29049999732524,142.46709999861196,8.110300004773308,282.89379999478115,7,29,29,29,32.23710000020219,36.97189999365946,172.8679000007105,447.65139999071835
sink/sink_0139,29,17382,74861,32.345100000384264,24.662600000738166,0.8354999954462983,5.768100003479049,58.56859999767039,232.43070000171429,10.850999999092892,486.14119999547256,6,6,29,29,57.84319999656873,62.77580000460148,301.85029999847757,777.1404999948572
sink/sink_0140,29,22905,32704,38.069299997005146,36.71749999921303,0.8271000042441301,5.81160000001546,33.109399999375455,233.46049999963725,11.777199993957765,554.7469000011915,36,36,29,29,75.61390000046231,80.59839999623364,278.34709999297047,821.3168000002042
sink/sink_0141,29,10459,14319,18.38280000083614,15.761999995447695,0.8237000001827255,5.7853000034810975,19.88149999669986,137.71830000041518,8.480600001348648,292.5725000022794,29,8,29,29,34.96849999646656,39.930099999764934,166.0803999984637,450.17229999939445
sink/sink_0142,29,8205,32640,14.50710000062827,10.826300000189804,0.8126000029733405,5.798300000606105,13.529099996958394,122.87410000135424,7.524900000134949,233.71540000516688,0,29,29,29,26.146000003791414,31.13170000142418,143.92809999844758,370.1186000034795
sink/sink_0143,29,22303,49926,35.2296999990358,30.70080000179587,0.9084999983315356,5.824500003654975,29.60509999684291,279.5525000037742,14.022600000316743,633.8465000008,29,29,20,20,66.8389999991632,71.75500000448665,323.18020000093384,943.0041000014171
sink/sink_0145,29,6945,13004,13.511599994671997,10.516200003621634,0.8783000012044795,5.757899998570792,14.227499996195547,115.69530000269879,7.208200004242826,226.9631999952253,1,2,1,1,24.90609999949811,29.785699996864423,137.13100000313716,356.88599999411963
sink/sink_0146,29,15933,30041,26.13299999939045,22.12349999899743,0.8355000027222559,5.782899999758229,21.635600001900457,217.10419999726582,10.99429999885615,465.54630000173347,29,29,29,29,49.09200000111014,54.03939999814611,249.73409999802243,704.2861000008998
sofa/sofa_0681,30,26412,21597,38.02980000182288,36.358999997901265,0.9021000005304813,5.749399999331217,77.8132999985246,300.9079000039492,14.552699998603202,743.582700000843,23,23,23,23,75.29090000025462,80.13819999905536,393.273900001077,1122.3039000033168
sofa/sofa_0685,30,15156,30825,36.8536000023596,25.36149999650661,0.848000003315974,5.577600000833627,30.433799998718314,186.87949999730336,9.596900003089104,395.9746999971685,30,30,30,30,63.06310000218218,67.79269999969983,226.91019999911077,613.2879999931902
sofa/sofa_0691,30,22198,39918,67.69820000045002,33.05990000080783,0.8348999981535599,5.7013000041479245,30.905499996151775,249.31330000254093,12.327900003583636,559.4818000026862,30,30,30,30,101.5929999994114,106.45940000540577,292.54670000227634,839.7006000013789
sofa/sofa_0707,30,15044,17585,25.737700001627672,22.062799995183013,0.8344000016222708,5.787400004919618,24.471199998515658,198.90740000118967,10.393299999122974,422.59439999907045,30,30,30,30,48.63489999843296,53.587900001730304,233.7718999988283,645.9729999987758
sofa/sofa_0716,30,28750,118468,45.3750000015134,43.012599999201484,0.8209000006900169,5.765100002463441,38.677099997585174,305.26390000159154,14.31090000551194,677.9979999992065,30,30,30,30,89.2085000014049,94.15270000317832,358.25190000468865,1021.9389999983832
sofa/sofa_0719,30,15765,56681,27.583800001593772,25.4992999980459,0.8467000006930903,5.801699997391552,26.50800000265008,189.55719999939902,9.477300001890399,398.6174000019673,30,30,30,30,53.92980000033276,58.88479999703122,225.5425000039395,614.6826000040164
sofa/sofa_0732,30,16857,46611,29.293999999936204,25.97070000047097,0.8138999983202666,5.731400000513531,25.249199999962002,202.1634000047925,10.815800000273157,437.43199999880744,30,30,30,30,56.07859999872744,60.996100000920705,238.22840000502765,664.8446000035619
sofa/sofa_0767,30,16605,25643,27.979999998933636,26.508300004934426,0.8343999943463132,5.8036000045831315,71.27159999799915,198.42749999952503,10.675900004571304,426.06639999576146,30,30,30,30,55.322699998214375,60.291900008451194,280.3750000020955,695.7654999932856
sofa/sofa_0769,30,12559,26525,22.25210000324296,19.12649999576388,0.8128000044962391,5.749500000092667,25.69930000026943,166.23919999983627,8.549400001356844,335.64640000258805,30,30,30,30,42.19140000350308,47.128099999099504,200.48790000146255,527.5849000026938
sofa/sofa_0770,30,15198,23110,35.054599997238256,26.187299998127855,0.9123000054387376,6.829699996160343,58.4552000000258,196.67859999754,9.87639999948442,416.5327000009711,30,30,30,30,62.15420000080485,68.07159999152645,265.0101999970502,671.6664999985369
stairs/stairs_0128,31,20154,30156,35.942300004535355,28.676799993263558,0.8159999997587875,5.654800006595906,28.072099994460586,249.34529999882216,11.885100000654347,569.6830000015325,25,30,1,1,65.4350999975577,70.27390000439482,289.3024999939371,847.1003999948152
stairs/stairs_0130,31,8408,18254,15.527300005487632,13.570699993579183,0.8350999996764585,6.154800001240801,22.94320000510197,135.3441999963252,9.573099996487144,270.1138000047649,29,31,31,31,29.933099998743273,35.252800000307616,167.8604999979143,428.4012000061921
stairs/stairs_0134,31,10732,53114,21.166999998968095,16.614699998172,0.8250000028056093,5.928300000960007,17.262499997741543,152.51549999811687,9.357700000691693,314.5959000030416,31,31,31,31,38.606699999945704,43.7099999981001,179.1356999965501,484.3738999989
stairs/stairs_0135,31,17823,41717,30.457799999567214,25.033400001120754,0.8749999979045242,5.740000000514556,24.658100002852734,230.18510000110837,11.57960000273306,526.6237999967416,37,37,15,15,56.36619999859249,61.231200001202524,266.42280000669416,781.4670000007027
stairs/stairs_0136,31,6448,26079,11.861499995575286,8.392700001422781,0.8113000003504567,5.97600000037346,12.42610000190325,114.50139999942621,8.280800000648014,215.8560000025318,31,8,25,25,21.065499997348525,26.23019999737153,135.20830000197748,342.78350000386126
stairs/stairs_0137,31,27350,26044,43.52579999977024,39.23940000095172,0.8317999963765033,5.779400002211332,33.982400003878865,304.8729000001913,14.907199998560827,721.6929999995045,10,8,25,25,83.59699999709846,88.5446000029333,353.762500002631,1060.5483000035747
stairs/stairs_0138,31,5713,29015,11.693000000377651,7.991700003913138,0.879699997312855,6.082899999455549,12.589199999638367,100.40600000502309,8.220199997595046,203.34160000493284,31,26,31,31,20.564400001603644,25.767600003746338,121.2154000022565,316.3368000095943
stairs/stairs_0139,31,5699,27886,10.532400003285147,7.3052000007010065,0.8680000028107315,5.9987999993609264,9.402799994859379,99.03910000139149,8.111799994367175,196.64120000379626,31,8,19,19,18.705600006796885,23.83640000334708,116.55369999061804,305.0831000000471
stairs/stairs_0143,31,10242,21084,19.173100001353305,16.030799997679424,0.9147000018856488,5.940199996985029,65.00239999877522,139.56229999894276,9.158100001513958,286.23119999974733,7,1,30,30,36.11860000091838,41.14409999601776,213.72279999923194,490.7958999974653
stairs/stairs_0144,31,4306,10463,10.026800002378877,6.533100000524428,0.8269999962067232,5.65420000202721,8.562700000766199,83.77109999855747,6.596999999601394,146.20000000286382,27,22,31,31,17.386899999110028,22.214100004930515,98.93079999892507,238.5338000021875
stool/stool_0095,32,13427,55289,26.80829999735579,23.292600002605468,0.9710000013001263,5.982699993182905,28.52560000610538,180.67529999825638,10.71570000203792,369.31869999534683,32,32,32,32,51.07190000126138,56.08359999314416,219.91660000639968,578.5195999997086
stool/stool_0096,32,5475,19157,14.761400001589209,9.474599995883182,0.8319999978994019,5.574900002102368,13.508299998647999,91.14480000425829,6.779999996069819,181.59720000403468,24,24,8,8,25.067999995371792,29.810899999574758,111.4330999989761,286.25030000694096
stool/stool_0097,32,8156,30542,19.819900000584312,12.90080000035232,0.8241999967140146,5.822699997224845,40.40930000337539,126.6302000003634,7.7515999946626835,253.04020000476157,19,32,32,32,33.544899997650646,38.543399998161476,174.79109999840148,420.07970000850037
stool/stool_0101,32,10319,51470,21.8823999966844,16.73750000190921,0.8426999993389472,5.70970000262605,16.596199995547067,140.85630000045057,9.595299998181872,282.0069000008516,32,32,32,32,39.46259999793256,44.32960000121966,167.0477999941795,439.45939999684924
stool/stool_0102,32,8457,29950,15.13899999554269,12.377099999866914,0.8206000056816265,5.827499997394625,13.80339999741409,121.52100000093924,7.330300002649892,242.1150999944075,32,5,32,32,28.33670000109123,33.34359999280423,142.65470000100322,377.43949999276083
stool/stool_0103,32,14267,32506,26.1428999947384,24.66890000505373,0.8441999962087721,5.81380000221543,22.24199999909615,179.2672000010498,9.458200001972727,385.1656999977422,19,4,32,32,51.6559999960009,56.62560000200756,210.96740000211867,586.6748999978881
stool/stool_0105,32,8149,26764,14.446599998336751,11.604699997405987,0.8221000025514513,6.1854000014136545,14.582099996914621,121.79360000300221,7.591399997181725,241.12730000342708,19,26,19,19,26.87339999829419,32.23669999715639,143.96709999709856,377.5030000033439
stool/stool_0106,32,4831,21747,9.944400000676978,7.271599999512546,0.8314999940921552,5.761700005677994,9.092799999052659,84.12890000181505,6.598499996471219,159.60120000090683,24,5,32,32,18.04749999428168,22.97770000586752,99.82019999733893,252.82290000177454
stool/stool_0107,32,3424,18485,6.860399997094646,4.411900001286995,0.822199996036943,5.751100004999898,6.150299996079411,74.34900000225753,6.571799996891059,128.65350000356557,32,19,32,32,12.094499994418584,17.02340000338154,87.071099995228,209.1528000019025
stool/stool_0108,32,6560,34769,12.52290000411449,9.61000000097556,0.8501999982399866,5.7516000015311874,10.209299995040055,111.04660000273725,8.101399995211978,216.6533999989042,19,32,32,32,22.983100003330037,27.884500006621238,129.35729999298928,337.9092999966815
table/table_0410,33,17739,19979,33.48279999772785,33.87230000225827,0.8337999970535748,5.73640000220621,28.347699997539166,191.0312999971211,12.637699997867458,411.64320000098087,12,12,33,33,68.1888999970397,73.09150000219233,232.01669999252772,631.0221999956411
table/table_0416,33,9367,11760,16.870300001755822,14.129899995168671,0.8320000051753595,5.646799996611662,16.932099999394268,121.23309999878984,7.143599999835715,239.67469999479363,33,33,33,33,31.832200002099853,36.646999993536156,145.30879999801982,377.83989999297773
table/table_0424,33,18236,23138,33.760699996491894,32.170999998925254,0.8562000002712011,5.728000003728084,74.59299999754876,214.5068000027095,10.470300003362354,452.4493999997503,33,33,33,33,66.78789999568835,71.65969999914523,299.5701000036206,741.5492000000086
table/table_0426,33,11033,22498,20.394899998791516,18.12690000224393,0.8509999970556237,5.682800001522992,26.0746999992989,148.58429999731015,8.181899996998254,296.9548000037321,33,33,33,33,39.37279999809107,44.204600002558436,182.8408999936073,471.61380000034114
table/table_0427,33,18159,19342,37.30160000122851,29.177100004744716,0.9141999980784021,5.798899997898843,60.3084000031231,241.2523999955738,11.200799999642186,506.809800004703,12,12,12,12,67.39290000405163,72.27760000387207,312.7615999983391,808.3706000033999
table/table_0429,33,10956,15402,22.763399996620137,20.891400003165472,0.840499997138977,5.8535999996820465,21.212400002696086,154.16909999476047,8.397899997362401,310.97520000184886,12,12,12,12,44.49529999692459,49.508399999467656,183.77939999481896,486.3566999993054
table/table_0434,33,6427,14447,11.565799999516457,8.471499997540377,0.8166000043274835,5.805000000691507,11.703799995302688,114.10890000115614,6.947500005480833,217.1429999943939,33,33,33,33,20.853900001384318,25.84229999774834,132.76020000193967,342.95569999085274
table/table_0439,33,14638,13863,26.61400000215508,23.20070000132546,0.8426999993389472,5.747099996369798,21.65660000173375,201.52800000505522,10.054300000774674,412.4891000028583,12,12,33,33,50.657400002819486,55.56179999985034,233.23890000756364,635.6737000096473
table/table_0460,33,16521,19824,27.27210000011837,24.31629999773577,0.840600005176384,5.791199997474905,24.46549999876879,198.9633999983198,9.90040000033332,439.30079999699956,25,33,33,33,52.429000003030524,57.379599995329045,233.3292999974219,662.7296999940882
table/table_0462,33,18537,29592,34.413599998515565,30.490700002701487,0.862000000779517,5.6860999975469895,28.81080000224756,235.8336999968742,11.342399993736763,508.348900002602,12,12,33,33,65.76630000199657,70.59039999876404,275.9868999928585,772.9934000017238
tent/tent_0167,34,15079,28407,26.837699995667208,23.235400003613904,0.9092999971471727,5.80160000390606,24.135399995429907,201.25869999901624,10.354899997764733,422.3150000034366,34,26,34,34,50.982399996428285,55.87470000318717,235.74899999221088,647.7090999978827
tent/tent_0169,34,27217,20006,87.12779999768827,37.319200004276354,0.843399997393135,5.76829999772599,35.20820000267122,321.56119999854127,15.409700004965998,751.6705999951228,34,36,34,34,125.29039999935776,130.21529999969061,372.1791000061785,1108.4399999963352
tent/tent_0170,34,5391,13719,17.866100002720486,7.308799999009352,0.8442999969702214,5.720799999835435,11.798100000305567,100.03649999998743,6.799899994803127,185.2260000014212,0,0,0,0,26.01919999870006,30.895700001565274,118.63449999509612,297.0606000017142
tent/tent_0171,34,12762,21314,27.830300001369324,22.38990000478225,1.1835999976028688,6.955600001674611,25.693399998999666,178.39719999756198,9.23220000549918,361.02329999994254,36,7,34,34,51.40380000375444,57.17580000782618,213.32280000206083,565.1138999965042
tent/tent_0174,34,15107,23765,56.30639999435516,21.911499999987427,0.8484999998472631,6.383400002960116,25.417899996682536,221.38220000488218,10.167599997657817,443.4040999985882,34,34,34,34,79.06639999418985,84.6012999973027,256.96769999922253,690.2042000001529
tent/tent_0175,34,11229,24913,24.578500000643544,18.21609999751672,0.8362000007764436,5.809800000861287,19.280399996205233,164.22980000061216,8.831500002997927,327.23950000217883,25,25,34,34,43.63079999893671,48.60439999902155,192.34169999981532,510.7496999989962
tent/tent_0176,34,16871,46479,34.6609999978682,23.35999999922933,0.8407999994233251,5.700900001102127,23.700799996731803,222.53669999918202,10.900699999183416,478.08960000111256,34,34,34,34,58.86179999652086,63.72189999819966,257.13819999509724,724.3270999970264
tent/tent_0178,34,12839,54695,25.52990000549471,20.348799997009337,0.8384999964619055,6.1889000062365085,21.73699999548262,185.1682999986224,10.642099994583987,375.68880000617355,34,2,34,34,46.71719999896595,52.067600008740555,217.547399988689,582.5941000002786
tent/tent_0182,34,9577,38866,18.85299999412382,14.1079000022728,0.8080999978119507,5.705900002794806,15.986300000804476,143.12280000012834,7.702900002186652,288.2982000010088,34,34,34,34,33.76899999420857,38.666799999191426,166.81200000311946,447.4073000019416
tent/tent_0183,34,23983,30057,37.65859999839449,32.56350000447128,0.8410000009462237,5.858999997144565,31.00570000242442,306.7183000021032,15.803700000105891,698.0058999979519,37,23,34,34,71.063100003812,76.08110000001034,353.5277000046335,1035.7299000024796
toilet/toilet_0354,35,9255,15152,17.156900001282338,14.476800002739765,0.9300999954575673,5.892600005608983,17.603099993721116,135.55479999922682,9.37770000018645,290.96690000005765,8,8,35,35,32.56379999947967,37.526300009631086,162.53559999313438,444.1247999930056
toilet/toilet_0357,35,8590,36654,60.95600000116974,14.881199997034855,0.9427000040886924,5.917099995713215,15.20390000223415,124.27249999745982,8.748599997488782,247.68649999896297,8,8,35,35,76.77990000229329,81.75429999391781,148.22499999718275,387.16289999865694
toilet/toilet_0391,35,27546,76819,46.728200002689846,38.88759999972535,0.8068999959505163,6.107700006396044,43.47369999595685,358.80660000111675,15.576099998725113,722.5523000015528,35,35,35,35,86.42269999836572,91.72350000881124,417.8563999957987,1124.8325999986264
toilet/toilet_0404,35,23787,117031,42.00519999722019,35.43740000168327,0.8373999953619204,5.628200000501238,34.94409999984782,268.85500000207685,12.83069999772124,611.8056000050274,35,35,35,35,78.27999999426538,83.0707999994047,316.6297999996459,915.604700006952
toilet/toilet_0407,35,24816,62903,42.38259999692673,37.08100000221748,0.8202999961213209,5.771299998741597,35.787500004516914,273.2456000012462,14.01869999972405,651.2454000039725,35,35,35,35,80.28389999526553,85.2348999978858,323.05180000548717,960.2785000097356
toilet/toilet_0408,35,16927,42297,31.023600000480656,28.40509999805363,0.8384000029764138,5.718000000342727,28.083600001991726,199.77639999706298,10.24669999605976,448.46590000088327,35,35,35,35,60.2671000015107,65.14669999887701,238.10669999511447,676.325899999938
toilet/toilet_0425,35,19293,73716,33.220000004803296,30.432899999141227,0.8247000005212612,5.823299994517583,28.45480000542011,231.0287999935099,11.553700001968537,509.93609999568434,35,35,35,35,64.47760000446578,69.4761999984621,271.03730000089854,769.4196999946143
toilet/toilet_0431,35,30479,88251,45.1353000025847,45.63549999875249,0.8364000022993423,5.7410000008530915,102.77959999802988,356.12789999868255,21.90169999812497,828.3959000036702,35,35,35,35,91.60720000363654,96.51180000219028,480.8091999948374,1287.3034000003827
toilet/toilet_0436,35,16913,96988,36.42730000137817,26.827699999557808,0.8267000011983328,5.781899999419693,31.590099999448285,206.05730000534095,10.496400005649775,445.9738000005018,35,35,35,35,64.08170000213431,69.03690000035567,248.143800010439,683.621200005291
toilet/toilet_0444,35,22401,108739,71.64630000625039,33.68489999411395,0.8521000054315664,5.7300999978906475,32.55930000159424,264.0419999952428,12.85220000136178,599.6298999962164,35,35,35,35,106.1833000057959,111.06129999825498,309.4534999981988,896.2311999930535
tv_stand/tv_stand_0283,36,12601,15389,23.57520000077784,20.944199997757096,0.8282000053441152,6.2099999995552935,22.62719999998808,153.5401000001002,8.106400004180614,303.8490999970236,36,36,36,36,45.34760000387905,50.72939999809023,184.2737000042689,480.0163999971119
tv_stand/tv_stand_0305,36,19636,25322,35.19300000334624,31.80929999507498,0.872299999173265,5.788800001027994,29.934000005596317,251.99779999820748,11.674600005790126,537.9824999981793,8,36,36,36,67.87459999759449,72.79109999944922,293.6064000095939,819.9143000019831
tv_stand/tv_stand_0310,36,20567,22805,40.333999997528736,41.79790000489447,0.8343999943463132,5.886900005862117,34.987099999852944,255.7611999945948,12.460700003430247,571.7692999969586,33,33,12,12,82.96629999676952,88.01880000828533,303.208999997878,862.5175999914063
tv_stand/tv_stand_0323,36,32663,29409,51.33860000205459,50.46579999907408,0.857999999425374,5.83829999959562,44.248700003663544,382.45520000054967,15.400900003442075,790.9527000010712,25,25,36,36,102.66240000055404,107.64270000072429,442.1048000076553,1217.6566000052844
tv_stand/tv_stand_0341,36,17277,36911,32.93080000003101,32.4964999963413,0.8374000026378781,5.773899996711407,36.610200004361104,215.4863999967347,10.482199999387376,458.9715000038268,30,30,12,12,66.26469999901019,71.20119999308372,262.57880000048317,711.0681000049226
tv_stand/tv_stand_0343,36,13000,14060,27.377400001569185,21.365200002037454,0.8402999956160784,5.6690000055823475,27.670700001181103,203.22009999654256,9.49669999681646,365.7881999970414,36,36,36,36,49.58289999922272,54.41160000918899,240.38749999454012,596.678999994765
tv_stand/tv_stand_0345,36,17200,20841,29.973400000017136,26.555199998256285,0.836600003822241,5.8169999974779785,26.160499997786246,215.58940000250004,10.258299997076392,453.31070000247564,36,36,36,36,57.36520000209566,62.3455999957514,252.00819999736268,695.0606000027619
tv_stand/tv_stand_0360,36,18481,31152,33.960500004468486,27.353099998435937,0.8488000021316111,5.687999997462612,27.566700002353173,230.27269999874989,13.84410000173375,500.97919999825535,36,36,36,36,62.162400005036034,67.00160000036703,271.6835000028368,758.8185999993584
tv_stand/tv_stand_0362,36,51668,40145,66.8805000022985,59.1128000014578,0.8298000029753894,5.9152999965590425,55.03860000317218,487.2328999990714,22.38729999953648,1240.939499999513,23,36,23,23,126.82310000673169,131.90860000031535,564.65880000178,1783.2110000017565
tv_stand/tv_stand_0364,36,16269,13798,28.8252000027569,24.83629999915138,0.8309999975608662,5.841300000611227,28.8591999997152,212.47769999899901,11.670899999444373,444.63769999856595,27,36,27,27,54.492499999469146,59.50280000251951,253.0077999981586,685.9745999972802
vase/vase_0476,37,42967,87221,105.89400000026217,46.94300000119256,0.8426999993389472,5.798199999844655,58.52939999749651,527.8048000036506,21.826899996085558,1171.0785000032047,37,37,37,37,153.67970000079367,158.63520000129938,608.1610999972327,1757.4127000043518
vase/vase_0487,37,7820,48584,14.929500001017004,12.106800000765361,0.8199000003514811,5.841899997903965,17.563800000061747,110.86010000144597,7.507499998610001,225.1694000005955,5,5,5,5,27.856200002133846,32.87819999968633,135.93140000011772,353.5933000021032
vase/vase_0491,37,11509,70137,23.465899997972883,20.822900005441625,0.8233999978983775,5.882799996470567,20.186400004604366,156.297599998652,9.829100003116764,322.2839000009117,37,37,37,37,45.112200001312885,50.171599999885075,186.31310000637313,498.76790000416804
vase/vase_0521,37,24585,79258,40.49079999822425,36.823499998718034,0.8289000033983029,5.885299993678927,33.65510000003269,275.94380000664387,14.11050000024261,637.8304999961983,37,37,37,37,78.14320000034058,83.19959999062121,323.70940000691917,947.4294000028749
vase/vase_0527,37,22268,45715,36.79299999930663,32.41420000267681,0.8298000029753894,5.817899997055065,32.388200001150835,252.9047999996692,13.65570000052685,606.5925000002608,4,4,15,15,70.03700000495883,75.0250999990385,298.9487000013469,891.8855000010808
vase/vase_0528,37,27588,68366,41.722800000570714,36.41509999579284,0.8415000047534704,5.832299997564405,35.5282000018633,312.6955999978236,14.731299997947644,710.0429000056465,33,33,37,37,78.97940000111703,83.97019999392796,362.95509999763453,1058.2667000053334
vase/vase_0530,37,10977,61044,21.69319999666186,20.694999999250285,0.8306000017910264,5.707800002710428,67.8842999986955,126.51460000051884,7.533399999374524,269.15179999923566,37,37,4,4,43.21879999770317,48.095999998622574,201.93229999858886,463.55069999845
vase/vase_0542,37,25208,101778,38.84239999752026,35.59440000390168,0.8309999975608662,5.8107000004383735,39.81779999594437,264.1132999997353,13.307700006407686,654.4465999977547,37,37,37,37,75.26779999898281,80.24750000186032,317.2388000020874,958.3776999934344
vase/vase_0548,37,41014,41059,96.56810000160476,51.20370000076946,0.829099997645244,5.820300000777934,48.65530000097351,412.10039999714354,19.305699999677017,1045.7133000018075,37,37,10,10,148.60090000001946,153.59210000315215,480.06139999779407,1506.4689999999246
vase/vase_0572,37,10977,44382,19.255599996540695,16.64530000562081,0.821099994936958,5.768900002294686,21.717999996326398,144.7388000015053,9.09440000395989,329.44490000227233,37,37,37,37,36.721999997098465,41.66980000445619,175.55120000179159,495.90170000010403
wardrobe/wardrobe_0089,38,19384,22228,33.44010000000708,31.12370000599185,0.8361000000149943,5.7740999982343055,27.125200002046768,225.25489999679849,11.965700003202073,529.5850999973482,38,21,38,38,65.39990000601392,70.33790000423323,264.3458000020473,781.9651999961934
wardrobe/wardrobe_0096,38,11110,10946,19.722699995327275,17.617800003790762,0.8241999967140146,5.7156000038958155,18.822499994712416,143.42759999999544,8.715100004337728,325.6675000011455,38,38,38,38,38.16469999583205,43.05610000301385,170.96519999904558,487.9175999958534
wardrobe/wardrobe_0097,38,9556,11635,20.196999998006504,17.03529999940656,0.8938000028138049,6.030199998349417,16.85939999879338,127.62250000378117,8.80209999741055,268.1806000036886,38,4,4,4,38.12610000022687,43.26249999576248,153.2839999999851,412.66250000626314
wardrobe/wardrobe_0098,38,16122,11417,27.83350000390783,24.422800001048017,0.8333999940077774,6.024300004355609,22.818899997218978,194.57390000025043,10.297000000718981,458.69780000066385,22,22,38,38,53.089699998963624,58.280600009311456,227.6897999981884,676.0905999981333
wardrobe/wardrobe_0099,38,12958,9789,25.195499998517334,23.9478000003146,0.9082999968086369,5.648900005326141,22.11419999366626,155.58580000652,9.219300001859665,365.8863000018755,14,14,14,14,50.05159999564057,54.792200004158076,186.91930000204593,543.5863000020618
wardrobe/wardrobe_0101,38,8072,11097,64.75480000517564,12.524599995231256,0.8333000005222857,5.8722000030684285,14.110199997958262,120.09560000296915,9.23289999627741,249.4695999994292,5,5,4,4,78.11270000092918,83.15160000347532,143.43869999720482,383.6754000003566
wardrobe/wardrobe_0102,38,4292,10084,10.850000006030314,8.415999996941537,0.8159999997587875,5.80929999705404,9.333000001788605,79.67150000331458,6.122700004198123,149.20059999712976,38,38,38,38,20.082000002730638,25.07530000002589,95.1272000093013,238.20510000223294
wardrobe/wardrobe_0103,38,20161,13003,36.98589999839896,30.88739999657264,0.8388000060222112,5.694399995263666,33.25179999956163,234.22730000311276,12.520299998868722,560.8085000058054,38,38,38,38,68.71210000099381,73.56769999023527,279.9994000015431,828.2876000084798
wardrobe/wardrobe_0106,38,16703,16304,60.8938000004855,27.53429999575019,0.8381000006920658,5.749099997046869,26.44690000306582,193.70290000370005,11.093300003267359,457.68970000062836,38,38,38,38,89.26619999692775,94.17719999328256,231.24310001003323,677.8395000073942
wardrobe/wardrobe_0107,38,16143,17606,28.99039999465458,27.838600006361958,0.8496999944327399,5.814800002553966,26.14049999829149,180.12070000258973,10.259599999699276,410.8960000012303,37,37,37,37,57.67869999544928,62.643800003570504,216.5208000005805,617.1572000021115
xbox/xbox_0106,39,16969,30197,32.974399997328874,29.0238000015961,0.8148999986588024,5.656500004988629,26.245199995173607,196.86730000103125,10.501199998543598,450.63590000063414,22,22,39,39,62.81309999758378,67.6547000039136,233.61369999474846,673.748399996839
xbox/xbox_0107,39,23199,58269,42.83069999655709,41.66080000140937,0.8483999990858138,6.411100002878811,34.045899999910034,242.8933999981382,12.860199996794108,585.9727999995812,39,4,39,39,85.33989999705227,90.90260000084527,289.79949999484234,862.9120999976294
xbox/xbox_0109,39,14190,43092,25.969000002078246,21.64999999513384,0.8347000039066188,5.808899994008243,23.430799999914598,180.32420000236016,9.320200006186496,393.3335999972769,22,38,8,8,48.453700001118705,53.42789999122033,213.07520000846125,597.0885999995517
xbox/xbox_0111,39,7015,9769,14.226100000087172,10.481500001333188,0.839399996038992,5.70710000465624,12.575999993714504,103.92080000019632,7.080200004565995,225.45249999529915,39,39,39,39,25.546999997459352,30.4147000060766,123.57699999847682,341.94929998921
xbox/xbox_0112,39,15233,42223,70.3291999961948,29.58080000098562,0.9322000041720457,6.115799995313864,27.13180000137072,187.06899999961024,10.767499996291008,422.413600004802,39,39,39,39,100.84220000135247,106.02579999249429,224.96829999727197,636.614400005783
xbox/xbox_0115,39,14239,33428,40.877499995986,27.74110000609653,0.8419999940088019,5.708299999241717,29.056400002446026,160.44739999779267,8.751500005018897,345.7626999952481,4,37,4,4,69.46059999609133,74.32690000132425,198.2553000052576,535.2664999954868
xbox/xbox_0119,39,29485,49999,80.3541999994195,44.372699994710274,0.8313000071211718,5.692699996870942,39.1855999987456,284.9791000044206,13.823100001900457,682.3640000002342,39,22,39,39,125.55820000125095,130.41959999100072,337.9878000050667,1006.5287000034004
xbox/xbox_0120,39,9724,12210,19.68460000352934,16.85670000006212,0.8261999973910861,6.158600001072045,20.358300003863405,134.40279999485938,9.193899997626431,280.97369999886723,31,22,25,25,37.367500000982545,42.699900004663505,163.95499999634922,435.73479999759
xbox/xbox_0121,39,5706,10285,11.71539999631932,8.81850000587292,0.8048999952734448,6.248600002436433,10.73059999907855,95.17690000211587,7.9235999946831726,191.8820000064443,22,22,12,12,21.338799997465685,26.782500004628673,113.8310999958776,297.7895000076387
xbox/xbox_0123,39,764,4082,1.8228000044473447,0.7841999977244996,0.8061999978963286,5.643900003633462,3.259699995396659,43.740200002503116,7.822699997632299,56.99550000281306,11,11,26,26,3.413200000068173,8.250900005805306,54.82259999553207,103.99540000071283
