id,real,n_hojas,bytes_npz,hce_carga_ms,hce_descriptores_ms,svm_clasificador_ms,rf_clasificador_ms,net5_carga_ms,net5_preparacion_ms,net5_forward_gpu_ms,net5_forward_cpu_ms,pred_svm,pred_rf,pred_net5_gpu,pred_net5_cpu,svm_total_ms,rf_total_ms,net5_gpu_total_ms,net5_cpu_total_ms
airplane/airplane_0635,0,1667,12948,4.801200004294515,2.0769999973708764,0.7989000005181879,6.110100002842955,3.697199994348921,23.453000001609325,6.740199998603202,59.924399996816646,0,0,0,0,7.677100002183579,12.988300004508346,33.89039999456145,87.07459999277489
airplane/airplane_0636,0,1548,11987,3.58810000034282,1.790000002074521,0.8335999955306761,6.323000001430046,3.414600003452506,22.509499998704996,6.7496000046958216,58.21769999602111,0,0,0,0,6.211699997948017,11.701100003847387,32.67370000685332,84.14179999817861
airplane/airplane_0646,0,1793,13598,4.226100005325861,2.111699999659322,0.8034999991650693,5.986899996059947,3.588899999158457,25.0510000041686,6.840900001407135,67.38350000523496,0,0,0,0,7.141300004150253,12.32470000104513,35.48080000473419,96.02340000856202
airplane/airplane_0668,0,1639,12517,3.6930000060237944,1.9255000006523915,0.8894999991753139,6.076099998608697,3.6543000023812056,22.872199995617848,6.718199998431373,60.129999998025596,0,0,0,0,6.5080000058515,11.694600005284883,33.24469999643043,86.65649999602465
airplane/airplane_0687,0,1555,12828,4.074900003615767,2.2709999975631945,0.8020999957807362,5.926600002567284,3.4288000024389476,22.811499999079388,6.852300000900868,59.266600001137704,0,0,0,0,7.1479999969596975,12.272500003746245,33.0926000024192,85.50690000265604
airplane/airplane_0695,0,1429,11517,3.5065999982180074,1.7810999997891486,0.8010000019567087,6.0281999976723455,3.4006999994744547,22.018499999830965,7.041299999400508,58.680599999206606,0,0,0,0,6.088699999963865,11.315899995679501,32.46049999870593,84.09979999851203
airplane/airplane_0698,0,1212,10384,3.4425000048941,1.6967999981716275,0.8617999992566183,7.316900002479088,5.484299996169284,25.37780000420753,5.195199999434408,52.34720000589732,0,0,0,0,6.001100002322346,12.456200005544815,36.05729999981122,83.20930000627413
airplane/airplane_0709,0,1793,14647,4.308399998990353,2.27390000509331,0.8173999958671629,5.735900005674921,3.7713999990955926,25.11469999444671,5.678900000930298,69.7202000010293,0,0,0,0,7.399699999950826,12.318200009758584,34.5649999944726,98.6062999945716
airplane/airplane_0721,0,1625,12558,3.955599997425452,2.0355000015115365,0.8377999984077178,5.765000001701992,3.569900000002235,22.74020000186283,5.427000003692228,61.31969999842113,0,0,0,0,6.828899997344706,11.75610000063898,31.737100005557295,87.6298000002862
airplane/airplane_0723,0,2199,17176,4.914299999654759,2.7439000041340478,0.836799998069182,5.78230000246549,4.888699993898626,35.30220000538975,5.355499997676816,79.01270000002114,0,0,29,29,8.495000001857989,13.440500006254297,45.54639999696519,119.20359999930952
bathtub/bathtub_0115,1,4985,18140,10.001499998907093,7.3731999946176074,0.8264000061899424,5.777200000011362,8.82139999885112,50.76019999978598,5.4645999989588745,165.06730000401149,1,1,1,1,18.201099999714643,23.151899993536063,65.04619999759598,224.6489000026486
bathtub/bathtub_0122,1,3613,26546,7.752299999992829,5.134999999427237,0.9138000023085624,5.84349999553524,7.343200006289408,41.83539999939967,5.643600001349114,128.5591999985627,33,33,1,1,13.801100001728628,18.730799994955305,54.82220000703819,177.73780000425177
bathtub/bathtub_0125,1,2584,11517,5.983600000035949,3.8453000015579164,0.7966999983182177,5.9228000027360395,5.490899995493237,24.548300003516488,7.661499999812804,65.6276000008802,1,2,2,2,10.625599999912083,15.751700004329905,37.70069999882253,95.66679999988992
bathtub/bathtub_0126,1,2731,11432,5.629500003124122,3.2891000009840354,0.8010999954422005,5.7556000028853305,5.30599999910919,30.47540000261506,5.141399997228291,88.4792000069865,2,2,2,2,9.719699999550357,14.674200006993487,40.92279999895254,124.26060000871075
bathtub/bathtub_0128,1,1114,7556,3.3963999958359636,1.756600002408959,0.8106000022962689,5.7369999994989485,3.339799994137138,14.604000003600959,5.379800000810064,40.26279999379767,1,1,1,1,5.9636000005411915,10.889999997743871,23.32359999854816,58.20659999153577
bathtub/bathtub_0134,1,3690,12040,8.332900004461408,5.707199998141732,0.8089000039035454,6.084699998609722,7.022199999482837,37.53660000074888,5.275800001982134,114.59969999850728,29,2,2,2,14.849000006506685,20.12480000121286,49.83460000221385,159.158499998739
bathtub/bathtub_0137,1,5321,15316,11.941699995077215,9.21780000498984,0.9054999973159283,5.8473000026424415,10.545799996179994,54.78489999950398,5.721099994843826,180.68200000561774,2,33,1,1,22.064999997382984,27.006800002709497,71.0517999905278,246.0127000013017
bathtub/bathtub_0142,1,3480,21739,7.514600001741201,5.062099997303449,0.8067000017035753,5.808300003991462,7.339499999943655,36.365799998748116,5.3007999958936125,113.62540000118315,1,1,1,1,13.383400000748225,18.38500000303611,49.006099994585384,157.33069999987492
bathtub/bathtub_0147,1,2731,12508,6.255400003283285,4.035099998873193,0.8182000019587576,5.980799993267283,5.6863999998313375,28.67000000696862,6.156399998872075,84.34329999727197,1,2,1,1,11.108700004115235,16.27129999542376,40.512800005672034,118.69970000407193
bathtub/bathtub_0148,1,3067,21347,6.47939999907976,4.201000003376976,0.818300002720207,5.972099999780767,6.12859999819193,34.29550000146264,5.430800003523473,105.94029999629129,1,1,1,1,11.498700005176943,16.652500002237502,45.854900003178045,146.36439999594586
bed/bed_0522,2,4845,13078,11.123999996925704,8.360500003618654,0.8132000002660789,5.842499995196704,31.96610000304645,51.32059999596095,5.542300001252443,162.5516999993124,2,2,2,2,20.297700000810437,25.326999995741062,88.82900000025984,245.8383999983198
bed/bed_0531,2,4467,28970,9.647500002756715,6.750000000465661,0.811099998827558,5.786499998066574,8.793599998170976,45.74240000511054,5.393400002503768,144.37729999917792,2,2,2,2,17.208600002049934,22.18400000128895,59.92940000578528,198.91330000245944
bed/bed_0541,2,2976,11413,6.526799996208865,4.274200000509154,0.8276000007754192,5.8942000032402575,6.098300000303425,30.967799997597467,5.158300002221949,93.2812000028207,2,2,2,2,11.628599997493438,16.695199999958277,42.22440000012284,130.3473000007216
bed/bed_0550,2,3494,11151,7.838400000764523,5.338100003427826,0.8085000008577481,5.798599995614495,6.886200004373677,37.854099995456636,5.44149999768706,120.82289999671048,2,2,2,2,13.985000005050097,18.975099999806844,50.18179999751737,165.5631999965408
bed/bed_0560,2,2577,18244,6.035800004610792,3.809099995123688,0.8115000018733554,5.956900000455789,5.635200002870988,27.194899994356092,5.396699998527765,70.2549000052386,1,2,2,2,10.656400001607835,15.80180000019027,38.226799995754845,103.08500000246568
bed/bed_0574,2,6245,25334,13.100600001052953,9.400199996889569,0.8178999996744096,5.761300002632197,17.39390000147978,59.1435000023921,5.757999999332242,181.83239999780199,2,2,2,2,23.318699997616932,28.26210000057472,82.29540000320412,258.36980000167387
bed/bed_0582,2,4691,16521,10.536100002354942,8.00840000010794,1.0016999949584715,5.70750000042608,11.63030000316212,50.66619999706745,5.669999998644926,161.04120000090916,2,2,2,2,19.546199997421354,24.252000002888963,67.9664999988745,223.33770000113873
bed/bed_0587,2,3445,11503,8.31770000513643,4.618799997842871,0.8024999988265336,5.840800004079938,8.215199995902367,39.097100001527,5.457799998112023,117.84310000075493,2,2,2,2,13.739000001805834,18.77730000705924,52.770099995541386,165.1553999981843
bed/bed_0605,2,3564,7740,8.433899994997773,5.0760000012815,0.8529999977326952,5.714900005841628,7.59289999405155,40.62750000593951,5.376200002501719,116.32010000175796,2,2,2,2,14.362899994011968,19.2248000021209,53.59660000249278,164.54050000174902
bed/bed_0611,2,4789,13162,12.778199998138007,8.54770000296412,0.8057999948505312,5.993200000375509,40.07920000003651,44.0870000020368,5.426999996416271,135.9230000016396,2,2,2,2,22.13169999595266,27.319100001477636,89.59319999848958,220.0892000037129
bench/bench_0175,3,2052,9383,6.083699998271186,4.037300001073163,0.7954000029712915,5.681700000423007,5.928899998252746,26.968400001351256,5.504699998709839,70.11429999693064,3,36,3,3,10.91640000231564,15.802699999767356,38.40199999831384,103.01159999653464
bench/bench_0179,3,2332,16412,5.7633000033092685,3.5443000015220605,0.8082999993348494,5.722800000512507,5.300199998600874,29.20599999924889,5.554600000323262,80.59009999851696,3,3,3,3,10.115900004166178,15.030400005343836,40.060799998173025,115.09629999636672
bench/bench_0180,3,4488,13470,9.618299998692237,6.480500000179745,0.8467000006930903,5.7882000037352555,8.190599997760728,44.652500000665896,5.699099994671997,140.6797000017832,3,36,3,3,16.945499999565072,21.887000002607238,58.54219999309862,193.52280000020983
bench/bench_0181,3,2906,15574,5.987999997159932,3.6045000015292317,0.8071999982348643,5.778400001872797,5.752199998823926,32.308300003933255,5.51929999346612,98.42730000673328,36,21,3,3,10.399699996924028,15.37090000056196,43.5797999962233,136.48780000949046
bench/bench_0182,3,3305,22012,8.1826000023284,5.7703999991645105,0.8127999972202815,5.960000002232846,7.085500001267064,35.42839999863645,5.790800001705065,106.72630000044592,3,3,3,3,14.765799998713192,19.913000003725756,48.30470000160858,149.24020000034943
bench/bench_0185,3,1856,11086,4.068100002768915,2.116599993314594,0.810900004580617,5.754199999500997,4.084300002432428,23.88549999886891,5.131299993081484,64.17060000239871,3,3,3,3,6.995600000664126,11.938899995584507,33.10109999438282,92.14040000370005
bench/bench_0186,3,2052,9750,4.766500002006069,2.4646999954711646,0.8136000033118762,5.799500002467539,4.034400000819005,22.600099997362122,5.207300004258286,57.66819999553263,3,3,3,3,8.04480000078911,13.030699999944773,31.841800002439413,84.30269999371376
bench/bench_0187,3,1632,8343,3.745800000615418,2.1505000040633604,0.8081999985734001,5.679599998984486,3.4897000005003065,20.55790000304114,5.61300000117626,52.467699999397155,3,3,3,3,6.704500003252178,11.575900003663264,29.660600004717708,76.5153000029386
bench/bench_0190,3,1996,14062,4.80740000057267,2.9298000008566305,0.7989999940036796,5.7310000047436915,4.324100002122577,24.368099999264814,5.462199995236006,66.014100004395,3,3,3,3,8.53619999543298,13.468200006172992,34.1543999966234,94.7063000057824
bench/bench_0192,3,3830,15861,8.04700000298908,5.501699997694232,0.8103000000119209,5.880400000023656,7.020700002613012,37.16349999740487,5.297300005622674,115.90699999942444,3,36,20,20,14.359000000695232,19.429100000706967,49.481500005640555,160.09119999944232
bookshelf/bookshelf_0588,4,5132,9273,9.982900002796669,7.411699996737298,0.8817999987513758,5.832000002556015,8.954800003266428,47.04889999993611,5.740499997045845,157.36560000368627,4,4,4,4,18.276399998285342,23.22660000208998,61.744200000248384,213.3693000068888
bookshelf/bookshelf_0593,4,3480,8643,6.7918999993707985,4.60630000452511,0.8193999965442345,5.742800000007264,6.49870000052033,33.41509999881964,5.252900002233218,114.24619999888819,4,4,4,4,12.217600000440143,17.141000003903173,45.16670000157319,154.15999999822816
bookshelf/bookshelf_0603,4,3018,9054,7.10840000101598,5.123499999172054,0.8414999974775128,5.666700002620928,6.2642999982926995,27.866199998243246,5.278399999951944,84.93199999793433,4,4,4,4,13.073399997665547,17.898600002808962,39.40889999648789,119.06249999447027
bookshelf/bookshelf_0614,4,3452,11114,6.39489999593934,3.766200003155973,0.8114999945973977,5.703300004824996,5.872100002306979,38.07719999895198,5.544600004213862,127.90159999713069,4,4,4,4,10.972599993692711,15.86440000392031,49.493900005472824,171.85089999838965
bookshelf/bookshelf_0625,4,2780,9216,7.207400005427189,5.348200000298675,0.9539999955450185,5.78010000026552,6.5235000001848675,26.95730000414187,5.3996999995433725,81.50100000057137,4,4,4,4,13.509600001270883,18.335700005991384,38.88050000387011,114.9818000048981
bookshelf/bookshelf_0635,4,2927,9870,6.902299995999783,4.675399999541696,0.9122000046772882,6.385599997884128,6.619599997065961,28.91490000183694,5.388799996580929,87.84880000166595,4,4,4,4,12.489900000218768,17.963299993425608,40.92329999548383,123.38330000056885
bookshelf/bookshelf_0643,4,3200,8326,6.37789999746019,4.108300003281329,0.8080999978119507,5.975200001557823,6.05609999911394,29.0917999955127,5.397000000812113,94.46860000025481,4,4,4,4,11.29429999855347,16.461400002299342,40.544899995438755,129.61649999488145
bookshelf/bookshelf_0654,4,5797,12669,12.096699996618554,9.780799999134615,0.8144000021275133,5.728600001020823,10.556599998380989,50.18220000056317,5.859999997483101,170.0778000013088,4,4,4,4,22.691899997880682,27.60609999677399,66.59879999642726,230.81660000025295
bookshelf/bookshelf_0662,4,3949,9972,8.527400001185015,6.364399996527936,0.8312999998452142,5.810599999676924,7.866899999498855,35.67560000374215,5.381499999202788,116.4095999993151,4,4,4,4,15.723099997558165,20.702399997389875,48.92400000244379,159.9521000025561
bookshelf/bookshelf_0671,4,3606,9838,7.6176000002305955,5.288499996822793,0.8120999991660938,5.827200002386235,7.122899995010812,39.467900001909584,5.473799996252637,131.84210000326857,4,4,4,4,13.718199996219482,18.733299999439623,52.06459999317303,178.43290000018897
bottle/bottle_0336,5,2717,21781,6.5050000048358925,4.535799998848233,0.8143999948515557,5.987200005620252,6.2316999974427745,27.58449999964796,5.424800001492258,85.85609999863664,5,5,5,5,11.855199998535682,17.028000009304378,39.24099999858299,119.67229999572737
bottle/bottle_0349,5,1296,10669,3.6707000035676174,2.0438999999896623,0.8807999984128401,5.702499998733401,3.54660000448348,15.420099996845238,5.250599999271799,45.5729999957839,5,5,5,5,6.59540000197012,11.417100002290681,24.217300000600517,64.53969999711262
bottle/bottle_0355,5,2276,13507,5.331100001058076,3.4959999975399114,0.8123000006889924,5.909699997573625,4.904300003545359,24.41529999487102,5.296999996062368,78.3926000003703,24,35,5,5,9.63939999928698,14.736799996171612,34.61659999447875,107.71219999878667
bottle/bottle_0358,5,3935,16987,8.678800004418008,5.862999998498708,0.8574000021326356,6.074199998693075,7.836700002371799,37.169299997913186,5.563600003370084,122.57349999708822,37,37,5,5,15.399200005049352,20.61600000160979,50.56960000365507,167.5794999973732
bottle/bottle_0362,5,1191,10183,3.4479000023566186,1.801400001568254,0.7976999986567535,5.73420000000624,3.5538000011001714,13.930900000559632,5.180300002393778,38.68089999741642,5,5,5,5,6.047000002581626,10.983500003931113,22.66500000405358,56.16559999907622
bottle/bottle_0395,5,1618,15602,4.533600003924221,2.6591999994707294,0.8065000001806766,5.7516000015311874,3.9627999940421432,18.311700005142484,5.278999997244682,50.759199999447446,5,5,5,5,7.999300003575627,12.944400004926138,27.55349999642931,73.03369999863207
bottle/bottle_0399,5,1135,9933,3.3283000011579134,1.7791999998735264,0.8015999992494471,5.818400000862312,3.084099997067824,13.823200002661906,5.461700005980674,37.442299995746,5,5,5,5,5.909100000280887,10.925900001893751,22.369000005710404,54.34959999547573
bottle/bottle_0414,5,2346,12310,5.185499998333398,3.067899997404311,0.8145000028889626,5.794900003820658,4.488899998250417,25.507199999992736,5.294700000376906,76.40510000055656,38,5,24,24,9.067899998626672,14.048299999558367,35.29079999862006,106.40119999879971
bottle/bottle_0415,5,1149,9221,3.174199999193661,1.6340000001946464,0.811099998827558,5.754300000262447,3.134999999019783,13.67000000027474,5.3479999987757765,37.88509999867529,5,5,5,5,5.619299998215865,10.562499999650754,22.1529999980703,54.69009999796981
bottle/bottle_0435,5,2990,23517,6.405799998901784,4.491500003496185,0.8085000008577481,5.703599999833386,5.65459999779705,30.42460000142455,5.382399998779874,99.81759999936912,37,5,5,5,11.705800003255717,16.600900002231356,41.461599998001475,135.89679999859072
bowl/bowl_0065,6,5811,37571,11.959900002693757,8.67149999976391,0.8087000023806468,6.129800000053365,10.572799998044502,59.21629999647848,5.588799998804461,185.3629999968689,6,6,6,6,21.440100004838314,26.761200002511032,75.37789999332745,255.15209999139188
bowl/bowl_0066,6,4817,28102,8.830500002659392,5.612000000837725,0.8205999984056689,5.8862000005319715,8.234900000388734,54.095400002552196,5.587500003457535,164.0174999993178,6,6,6,6,15.263100001902785,20.328700004029088,67.91780000639847,226.34780000225874
bowl/bowl_0068,6,6266,46741,13.487099997291807,10.623399997712113,0.9175000013783574,5.9049999981652945,12.2207000022172,60.340600000927225,5.781200001365505,185.2660000004107,6,6,6,6,25.027999996382277,30.015499993169215,78.34250000450993,257.82730000355514
bowl/bowl_0070,6,8772,42339,51.5300000042771,11.673599998175632,0.8416999990004115,5.768099996203091,13.969200001156423,86.5371000036248,7.074200002534781,290.13909999775933,6,6,6,6,64.04530000145314,68.97169999865582,107.580500007316,390.64540000254055
bowl/bowl_0071,6,5727,40758,11.678599999868311,8.569199999328703,0.8106999957817607,5.838600001879968,10.971499999868684,56.89849999907892,5.563899998378474,184.0924999996787,6,6,6,6,21.058499994978774,26.08640000107698,73.43389999732608,251.9624999986263
bowl/bowl_0072,6,6245,45894,13.549900002544746,10.225199999695178,0.8461000034003519,6.1879999993834645,12.35439999436494,62.89630000537727,5.554600000323262,189.43249999574618,6,6,6,6,24.621200005640276,29.96310000162339,80.80530000006547,264.6831999954884
bowl/bowl_0074,6,11824,60708,26.497699996980373,17.46160000038799,1.352500003122259,9.698899993964005,38.45260000525741,115.78860000008717,9.523300002911128,361.77589999715565,6,6,37,37,45.31180000049062,53.65819999133237,163.7645000082557,516.0171000025002
bowl/bowl_0077,6,3375,22071,8.234100001573097,4.8963999943225645,0.7943000018713064,5.73199999780627,8.375500001420733,37.6445000001695,5.346100006136112,115.58899999363348,2,26,8,8,13.924799997766968,18.86249999370193,51.366100007726345,161.6089999952237
bowl/bowl_0080,6,4978,29999,12.675599995418452,6.425100000342354,0.8615999977337196,5.965700001979712,34.87940000195522,52.14279999927385,6.003800001053605,162.69070000271313,6,29,6,6,19.962299993494526,25.06639999774052,93.02600000228267,249.7129000039422
bowl/bowl_0083,6,5538,21135,11.251700001594145,8.02500000281725,0.8068999959505163,5.75830000161659,9.976300003472716,55.02859999978682,5.58449999516597,168.6526000048616,6,6,6,6,20.083600000361912,25.035000006027985,70.5893999984255,233.65750000812113
car/car_0200,7,3480,26627,7.604799997352529,5.2426000038394704,0.8116999961202964,5.850900000950787,7.418699999107048,35.13360000215471,5.2530999964801595,108.10930000297958,7,7,7,7,13.659099997312296,18.698300002142787,47.805399997741915,150.66160000424134
car/car_0219,7,2612,23840,6.412199996702839,4.199499999231193,0.8319000044139102,5.902699995203875,5.992600003082771,29.301000002305955,5.318700001225807,84.98559999861754,7,7,7,7,11.443600000347942,16.514399991137907,40.61230000661453,120.27920000400627
car/car_0225,7,3452,22833,7.384399999864399,4.7087000057217665,0.836199993500486,5.96870000299532,6.5381000022171065,35.935200001404155,5.2254000038374215,110.44079999555834,7,7,7,7,12.929299999086652,18.061800008581486,47.69870000745868,152.9140999991796
car/car_0226,7,4992,38066,10.684399996534921,8.25040000199806,0.8155999967129901,5.754000005254056,9.471499994106125,45.225800000480376,5.532600000151433,152.08980000170413,7,2,7,7,19.75039999524597,24.688800003787037,60.229899994737934,206.78709999629064
car/car_0231,7,3921,28922,8.377999998629093,5.586100000073202,0.8046000002650544,5.828000001201872,7.6143999976920895,38.61540000070818,5.267900000035297,118.99909999920055,7,7,7,7,14.76869999896735,19.792099999904167,51.497699998435564,165.22889999760082
car/car_0240,7,2913,29379,7.544899999629706,5.2133999997749925,0.8171000008587725,5.707700001948979,7.702900002186652,30.747299999347888,5.228299996815622,85.04460000403924,7,7,7,7,13.575400000263471,18.466000001353677,43.67849999835016,123.49480000557378
car/car_0248,7,2500,12865,5.517600002349354,3.5923000032198615,0.8172999951057136,5.8315999995102175,5.263899998681154,29.29730000323616,5.302199999277946,81.07010000094306,7,7,7,7,9.92720000067493,14.941500005079433,39.86340000119526,115.63130000286037
car/car_0254,7,2941,23718,6.804199998441618,4.498800000874326,0.8091999989119358,5.746199996792711,5.962700000964105,31.526699996902607,5.151000004843809,94.13449999556178,7,7,7,7,12.11219999822788,17.049199996108655,42.64040000271052,131.6238999934285
car/car_0271,7,4124,35462,9.231200005160645,6.738600000971928,0.8122999934130348,5.73160000203643,8.07399999757763,39.78060000372352,5.554800001846161,127.89989999873796,7,7,7,7,16.782099999545608,21.701400008169003,53.40940000314731,175.75450000003912
car/car_0294,7,2745,22271,6.041100001311861,3.9837000003899448,0.8129999987431802,5.802499996207189,5.764300003647804,31.188900000415742,5.285500003083143,103.85939999832772,7,7,7,7,10.837800000444986,15.827299997908995,42.23870000714669,140.81260000239126
chair/chair_0901,8,4383,26454,8.204599995224271,5.63710000278661,0.8071999982348643,5.771800002548844,7.320899996557273,45.5943000051775,5.714699997042771,151.49150000070222,8,8,8,8,14.648899996245746,19.613500000559725,58.629899998777546,204.406700002437
chair/chair_0917,8,2423,18794,5.213999997067731,3.07730000349693,0.807700002042111,7.0650999987265095,5.215899996983353,26.470600001630373,5.374200001824647,76.50370000192197,8,8,8,8,9.099000002606772,15.35639999929117,37.06070000043837,108.1902000005357
chair/chair_0930,8,3172,19467,6.00529999792343,3.540699995937757,0.8058000021264888,5.7336000027135015,5.508199996256735,37.384700000984594,5.52149999566609,119.07639999844832,8,8,8,8,10.351799995987676,15.279599996574689,48.41439999290742,161.96929999568965
chair/chair_0938,8,4509,28926,8.40079999761656,5.379900001571514,0.8178999996744096,5.774500001280103,7.3704000024008565,49.956899994867854,5.498999998962972,161.92969999974594,8,8,8,8,14.598599998862483,19.555200000468176,62.82629999623168,219.25699999701465
chair/chair_0943,8,2360,19600,5.366099998354912,3.403700000490062,0.8148999986588024,5.792999996629078,5.206100002396852,25.53720000287285,5.4033999986131676,72.52980000339448,8,8,8,8,9.584699997503776,14.562799995474052,36.14670000388287,103.27310000866419
chair/chair_0952,8,3480,23332,6.950599999981932,4.142400001001079,0.862000000779517,5.785200002719648,5.986199998005759,40.541700000176206,5.259800003841519,133.97180000174558,8,8,8,8,11.955000001762528,16.87820000370266,51.787700002023485,180.49969999992754
chair/chair_0956,8,1870,14739,4.513400002906565,2.402300000539981,0.8088999966275878,5.6976000050781295,4.319699997722637,22.270299996307585,5.302400000800844,65.14929999684682,8,8,8,8,7.724600000074133,12.613300008524675,31.892399994831067,91.73929999087704
chair/chair_0966,8,2829,19932,6.132499998784624,3.9648000019951724,0.8047999945119955,5.763500004832167,5.389499994635116,29.388300004939083,5.568200002016965,91.36099999886937,8,8,8,8,10.902099995291792,15.860800005611964,40.346000001591165,126.13879999844357
chair/chair_0973,8,2206,13120,4.8794999966048636,2.964400002383627,0.8092999996733852,5.7663999978103675,4.492400003073271,24.173899997549597,5.21120000485098,69.77550000010524,8,8,8,8,8.653199998661876,13.610299996798858,33.87750000547385,98.44180000072811
chair/chair_0988,8,3144,20862,6.425799998396542,4.073299998708535,0.8170000000973232,5.807399997138418,5.653700005495921,37.20529999554856,5.437300002085976,118.90349999885075,8,8,8,8,11.3160999972024,16.306499994243495,48.296300003130455,161.76249999989523
cone/cone_0168,9,5314,24402,10.81970000086585,7.2902999963844195,0.853999998071231,6.279300003370736,9.400499999173917,58.54700000054436,5.561799996939953,172.60060000262456,9,9,9,9,18.9639999953215,24.389300000621006,73.50929999665823,240.54810000234284
cone/cone_0170,9,1569,13056,4.107499997189734,2.2085000018705614,0.8087999958661385,5.742400004237425,4.1339000017615035,19.311999996716622,5.583399994065985,50.955300001078285,9,9,9,9,7.124799994926434,12.05840000329772,29.02929999254411,74.40119999955641
cone/cone_0174,9,4215,19936,9.433899998839479,6.338699997286312,0.880600004165899,6.037099999957718,7.717300002695993,46.457899996312335,7.023199999821372,145.4821000006632,34,34,34,34,16.65320000029169,21.80969999608351,61.1983999988297,199.65729999967152
cone/cone_0177,9,5363,19765,10.332699996070005,7.080900002620183,0.8899000022211112,5.902699995203875,8.979800004453864,57.84529999800725,7.270299996889662,178.25380000431323,9,9,9,9,18.3035000009113,23.316299993894063,74.09539999935078,245.07890000677435
cone/cone_0179,9,1709,11098,5.058100003225263,2.167499995266553,0.7946999976411462,5.964100004348438,4.170599997451063,21.221800001512747,6.921600004716311,56.28419999993639,9,9,9,9,8.020299996132962,13.189700002840254,32.31400000368012,81.6765999989002
cone/cone_0180,9,4159,14066,8.532899999408983,4.894300000160001,0.8004000046639703,6.23759999871254,6.5854999993462116,48.25249999703374,6.918000006407965,135.87229999393458,9,9,9,9,14.227600004232954,19.664799998281524,61.756000002787914,190.71029999031452
cone/cone_0181,9,4971,17941,9.424899995792657,6.2789000003249384,0.8034999991650693,5.765900001279078,7.8405000022030436,55.482199997641146,6.869200005894527,164.3941999936942,6,34,9,9,16.507299995282665,21.469699997396674,70.19190000573872,227.7168999935384
cone/cone_0184,9,1471,11302,4.051199997775257,1.9274000005680136,0.8135999960359186,5.818900004669558,3.7336999957915395,17.80940000026021,5.24530000257073,52.99899999954505,9,9,9,9,6.792199994379189,11.797500003012829,26.78839999862248,74.5420999955968
cone/cone_0186,9,4964,21448,9.869600005913526,6.152299996756483,0.8211000022129156,6.147699998109601,7.872000001952983,55.15759999980219,6.978800003707875,165.83849999733502,9,9,9,9,16.843000004882924,22.16960000077961,70.00840000546305,228.8680999990902
cone/cone_0187,9,2598,15336,6.348000002617482,3.41399999888381,0.8053999990806915,5.9962000013911165,5.542200000490993,31.461600003240164,6.962999999814201,90.06360000057612,9,9,9,9,10.567400000581983,15.758200002892409,43.96680000354536,127.06740000430727
cup/cup_0081,10,5755,45650,58.64060000021709,10.363800000050105,0.82230000407435,5.800399994768668,10.8780000009574,53.091800000402145,5.750500000431202,177.73119999765186,37,37,37,37,69.82670000434155,74.80479999503586,69.72030000179075,241.7009999990114
cup/cup_0082,10,5657,30035,12.529100000392646,8.578699998906814,0.7991000020410866,5.677299996023066,10.795100002724212,59.985100000631064,7.289200002560392,199.7951000012108,34,34,37,37,21.906900001340546,26.785099995322526,78.06940000591567,270.5753000045661
cup/cup_0085,10,2689,16789,6.884100002935156,4.382200000691228,0.7972000021254644,5.832899994857144,6.671200004348066,29.199699994933326,6.832999999460299,95.51479999936419,32,10,26,26,12.063500005751848,17.099199998483527,42.70389999874169,131.38569999864558
cup/cup_0086,10,6504,53714,16.163600004801992,12.643899994145613,0.8189000000129454,6.068700000469107,19.51990000088699,65.04929999937303,7.141900001442991,193.47069999639643,37,37,10,10,29.62639999896055,34.87619999941671,91.71110000170302,278.03989999665646
cup/cup_0087,10,5419,21574,12.44839999708347,6.857000000309199,0.8211000022129156,6.277799999224953,11.472699996375013,57.391599999391474,7.229800001368858,186.55659999785712,32,10,10,10,20.126499999605585,25.583199996617623,76.09409999713534,255.4208999936236
cup/cup_0091,10,6812,39605,18.70690000214381,12.719600003038067,0.9221000000252388,6.053499993868172,14.876900000672322,64.88030000036815,7.47129999945173,226.65609999967273,10,8,10,10,32.34860000520712,37.47999999905005,87.2285000004922,306.4133000007132
cup/cup_0092,10,2199,15168,6.916499994986225,2.882300002966076,0.8509999970556237,6.142400001408532,8.09819999994943,25.375099998200312,6.643799999437761,70.29070000135107,5,9,37,37,10.649799995007925,15.941199999360833,40.1170999975875,103.76399999950081
cup/cup_0094,10,7687,30860,45.94270000234246,13.191300000471529,0.8087999958661385,6.269500001508277,13.674100002390333,73.0725999965216,7.9889000044204295,240.43589999928372,10,10,10,10,59.94279999868013,65.40350000432227,94.73560000333237,327.18259999819566
cup/cup_0096,10,4229,18322,10.277399996994063,7.326699997065589,0.8205000049201772,5.709099998057354,9.591499998350628,42.16499999893131,7.468199997674674,128.9327000049525,14,23,4,4,18.42459999897983,23.313199992117006,59.22469999495661,180.68920000223443
cup/cup_0099,10,5132,31214,12.621599998965394,10.166499996557832,0.800000001618173,6.1120000027585775,10.743699996965006,49.49340000166558,10.090000003401656,154.48759999708273,10,37,10,10,23.5880999971414,28.900099998281803,70.32710000203224,214.7246999957133
curtain/curtain_0140,11,3592,22995,8.464499995170627,5.230599999777041,0.9051000015460886,5.802700005006045,7.371899999270681,37.46870000031777,6.796399997256231,127.55240000115009,11,22,11,11,14.600199996493757,19.497799999953713,51.63699999684468,172.39300000073854
curtain/curtain_0142,11,2234,16256,6.511400002636947,3.526200001942925,0.8385999972233549,5.756899998232257,5.218700003752019,25.218800001312047,5.363000003853813,74.00119999510935,36,22,22,22,10.876200001803227,15.794500002812129,35.80050000891788,104.43870000017341
curtain/curtain_0143,11,2416,15560,7.138399996620137,4.361300001619384,0.8345000023837201,5.7920999970519915,5.562799997278489,24.34740000171587,5.3553999969153665,72.03770000342047,36,36,22,22,12.334200000623241,17.291799995291512,35.265599995909724,101.94790000241483
curtain/curtain_0145,11,2416,14760,5.86940000357572,3.0692000000271946,0.8142999940901063,5.886700004339218,4.815300002519507,24.130499994498678,5.5012000011629425,71.67789999948582,4,11,11,11,9.75289999769302,14.825300007942133,34.44699999818113,100.623699996504
curtain/curtain_0147,11,701,6546,2.7512000015121885,1.0177000003750436,0.8009999946807511,5.664200005412567,2.3801999996067025,11.070100001234096,5.200699997658376,30.455499996605795,11,11,11,11,4.569899996567983,9.4331000072998,18.650999998499174,43.90579999744659
curtain/curtain_0148,11,1646,10489,4.00880000233883,2.1282000016071834,0.8119999984046444,5.721200002881233,3.296299997600727,18.14359999843873,5.1045000000158325,55.87119999836432,37,11,13,13,6.949000002350658,11.858200006827246,26.54439999605529,77.31109999440378
curtain/curtain_0150,11,3725,28602,8.120400001644157,5.164700000023004,0.8235999994212762,5.750999996962491,6.4867000037338585,39.43119999894407,5.520300001080614,121.61799999739742,4,4,31,31,14.108700001088437,19.036099998629652,51.43820000375854,167.53590000007534
curtain/curtain_0154,11,2220,14554,5.1268000024720095,2.6548000023467466,0.8069999967119657,5.751700002292637,4.469799998332746,26.199400002951734,5.317499999364372,84.40210000117077,11,22,11,11,8.588600001530722,13.533300007111393,35.98670000064885,115.07130000245525
curtain/curtain_0157,11,1387,9831,3.944299998693168,1.7144999947049655,0.8237000001827255,5.675800006429199,3.1382999950437807,18.108399999618996,5.586200000834651,51.28269999840995,11,11,11,11,6.482499993580859,11.334599999827333,26.832899995497428,72.52939999307273
curtain/curtain_0158,11,1296,12155,3.9748999988660216,2.0767999958479777,0.9722000031615607,6.03679999767337,3.517200006172061,15.728799997305032,5.062299998826347,44.57859999820357,5,11,11,11,7.02389999787556,12.08849999238737,24.30830000230344,63.824600001680665
desk/desk_0202,12,2486,9946,5.682800001522992,3.1604000032530166,0.8199000003514811,5.712799997127149,4.647399997338653,31.61470000486588,5.299299999023788,84.07179999630898,33,12,12,12,9.66310000512749,14.556000001903158,41.56140000122832,120.33389999851352
desk/desk_0214,12,2262,7319,6.217499998456333,3.401599999051541,0.8139000055962242,5.620199997792952,5.026899998483714,25.98310000030324,5.293900001561269,77.34799999889219,12,12,12,12,10.433000003104098,15.239299995300826,36.30390000034822,108.35799999767914
desk/desk_0237,12,4894,10532,11.48749999993015,7.844300002034288,0.8098999969661236,5.734999998821877,8.991300004709046,48.843299999134615,5.724100003135391,144.16119999805233,30,12,12,12,20.141699998930562,25.066800000786316,63.55870000697905,201.995800001896
desk/desk_0238,12,4425,10994,11.40099999611266,7.269599998835474,0.8130000060191378,5.828499997733161,8.921799999370705,44.577799999387935,5.681000002368819,139.3750999995973,33,12,12,12,19.48360000096727,24.499099992681295,59.18060000112746,192.87469999835594
desk/desk_0241,12,4621,10444,9.676599998783786,6.445600003644358,0.8268000019597821,5.836299998918548,8.375099998374935,48.90680000244174,5.52859999879729,156.84850000252482,12,12,12,12,16.949000004387926,21.958500001346692,62.81049999961397,214.1304000033415
desk/desk_0243,12,1576,11666,7.215800003905315,2.675299998372793,0.8038000014494173,6.014599995978642,4.892700002528727,20.2177999963169,5.062500000349246,50.96909999701893,30,30,30,30,10.694900003727525,15.90569999825675,30.17299999919487,76.07959999586456
desk/desk_0257,12,4117,10046,9.094199995161034,5.815100004838314,0.8225999990827404,5.659700000251178,7.319899996218737,41.47870000451803,5.438300002424512,128.08299999596784,12,12,12,12,15.731899999082088,20.569000000250526,54.23690000316128,176.8815999967046
desk/desk_0261,12,6182,11122,12.2306999983266,9.497700004430953,0.8135999960359186,5.682200004230253,10.609199998725671,59.58269999973709,5.790399998659268,185.42339999839896,33,35,12,12,22.54199999879347,27.410600006987806,75.98229999712203,255.61529999686172
desk/desk_0263,12,1422,7940,4.544200004602317,2.5883999987854622,0.799399997049477,5.657000001519918,4.472100001294166,19.27169999544276,12.387299997499213,49.17030000069644,0,12,12,12,7.932000000437256,12.789600004907697,36.13109999423614,72.91409999743337
desk/desk_0269,12,4033,12457,9.432400001969654,6.775000001653098,0.8068999959505163,5.717600004572887,7.513999997172505,42.17310000240104,5.6867000021156855,134.8255999982939,12,12,14,14,17.014299999573268,21.92500000819564,55.37380000168923,184.51269999786746
door/door_0110,13,1877,9085,5.541099999391008,2.5435000061406754,0.8257999943452887,6.822300005296711,4.889699994237162,20.755700003064703,5.4245999999693595,63.19450000592042,4,13,13,13,8.910399999876972,14.906900010828394,31.069999997271225,88.83990000322228
door/door_0112,13,1870,8985,4.448300001968164,2.4942000018199906,1.0016999949584715,5.7270000033895485,3.8337000005412847,20.988500000385102,5.191299998841714,63.32069999916712,11,13,13,13,7.944199998746626,12.669500007177703,30.0134999997681,88.1429000000935
door/door_0113,13,2094,9128,5.162599998584483,2.744899997196626,0.812000005680602,5.982899994705804,4.411100002471358,23.50999999907799,5.361900002753828,73.0219000033685,11,13,13,13,8.71950000146171,13.890399990486912,33.283000004303176,100.94300000491785
door/door_0114,13,1940,6104,3.999100001237821,2.2180000014486723,0.8211999956984073,5.828100001963321,3.660000002128072,22.325999998429324,5.2834000016446225,67.96559999929741,13,13,13,13,7.0382999983849,12.045200004649814,31.26940000220202,93.9515999998548
door/door_0115,13,1191,5966,4.404100000101607,1.5860999992582947,1.0401999970781617,6.375100005243439,2.995299997564871,16.53710000391584,6.884900001750793,45.42579999542795,11,13,11,11,7.030399996438064,12.365300004603341,26.417300003231503,64.95819999690866
door/door_0117,13,2808,10783,6.204299999808427,3.5598999966168776,0.8033000049181283,5.674299995007459,4.794000000401866,28.478400003223214,5.513199997949414,93.33760000299662,13,13,13,13,10.567500001343433,15.438499991432764,38.785600001574494,126.6100000066217
door/door_0119,13,2262,12690,5.436999999801628,3.0478000044240616,0.8135999960359186,5.699300003470853,4.593400000885595,24.041600001510233,6.489899998996407,74.18479999614647,4,13,13,13,9.298400000261609,14.184100007696543,35.124900001392234,102.8197999985423
door/door_0121,13,3431,11311,7.262999999511521,4.635000004782341,0.8306999952765182,5.739200001698919,6.1047999988659285,35.43260000151349,5.623700002615806,117.92259999492671,13,38,13,13,12.728699999570381,17.63720000599278,47.16110000299523,159.45999999530613
door/door_0123,13,2472,11843,6.320399996184278,3.6069000052521005,0.8024999988265336,5.613299996184651,4.987100001017097,27.33260000240989,5.229700000199955,89.1540000011446,13,13,13,13,10.729800000262912,15.54059999762103,37.54940000362694,121.47370000457158
door/door_0128,13,2892,7835,6.240999995497987,3.7933999992674217,0.825700000859797,5.794000004243571,5.0972999961231835,28.126800003519747,5.288499996822793,95.49520000291523,13,13,11,11,10.860099995625205,15.82839999900898,38.512599996465724,128.71930000255816
dresser/dresser_0202,14,10571,21827,24.17530000093393,23.319799998716917,1.149499999883119,6.531500002893154,65.06699999590637,93.13280000060331,7.123600000340957,320.41400000161957,14,14,14,14,48.644599999533966,54.026600002544,165.32339999685064,478.61379999812925
dresser/dresser_0213,14,5076,9855,12.585299999045674,7.753900004900061,0.7889999978942797,6.700799996906426,11.09800000267569,50.0227000011364,5.757799997809343,170.24970000056783,14,14,14,14,21.128200001840014,27.04000000085216,66.87850000162143,231.37040000437992
dresser/dresser_0224,14,7176,13764,14.053300001251046,10.125799999514129,0.8200999945984222,5.679100002453197,11.643500001810025,67.71409999782918,5.955000000540167,225.70499999710592,23,23,14,14,24.999199995363597,29.85820000321837,85.31260000017937,305.0625999967451
dresser/dresser_0228,14,8702,17714,23.27060000243364,15.08099999773549,0.8219000010285527,5.975500003842171,18.102199996064883,76.73620000423398,6.584499999007676,261.94280000345316,14,14,14,14,39.17350000119768,44.3271000040113,101.42289999930654,356.781200003752
dresser/dresser_0235,14,6672,14209,17.59680000395747,12.549199993372895,0.8051000040723011,5.879800002730917,15.022499996121041,56.35030000121333,5.567600004724227,179.27429999690503,23,23,14,14,30.951100001402665,36.02580000006128,76.9404000020586,250.6470999942394
dresser/dresser_0236,14,3368,6394,7.56579999870155,4.426700004842132,0.8269999962067232,5.710900004487485,10.815199995704461,35.05730000324547,5.330699998012278,108.714100002544,23,23,23,23,12.819499999750406,17.703400008031167,51.20319999696221,154.58660000149393
dresser/dresser_0242,14,5202,7835,39.233099996636156,7.271399997989647,0.8142000006046146,5.645100005494896,8.810499995888676,54.11430000094697,6.197399998200126,184.96380000578938,14,14,14,14,47.31869999523042,52.1496000001207,69.12219999503577,247.88860000262503
dresser/dresser_0248,14,8877,10678,17.65940000041155,12.59139999456238,0.8135000025504269,5.717699998058379,13.782599999103695,79.71360000374261,7.995400002982933,268.38629999838304,14,14,14,14,31.06429999752436,35.96849999303231,101.49160000582924,361.88250000122935
dresser/dresser_0249,14,2682,8778,6.408699999155942,3.663099996629171,0.9119000023929402,6.1597000021720305,6.592500001715962,27.651500000501983,5.3446000019903295,88.33169999707025,22,22,14,14,10.983699998178054,16.231499997957144,39.588600004208274,122.57569999928819
dresser/dresser_0281,14,8058,9207,16.076799998700153,12.602300004800782,0.8135999960359186,5.859199998667464,13.354900002013892,71.70410000253469,6.437600000936072,245.36480000097072,14,14,14,14,29.492699999536853,34.5383000021684,91.49660000548465,330.4238000055193
flower_pot/flower_pot_0151,15,3977,28397,7.940099996631034,4.8973000011756085,0.80080000043381,5.837100005010143,7.932999993499834,44.32050000468735,5.462799999804702,135.4868999987957,33,33,31,31,13.638199998240452,18.674500002816785,57.71629999799188,187.7403999969829
flower_pot/flower_pot_0154,15,3844,26317,8.528500002285,5.026599996199366,0.8527000027243048,5.646199999318924,6.957099998544436,40.996300005645026,5.550500005483627,136.06449999497272,26,26,26,26,14.40780000120867,19.20129999780329,53.50390000967309,184.01789999916218
flower_pot/flower_pot_0156,15,4964,28050,9.345399994344916,5.516500001249369,0.8720000041648746,6.16489999811165,8.086499998171348,49.44940000132192,5.56710000091698,160.49099999509053,26,26,26,26,15.73389999975916,21.026799993705936,63.10300000041025,218.0268999945838
flower_pot/flower_pot_0157,15,9290,39768,19.364100000530016,15.55759999610018,0.8289000033983029,5.720499997551087,16.052799997851253,86.2602000051993,7.362999996985309,284.7517999980482,26,26,26,26,35.7506000000285,40.64219999418128,109.67600000003586,387.0648000010988
flower_pot/flower_pot_0160,15,4341,29138,9.173599995847326,5.961000002571382,0.8247000005212612,5.828800000017509,9.013599999889266,44.417999997676816,6.721500001731329,137.89420000102837,37,37,37,37,15.959299998939969,20.963399998436216,60.15309999929741,191.32579999859445
flower_pot/flower_pot_0162,15,6700,25370,12.224899997818284,8.38080000539776,0.843699999677483,5.812099996546749,10.286700002325233,69.46429999516113,6.321199994999915,227.31090000161203,37,37,10,10,21.449400002893526,26.417799999762792,86.07219999248628,307.0618999990984
flower_pot/flower_pot_0163,15,4285,28495,8.946800000558142,5.447600000479724,0.8133000010275282,6.059699997422285,8.009100005438086,45.0356000001193,5.679200003214646,144.2416999998386,37,37,37,37,15.207700002065394,20.45409999846015,58.723900008772034,197.286400005396
flower_pot/flower_pot_0164,15,6280,41260,13.540200001443736,8.782400000200141,0.81079999654321,5.849100001796614,10.367900002165698,62.87940000038361,7.1959999986574985,196.88239999959478,26,26,26,26,23.133399998187087,28.171700003440492,80.44330000120681,270.1297000021441
flower_pot/flower_pot_0167,15,1744,9604,4.965300002368167,2.936499993666075,0.836900006106589,5.860299999767449,5.037299997638911,19.33390000340296,6.690800000797026,55.31650000193622,37,37,26,26,8.738700002140831,13.762099995801691,31.062000001838896,79.68770000297809
flower_pot/flower_pot_0169,15,2227,16149,6.139700002677273,2.765099998214282,0.8062000051722862,5.602999997790903,4.663799998525064,24.944000004325062,5.6823999984771945,69.3630999958259,5,5,26,26,9.711000006063841,14.507799998682458,35.29020000132732,98.97089999867603
glass_box/glass_box_0182,16,2619,8413,5.963700001302641,2.8676999936578795,0.8030000026337802,5.686500000592787,4.653099997085519,31.086000002687797,5.506900000909809,101.33089999726508,4,11,4,4,9.6343999975943,14.517899995553307,41.246000000683125,137.0699999970384
glass_box/glass_box_0183,16,12125,19449,27.42519999446813,25.23020000080578,0.8826999983284622,6.4984000055119395,21.611699994537048,107.03090000606608,7.728000004135538,356.36599999998,16,16,16,16,53.53809999360237,59.15380000078585,136.37060000473866,485.0086000005831
glass_box/glass_box_0184,16,5580,11357,13.250500000140164,10.317000000213739,0.8346999966306612,5.730900003982242,12.12919999670703,54.77670000254875,5.952899999101646,168.1996999977855,16,16,16,16,24.402199996984564,29.298400004336145,72.85879999835743,235.10559999704128
glass_box/glass_box_0200,16,4950,12606,11.970300001848955,8.96929999726126,0.8090000046649948,5.701299996871967,10.311000005458482,53.46609999833163,6.111100003181491,165.33150000032037,16,16,16,16,21.74860000377521,26.64089999598218,69.8882000069716,229.10860000411049
glass_box/glass_box_0201,16,6504,12720,52.63510000077076,11.119399998278823,0.8215000052587129,5.695899999409448,12.369799995212816,65.00360000063665,6.289099997957237,208.93210000213003,16,16,16,16,64.5760000043083,69.45039999845903,83.6624999938067,286.3054999979795
glass_box/glass_box_0221,16,5622,12733,13.5152000002563,10.638399995514192,0.800000001618173,5.700900001102127,12.440099999366794,61.18849999620579,7.727000003797002,177.2698999993736,16,16,16,16,24.953599997388665,29.85449999687262,81.35559999936959,250.89849999494618
glass_box/glass_box_0224,16,4404,10849,10.07749999553198,7.217700003820937,0.8238000009441748,5.629300001601223,9.08819999312982,47.81830000138143,5.468399998790119,136.76049999776296,16,16,16,16,18.119000000297092,22.92450000095414,62.37489999330137,193.6669999922742
glass_box/glass_box_0236,16,2892,9300,8.306099996843841,4.739800002425909,0.8164000028045848,6.084799999371171,12.966499998583458,31.78730000217911,5.18259999807924,91.3698000003933,16,16,16,16,13.862300002074335,19.13069999864092,49.93639999884181,136.12360000115586
glass_box/glass_box_0237,16,3571,10910,8.994499999971595,6.294699996942654,0.8402000021305867,5.6798000005073845,8.905499998945743,39.32930000155466,5.50939999811817,116.31969999871217,34,27,16,16,16.129399999044836,20.968999997421633,53.74419999861857,164.55449999921257
glass_box/glass_box_0271,16,4684,11609,13.60180000483524,7.794799996190704,0.9677999987616204,6.357099999149796,11.25490000413265,47.0396000018809,5.448500000056811,145.94909999868833,16,16,16,16,22.364399999787565,27.75370000017574,63.74300000607036,204.24360000470188
guitar/guitar_0159,17,1163,7239,3.8149999963934533,1.2509000007412396,0.9216999969794415,6.4509000003454275,3.48400000075344,18.481500002963003,14.193899995007087,46.03200000565266,17,17,17,17,5.9875999941141345,11.51679999748012,36.15939999872353,67.9975000093691
guitar/guitar_0169,17,883,6726,3.3483999941381626,1.0983000029227696,0.814300001366064,5.523100000573322,2.186400000937283,14.51009999436792,5.12969999545021,38.214200001675636,17,17,17,17,5.260999998426996,9.969799997634254,21.826199990755413,54.91069999698084
guitar/guitar_0177,17,918,6888,3.33659999887459,1.1863999970955774,0.8457000003545545,5.614900001091883,3.4381000004941598,14.592699997592717,5.513900003279559,36.576400001649745,17,17,17,17,5.368699996324722,10.13789999706205,23.544700001366436,54.60719999973662
guitar/guitar_0178,17,764,5687,2.523399998608511,0.89490000391379,0.8087999958661385,5.727200004912447,1.9389999943086877,13.844300003256649,5.160699998668861,34.65499999583699,18,17,17,17,4.227099998388439,9.145500007434748,20.943999996234197,50.438299993402325
guitar/guitar_0186,17,834,6588,3.1197999996948056,1.2609000041265972,1.0070999996969476,6.611899996642023,2.2929999977350235,14.11020000523422,5.388399993535131,34.42630000063218,17,17,17,17,5.38780000351835,10.992600000463426,21.791599996504374,50.829500003601424
guitar/guitar_0192,17,960,6830,4.37410000449745,1.381799993396271,0.7946000041556545,5.898800001887139,2.1326999994926155,17.09819999814499,7.171500001277309,41.30509999959031,17,17,17,17,6.550500002049375,11.65469999978086,26.402399998914916,60.53599999722792
guitar/guitar_0209,17,1156,6883,3.5967000003438443,1.3601999962702394,0.8069000032264739,6.588600001123268,3.2193999941227958,19.392800000787247,6.36540000414243,46.05299999821,17,17,17,17,5.763799999840558,11.545499997737352,28.977599999052472,68.66519999312004
guitar/guitar_0239,17,743,5877,2.8209000010974705,0.996599999780301,0.8065000001806766,7.145600000512786,2.227999997558072,13.585799999418668,5.65929999720538,31.33469999738736,17,17,17,17,4.624000001058448,10.963100001390558,21.47309999418212,47.1484999943641
guitar/guitar_0245,17,974,6967,3.420599998207763,1.2201999998069368,0.8123000006889924,6.735499999194872,3.129500000795815,16.722499996831175,7.404500000120606,39.4975000017439,17,17,17,17,5.453099998703692,11.376299997209571,27.256499997747596,59.34949999937089
guitar/guitar_0253,17,1191,8351,3.6775999978999607,1.567400002386421,0.9246999979950488,5.936900000961032,2.46020000486169,20.423899994057138,4.9703999975463375,48.507100000279024,17,17,17,17,6.1696999982814305,11.181900001247413,27.854499996465165,71.39119999919785
keyboard/keyboard_0146,18,1709,12841,5.721200002881233,2.412699999695178,0.8617999992566183,6.129000001237728,4.58960000105435,26.564300002064556,4.976900003384799,61.664399996516295,18,18,20,20,8.995700001833029,14.262900003814138,36.130800006503705,92.8182999996352
keyboard/keyboard_0148,18,1338,6912,3.6741000003530644,1.494500000262633,0.8256000000983477,5.6611999971210025,3.834100003587082,19.920500002626795,5.408700002590194,50.08819999784464,31,18,18,18,5.994200000714045,10.8297999977367,29.16330000880407,73.84280000405852
keyboard/keyboard_0149,18,1961,15519,7.940800001961179,2.874999998311978,0.7882999998400919,5.6650000042282045,30.56049999577226,25.333300000056624,5.2570999978343025,61.50630000047386,18,18,18,18,11.604100000113249,16.48080000450136,61.15089999366319,117.40009999630274
keyboard/keyboard_0152,18,2514,15650,6.018799998855684,2.918600002885796,0.8501999982399866,6.708299995807465,5.051300002378412,34.99849999934668,7.488200004445389,82.6046000001952,27,18,18,18,9.787599999981467,15.645699997548945,47.53800000617048,122.6544000019203
keyboard/keyboard_0156,18,1863,12421,4.701300000306219,2.208400001109112,0.7976999986567535,5.619199997454416,3.9752000011503696,24.456600003759377,5.243699997663498,65.47520000458462,3,18,18,18,7.707400000072084,12.528899998869747,33.675500002573244,93.90700000949437
keyboard/keyboard_0157,18,1842,15417,5.428199998277705,2.865800001018215,0.8049000025494024,5.757899998570792,4.353700001956895,25.090999995882157,5.169199997908436,61.54419999802485,18,18,18,18,9.098900001845323,14.051899997866713,34.61389999574749,90.9888999958639
keyboard/keyboard_0158,18,1674,13926,5.726600000343751,2.35170000087237,0.8205999984056689,6.408000001101755,4.342000000178814,26.235500001348555,5.286200001137331,58.16390000109095,18,18,18,18,8.89889999962179,14.486300002317876,35.8637000026647,88.74140000261832
keyboard/keyboard_0160,18,1751,13063,6.316699997114483,3.021600001375191,0.803700000687968,5.669600002875086,4.42069999553496,24.06670000345912,5.290900000545662,58.75979999837,18,18,18,18,10.141999999177642,15.00790000136476,33.77829999953974,87.24719999736408
keyboard/keyboard_0161,18,1576,10437,5.516600002010819,2.0870999942417257,0.800600006186869,5.58929999533575,3.3144000044558197,21.865999995497987,5.333500004780944,56.457099999533966,0,18,18,18,8.404300002439413,13.192999991588295,30.51390000473475,81.63749999948777
keyboard/keyboard_0162,18,2416,14981,6.640899999183603,3.995200000645127,0.7980000009411015,6.023299996741116,5.19450000138022,30.455100000835955,5.251199996564537,71.36430000537075,2,18,18,18,11.434100000769831,16.659399996569846,40.90079999878071,107.01390000758693
lamp/lamp_0125,19,645,5686,2.543499998864718,0.8820000002742745,0.8138999983202666,5.632200001855381,2.2662999981548637,11.993799998890609,5.292300003929995,30.93589999480173,19,8,9,9,4.239399997459259,9.057700000994373,19.552400000975467,45.1959999918472
lamp/lamp_0126,19,1828,13029,5.176300001039635,2.162600001611281,0.8154999959515408,5.936800000199582,3.5172999996575527,24.129900004481897,5.486699999892153,63.643499997851904,19,19,19,19,8.154399998602457,13.275700002850499,33.1339000040316,91.29070000199135
lamp/lamp_0127,19,4698,29112,10.14739999664016,5.624299999908544,0.8060000036493875,7.281499994860496,7.822999999916647,46.487799998431,5.627099999401253,147.204499997315,26,37,19,19,16.577700000198092,23.0531999914092,59.9378999977489,201.51529999566264
lamp/lamp_0130,19,1156,5495,3.9223999992827885,1.9369000001461245,1.0607000003801659,6.044399997335859,3.4410000007483177,13.514000005670823,4.96259999636095,36.7199000029359,19,37,38,38,6.919999999809079,11.903699996764772,21.91760000278009,53.67490000935504
lamp/lamp_0131,19,4124,21959,8.74900000053458,5.602099998213816,0.814300001366064,5.772099997557234,6.964600004721433,45.83229999843752,5.339799994544592,134.06190000387141,19,19,19,19,15.16540000011446,20.12319999630563,58.136699997703545,186.85880000703037
lamp/lamp_0132,19,764,6730,3.3094999962486327,1.3670000043930486,1.2764999992214143,6.712900001730304,2.9426999972201884,13.516799997887574,7.612300003529526,36.44139999960316,13,19,19,19,5.952999999863096,11.389400002371985,24.07179999863729,52.900899994710926
lamp/lamp_0134,19,1226,8249,3.809899993939325,1.5750000020489097,0.797400003648363,7.105600001523271,2.637299992784392,16.284400000586174,7.031900000583846,44.48490000504535,19,19,19,19,6.182299999636598,12.490499997511506,25.953599993954413,63.40659999841591
lamp/lamp_0136,19,876,6871,2.808499993989244,1.1183000024175271,0.8828999998513609,6.189799998537637,2.6918000003206544,13.201599998865277,6.886100003612228,42.45939999964321,19,19,19,19,4.809699996258132,10.116599994944409,22.77950000279816,58.35279999882914
lamp/lamp_0139,19,1156,6001,3.759700004593469,1.4261999967857264,0.8054999998421408,6.296200001088437,2.9071000026306137,14.407599999685772,6.725900006131269,38.71449999860488,19,19,19,19,5.991400001221336,11.482100002467632,24.040600008447655,56.029200000921264
lamp/lamp_0140,19,1828,10622,4.632399999536574,2.7743000027840026,0.7995999985723756,5.601500000921078,4.123699996853247,20.300300006056204,5.297900002915412,57.02929999824846,5,5,19,19,8.206300000892952,13.008200003241654,29.721900005824864,81.45330000115791
laptop/laptop_0150,20,4460,9322,10.025600000517443,5.537999997613952,0.8394000033149496,5.813899995700922,7.245100001455285,45.04389999783598,5.466299997351598,138.17389999894658,20,20,20,20,16.403000001446344,21.377499993832316,57.75529999664286,190.46289999823784
laptop/laptop_0151,20,1926,7681,5.136200001288671,2.4811999974190257,0.8691000039107166,6.102200000896119,4.431199995451607,24.573599999712314,6.824900003266521,68.22389999433653,20,20,20,20,8.486500002618413,13.719599999603815,35.82969999843044,97.22869998950046
laptop/laptop_0153,20,2724,7102,8.005299998330884,5.427500000223517,0.8063999994192272,5.8285000050091185,6.842899994808249,32.56430000328692,6.694299998343922,90.22570000524865,20,20,20,20,14.239199997973628,19.26130000356352,46.10149999643909,129.63290000334382
laptop/laptop_0161,20,2955,12180,6.716900003084447,3.589399995689746,0.8711000045877881,5.9915999954682775,6.601799999771174,34.21320000052219,6.721900004777126,100.62319999997271,20,20,20,20,11.177400003361981,16.29789999424247,47.53690000507049,141.43820000026608
laptop/laptop_0162,20,2878,6983,6.309999997029081,3.508400004648138,0.8658000006107613,6.343099994410295,5.567300002439879,35.53059999831021,6.781599993701093,107.44700000213925,20,20,20,20,10.68420000228798,16.161499996087514,47.87949999445118,148.54490000288934
laptop/laptop_0164,20,3263,7323,8.021699999517296,5.611299995507579,0.8353000011993572,5.973999999696389,6.77680000080727,35.87600000173552,6.90799999574665,114.52640000061365,20,20,20,20,14.468299996224232,19.606999994721264,49.56079999828944,157.17920000315644
laptop/laptop_0166,20,2409,6933,8.283399998617824,6.291699995927047,0.9292000031564385,6.000399996992201,7.415000000037253,30.994000000646338,6.842299997515511,78.44749999640044,20,20,20,20,15.50429999770131,20.57549999153707,45.2512999981991,116.85649999708403
laptop/laptop_0167,20,4838,12226,10.436000004119705,7.53660000191303,0.8570999998482876,6.007699994370341,9.209399999235757,46.157200005836785,6.794699998863507,132.66339999972843,20,20,20,20,18.829700005881023,23.980300000403076,62.16130000393605,188.03000000480097
laptop/laptop_0168,20,2892,7647,7.86290000542067,4.340299994510133,0.8424000043305568,6.110900001658592,6.2573999966843985,34.28410000196891,6.960499995329883,102.86990000167862,20,20,20,20,13.04560000426136,18.314100001589395,47.50199999398319,143.41140000033192
laptop/laptop_0169,20,4642,10773,10.746799998742063,7.845400003134273,0.8511999985785224,6.270899997616652,8.769500003836583,51.20049999823095,6.98730000294745,155.1448000027449,20,20,20,20,19.443400000454858,24.863099999492988,66.95730000501499,215.11480000481242
mantel/mantel_0299,21,4705,16728,10.801699994772207,7.38880000426434,0.8075999940047041,6.1557000008178875,9.394700005941559,48.93900000024587,6.831499995314516,155.7431000037468,21,21,21,21,18.99809999304125,24.346199999854434,65.16520000150194,214.07680000993423
mantel/mantel_0313,21,4509,12062,9.85890000447398,6.644699999014847,0.8006999996723607,6.136899995908607,8.686799999850336,47.366800004965626,7.207499998912681,154.07599999889499,21,21,21,21,17.304300003161188,22.640499999397434,63.26110000372864,210.12960000371095
mantel/mantel_0315,21,4201,12025,9.857700002612546,6.968499998038169,0.8262000046670437,6.244199998036493,8.768899999267887,45.136799999454524,6.86870000208728,133.94849999895087,21,21,21,21,17.65240000531776,23.070399998687208,60.77440000080969,187.85419999767328
mantel/mantel_0327,21,6490,14393,15.018600002804305,11.748199998692144,0.9471000012126751,6.1916999984532595,12.088600000424776,63.24010000389535,7.089799997629598,198.06100000278093,21,21,21,21,27.713900002709124,32.95849999994971,82.41850000194972,273.38970000710106
mantel/mantel_0332,21,4600,14237,10.74019999941811,7.235799996124115,0.8189000000129454,6.259900001168717,9.320600001956336,48.63859999750275,6.923200002347585,155.28269999776967,21,21,21,21,18.79489999555517,24.23589999671094,64.88240000180667,213.24189999722876
mantel/mantel_0333,21,3963,13288,9.338199997728225,6.051900003512856,0.941699996474199,5.728700001782272,7.9160000022966415,39.84879999916302,5.649500002618879,129.00970000191592,4,4,21,21,16.33179999771528,21.118800003023352,53.41430000407854,176.77450000337558
mantel/mantel_0357,21,3767,13159,9.710099999210797,6.679700003587641,0.8076000012806617,5.736899998737499,7.9528999995091,38.879799998539966,5.609500003629364,115.39439999614842,21,21,21,21,17.1974000040791,22.126700001535937,52.44220000167843,162.2270999941975
mantel/mantel_0376,21,9269,19056,19.57119999860879,16.23410000320291,0.8413999967160635,5.9118999997735955,68.12470000295434,83.89139999781037,8.374800003366545,262.1242999957758,21,21,21,21,36.646699998527765,41.7172000015853,160.39090000413125,414.1403999965405
mantel/mantel_0377,21,3725,15869,10.64129999576835,7.567100001324434,0.8163000020431355,5.950699996901676,9.499200001300778,41.957599998568185,9.44339999841759,119.26459999813233,21,21,21,21,19.02469999913592,24.15909999399446,60.90019999828655,170.7213999980013
mantel/mantel_0378,21,7260,16048,14.762300001166295,11.60429999436019,0.8168000058503821,5.9512999941944145,12.954600002558436,72.47160000406438,7.507499998610001,227.96219999872847,27,21,21,21,27.183400001376867,32.3178999897209,92.93370000523282,313.3884000053513
monitor/monitor_0485,22,4712,13299,10.702700004912913,6.842099995992612,0.8061999978963286,6.293300000834279,15.463700001419056,44.841100003395695,7.146399999328423,150.66099999967264,22,22,22,22,18.350999998801854,23.838100001739804,67.45120000414317,210.9658000044874
monitor/monitor_0492,22,2780,11365,7.332599998335354,4.467600003408734,1.0597000000416301,5.938299997069407,6.438199998228811,32.042300001194235,6.954000004043337,104.5425999982399,13,22,22,22,12.859900001785718,17.738499998813495,45.43450000346638,143.02309999766294
monitor/monitor_0506,22,7358,19752,16.91189999837661,10.94559999910416,0.8595999970566481,5.734900005336385,14.897699998982716,69.3431999970926,6.337099999655038,230.11640000186162,23,22,14,14,28.71709999453742,33.59240000281716,90.57799999573035,314.35729999793693
monitor/monitor_0512,22,1737,8775,5.583199999819044,2.388799999607727,0.8238999944296665,5.6250000052386895,5.241200000455137,19.97329999721842,5.171200005861465,60.75609999970766,11,22,22,22,8.795899993856438,13.59700000466546,30.38570000353502,85.97059999738121
monitor/monitor_0521,22,4432,14868,10.717799996200483,7.332400004088413,0.8154999959515408,5.726300005335361,9.812099997361656,41.95849999814527,5.626999998639803,136.53509999858215,22,22,22,22,18.865699996240437,23.776500005624257,57.39759999414673,188.30569999408908
monitor/monitor_0531,22,5678,20472,42.775499998242594,9.114599997701589,0.8072000055108219,5.7443999976385385,10.809400002472103,57.2870999967563,5.964500000118278,181.68109999533044,22,22,22,22,52.697300001455005,57.63449999358272,74.06099999934668,249.77759999455884
monitor/monitor_0538,22,2745,11419,6.234099993889686,3.6286000031395815,0.8062999986577779,5.618000002868939,6.045499998435844,28.3562000040547,5.26680000621127,90.79059999930905,12,22,22,22,10.668999995687045,15.480699999898206,39.66850000870181,125.1923000017996
monitor/monitor_0546,22,2668,7684,6.152599999040831,3.668199999083299,0.8111999995890073,5.622899996524211,5.197700003918726,27.856000000610948,5.241200000455137,93.48699999827659,22,22,22,22,10.631999997713137,15.443699994648341,38.29490000498481,126.54070000280626
monitor/monitor_0551,22,2402,15431,6.432300004235003,3.904999997757841,0.8098000034806319,5.795899996883236,5.405700001574587,25.71200000238605,5.486800000653602,75.65140000224346,22,22,22,22,11.147100005473476,16.13319999887608,36.60450000461424,106.7691000062041
monitor/monitor_0552,22,1548,10466,4.981099998985883,2.9506999999284744,0.8113000003504567,5.641300005663652,4.283999995095655,19.14270000270335,5.027999999583699,54.85600000247359,22,22,22,22,8.743099999264814,13.57310000457801,28.454699997382704,78.2827000002726
night_stand/night_stand_0207,23,4852,9634,10.949999996228144,7.761500004562549,0.8115000018733554,5.756199992902111,8.91310000588419,55.19909999566153,5.711399993742816,174.92440000205534,33,33,33,33,19.52300000266405,24.467699993692804,69.82359999528853,239.03660000360105
night_stand/night_stand_0211,23,9381,17618,17.527399999380577,13.616699994599912,0.8204000041587278,5.7186999983969145,15.181700000539422,84.114999997837,6.595999999262858,281.3908999960404,23,23,23,23,31.964499998139217,36.862799992377404,105.89269999763928,380.6875999944168
night_stand/night_stand_0225,23,9878,18475,24.466400005621836,20.581799995852634,0.8748999971430749,6.320200001937337,19.28100000077393,94.71599999960745,7.166399998823181,313.5771000015666,23,23,23,23,45.923099998617545,51.36840000341181,121.16339999920456,427.57410000194795
night_stand/night_stand_0227,23,4278,12285,9.02660000429023,5.944099997577723,0.8085000008577481,5.660499999066815,9.257899997464847,43.58630000206176,5.692800004908349,140.6907999989926,23,14,23,23,15.779200002725702,20.63120000093477,58.53700000443496,193.5349999985192
night_stand/night_stand_0232,23,7841,12627,19.514400002663024,14.612099999794737,0.8191000015358441,5.65459999779705,15.044600004330277,70.07169999997132,5.911000000196509,225.0244000024395,23,23,23,23,34.945600003993604,39.78110000025481,91.0273000044981,310.1407000067411
night_stand/night_stand_0241,23,3522,7494,8.27959999878658,5.384700001741294,0.8394999968004413,5.711300000257324,8.24819999979809,34.290000003238674,5.333400004019495,110.40859999775421,14,14,23,23,14.503799997328315,19.375600000785198,47.87160000705626,152.94680000079097
night_stand/night_stand_0243,23,5874,10589,12.189600005513057,8.766999999352265,0.8125999956973828,5.7589999996707775,10.257400004775263,59.87029999960214,5.855600000359118,192.42040000244742,23,23,23,23,21.769200000562705,26.7156000045361,75.98330000473652,262.5481000068248
night_stand/night_stand_0257,23,9878,11773,18.427800001518335,15.23359999555396,0.8101999992504716,5.901800002902746,16.052200000558514,83.13169999746606,6.86610000411747,282.7672999992501,23,14,14,14,34.471599996322766,39.56319999997504,106.05000000214204,381.95119999727467
night_stand/night_stand_0272,23,5832,20742,11.760299996240065,8.331800003361423,0.8020999957807362,5.862600002728868,10.542600000917446,56.18110000068555,6.089000002248213,197.2853999977815,14,14,14,14,20.894199995382223,25.954700002330355,72.8127000038512,264.0090999993845
night_stand/night_stand_0278,23,5832,13311,12.413100004778244,8.820099996228237,0.8142000006046146,5.80939999781549,10.694399999920279,59.041100001195446,5.655900000419933,197.55450000229757,33,33,33,33,22.047400001611095,27.04259999882197,75.39140000153566,267.2900000034133
person/person_0089,24,1751,14597,5.36669999564765,2.392000002146233,0.8090999981504865,5.563600003370084,4.735899994557258,20.87970000138739,5.630300001939759,58.23660000169184,13,24,24,24,8.56779999594437,13.322300001163967,31.245899997884408,83.85219999763649
person/person_0090,24,2073,18363,5.654299995512702,3.1445000058738515,0.814499995613005,5.62270000227727,4.555100000288803,23.00649999961024,5.215400000452064,64.36519999988377,37,24,26,26,9.613299996999558,14.421500003663823,32.77700000035111,91.92679999978282
person/person_0091,24,2059,18034,5.629599996609613,3.1349000055342913,0.7980000009411015,5.583399994065985,4.474000001209788,22.141200002806727,5.278800002997741,63.324199996714015,24,4,5,5,9.562500003085006,14.34789999620989,31.894000007014256,89.93940000073053
person/person_0096,24,1506,13945,4.953499999828637,2.353299998503644,0.8284000068670139,5.6868999963626266,3.769299997657072,17.690799999400042,5.155200000444893,50.285199999052566,24,24,24,24,8.135200005199295,12.993699994694907,26.615299997502007,71.74529999610968
person/person_0099,24,1247,11709,3.870100001222454,1.895399997010827,0.826300005428493,5.720699999073986,3.1689999959780835,16.06970000284491,5.34670000342885,44.74299999856157,24,11,5,5,6.591800003661774,11.486199997307267,24.585400002251845,63.98169999738457
person/person_0101,24,491,5007,2.365300002566073,0.8746999956201762,0.8053000055951998,5.72939999983646,1.9507999968482181,8.510500003467314,5.275499999697786,23.410399997374043,26,11,24,24,4.045300003781449,8.969399998022709,15.736800000013318,33.871699997689575
person/person_0102,24,1044,11090,3.3801000026869588,1.843399993958883,0.8104000007733703,5.754900004831143,2.8910999972140417,14.272100001107901,5.2647999982582405,39.203899999847636,24,24,24,24,6.033899997419212,10.978400001476984,22.427999996580184,56.36709999816958
person/person_0103,24,953,8953,4.10330000158865,1.5368999956990592,0.8451000030618161,5.989299999782816,2.530099998693913,13.991400002851151,6.671600000117905,38.49869999976363,26,24,24,24,6.485300000349525,11.629499997070525,23.19310000166297,55.020200001308694
person/person_0106,24,1471,12931,3.8894999961485155,2.0871000015176833,0.8034999991650693,5.736500002967659,3.3757999990484677,17.828299998654984,5.025999998906627,50.38129999593366,24,24,24,24,6.780099996831268,11.713100000633858,26.23009999661008,71.58539999363711
person/person_0108,24,1415,12600,4.044200002681464,2.154599998902995,0.8358999984920956,5.8868000051006675,3.257500000472646,17.441699994378723,5.388500001572538,49.08860000432469,37,24,26,26,7.034700000076555,12.085600006685127,26.087699996423908,69.78779999917606
piano/piano_0233,25,6917,29549,13.728600002650637,10.257299996737856,0.8115000018733554,5.824499996379018,54.40160000580363,66.02199999906588,5.822399994940497,212.6060000009602,25,25,25,25,24.79740000126185,29.81039999576751,126.24599999981001,333.0296000058297
piano/piano_0242,25,2346,17385,6.187899998622015,3.4038000012515113,0.7970000006025657,5.930899998929817,5.615000001853332,26.880399993387982,6.699600002320949,71.27020000189077,25,25,25,25,10.388700000476092,15.522599998803344,39.19499999756226,103.76559999713209
piano/piano_0256,25,5370,11602,11.892400005308446,7.734300001175143,0.8092999996733852,5.913999993936159,9.131500002695248,56.02589999762131,5.891499997233041,176.7653999995673,25,36,3,3,20.436000006156974,25.540700000419747,71.0488999975496,241.92279999988386
piano/piano_0259,25,4866,11069,10.53449999744771,7.474400001228787,0.8050999967963435,5.951300001470372,9.319199998572003,48.29460000473773,5.655399996612687,152.9041000030702,25,22,25,25,18.81399999547284,23.96020000014687,63.26919999992242,210.51790000637993
piano/piano_0278,25,1688,11461,4.934999997203704,2.5565999967511743,0.8038000014494173,5.808699999761302,10.117099998751655,21.211800005403347,5.3076999975019135,58.032400003867224,25,25,25,25,8.295399995404296,13.30029999371618,36.636600001656916,89.36130000802223
piano/piano_0294,25,3718,9626,7.916400005342439,4.859999993641395,0.807700002042111,5.688900004315656,7.482499997422565,40.12150000198744,5.6674999941606075,125.3937000001315,27,27,25,25,13.584100001025945,18.46530000329949,53.271499993570615,172.9976999995415
piano/piano_0303,25,2227,13891,5.179200001293793,2.6241999948979355,0.7979000001796521,5.652500003634486,5.229399997915607,25.342000000819098,5.4499999969266355,68.20040000457084,25,25,25,25,8.601299996371381,13.455899999826215,36.02139999566134,98.77180000330554
piano/piano_0309,25,4194,16685,12.785300001269206,6.19390000065323,0.8717000018805265,5.856099996890407,9.1141000011703,49.286100002063904,6.776400005037431,137.77399999526097,25,25,25,25,19.850900003802963,24.835299998812843,65.17660000827163,196.17419999849517
piano/piano_0310,25,4411,18995,12.322700000368059,6.904200003191363,0.8246999932453036,5.837600001541432,9.993200001190417,44.54439999972237,5.646199999318924,148.55850000458304,28,28,28,28,20.051599996804725,25.064500005100854,60.18380000023171,203.09610000549583
piano/piano_0312,25,3102,14517,7.914599998912308,4.289100004825741,0.8349999989150092,5.604199999652337,9.380800001963507,36.01689999777591,5.681499998900108,108.05760000221198,25,25,25,25,13.038700002653059,17.807900003390387,51.079199998639524,153.4553000019514
plant/plant_0252,26,2829,16505,6.245600001420826,2.6390999992145225,0.8127999972202815,5.652400002873037,32.38199999759672,37.82080000382848,5.234699994616676,107.72279999946477,0,30,18,18,9.69749999785563,14.537100003508385,75.43749999604188,177.92560000088997
plant/plant_0267,26,1429,12099,4.373200004920363,2.319599996553734,0.8024000053410418,5.670599995937664,3.8625000015599653,16.116500002681278,4.995000002963934,50.26409999845782,24,24,24,24,7.495200006815139,12.363399997411761,24.974000007205177,70.24310000269907
plant/plant_0276,26,995,4681,3.2265999980154447,1.2597000022651628,0.814600003650412,5.7920999970519915,2.6947000005748123,14.818899995589163,6.788300001062453,45.095400004356634,26,26,24,24,5.3009000039310195,10.278399997332599,24.30189999722643,62.60900000052061
plant/plant_0278,26,2661,18373,8.075500001723412,3.221899998607114,0.796499996795319,5.753299999923911,4.469000006793067,33.02830000029644,6.867399999464396,92.1639000007417,26,26,28,28,12.093899997125845,17.050700000254437,44.3647000065539,129.6612000078312
plant/plant_0281,26,2157,15980,5.9369999944465235,2.778400004899595,0.8013999977265485,5.882600002223626,4.343499997048639,24.179799998819362,5.335999994713347,68.30880000052275,4,4,19,19,9.516799997072667,14.598000001569744,33.85929999058135,96.83209999639075
plant/plant_0304,26,5636,37218,11.460599998827092,7.419499997922685,0.8088999966275878,5.83090000145603,9.309699998993892,57.480200004647486,7.311099994694814,179.4348000039463,26,26,26,26,19.688999993377365,24.710999998205807,74.10099999833619,246.22470000758767
plant/plant_0327,26,1415,12349,5.031499997130595,2.0626999976229854,0.9764999995240942,5.671000006259419,4.149899999902118,17.230499994184356,5.280800003674813,47.49509999965085,26,24,19,19,8.070699994277675,12.765200001013,26.661199997761287,68.87549999373732
plant/plant_0329,26,2605,22033,6.173000001581386,3.888400002324488,0.8065000001806766,5.83090000145603,5.276399999274872,27.764400001615286,5.1994000023114495,81.57480000227224,26,26,26,26,10.86790000408655,15.892300005361903,38.24020000320161,114.6156000031624
plant/plant_0336,26,4908,31978,10.6311999988975,5.909999999857973,0.8024999988265336,5.951200000708923,8.19700000283774,54.823999998916406,6.837000000814442,169.05090000363998,26,26,26,26,17.343699997582007,22.492399999464396,69.85800000256859,232.07190000539413
plant/plant_0337,26,5293,34365,10.393099997600075,6.230300001334399,0.8218000002671033,5.705899995518848,9.405700002389494,56.74659999931464,5.933499996899627,177.75930000061635,26,8,26,26,17.445199999201577,22.329299994453322,72.08579999860376,243.91160000232048
radio/radio_0105,27,295,4238,2.09089999407297,0.7338000068557449,0.8132000002660789,5.873799993423745,2.3486999998567626,7.518900005379692,5.379399997764267,18.415599995933007,6,26,17,17,3.6379000011947937,8.69849999435246,15.247000003000721,28.28320000116946
radio/radio_0106,27,554,5639,2.9491000022972003,0.985999999102205,0.8416999990004115,6.331199998385273,1.8961000023409724,9.75740000285441,6.8322000006446615,25.07230000628624,0,0,11,11,4.776800000399817,10.266299999784678,18.485700005840044,36.725800011481624
radio/radio_0107,27,827,5674,2.900200001022313,1.2577000015880913,0.8109999980661087,5.680599999323022,2.1638000034727156,11.828899994725361,5.212999996729195,31.870099999650847,14,24,13,13,4.968900000676513,9.838500001933426,19.205699994927272,45.862799997848924
radio/radio_0108,27,2269,8226,5.1734000007854775,2.500099995813798,0.8049000025494024,5.694200001016725,4.01620000047842,26.966299999912735,5.431400000816211,78.59619999362621,11,36,36,36,8.478399999148678,13.367699997616,36.41390000120737,109.57869999401737
radio/radio_0111,27,4887,20834,10.17860000138171,6.959999998798594,0.8307999960379675,5.789100003312342,8.254499996837694,45.98650000116322,5.586499995843042,155.11130000231788,22,21,10,10,17.96939999621827,22.927700003492646,59.82749999384396,209.3523000003188
radio/radio_0112,27,3431,12174,7.71550000354182,4.79329999507172,0.807399999757763,5.833100003656,6.925000001501758,38.85199999785982,5.313900001056027,118.64749999949709,27,27,34,34,13.316199998371303,18.34190000226954,51.090900000417605,164.42449999885866
radio/radio_0113,27,4957,12046,9.880399993562605,6.296300001849886,0.8070000039879233,5.7850000011967495,8.266099997854326,53.4609999958775,5.935199995292351,159.41250000469154,2,2,27,27,16.983699999400415,21.96169999660924,67.66229998902418,221.13959999842336
radio/radio_0115,27,4782,13532,10.2030999987619,6.95869999617571,0.808300006610807,5.667199999152217,8.97889999760082,47.788299998501316,5.406500000390224,149.29919999849517,27,36,16,16,17.970100001548417,22.828999994089827,62.17369999649236,206.0663999945973
radio/radio_0116,27,6147,35960,16.150700001162477,10.965699999360368,0.8206999991671182,5.734300000767689,11.942599994654302,52.919800000381656,5.7027000002563,174.20149999816203,12,36,36,36,27.937099999689963,32.850700001290534,70.56509999529226,239.063899993198
radio/radio_0117,27,5790,13994,13.860099999874365,9.041199999046512,0.8003999973880127,6.933199998456985,11.772400001063943,57.250500001828186,6.245900003705174,199.91080000181682,25,25,27,27,23.70169999630889,29.83449999737786,75.2688000065973,268.93370000470895
range_hood/range_hood_0118,28,3501,11599,7.948200000100769,5.181900000025053,0.8502000055159442,5.687799995939713,7.180000000516884,40.324000001419336,5.498699996678624,114.76119999861112,28,34,28,28,13.980300005641766,18.817899996065535,53.002699998614844,162.26520000054734
range_hood/range_hood_0121,28,4852,14878,11.043999998946674,7.409999998344574,0.8199000003514811,5.725300004996825,8.707000000867993,48.70629999641096,5.514500000572298,159.29550000146264,28,28,28,28,19.27389999764273,24.179300002288073,62.92779999785125,216.7087999987416
range_hood/range_hood_0127,28,4565,18735,11.554299999261275,6.238800000573974,0.840499997138977,5.634799999825191,8.37580000370508,46.69799999828683,5.8688000062829815,144.19889999408042,28,28,28,28,18.633599996974226,23.42789999966044,60.942600008274894,199.27269999607233
range_hood/range_hood_0130,28,4145,13737,9.655200003180653,5.977999993774574,0.9513000040897168,7.088499995006714,7.875800001784228,43.62010000477312,5.518099998880643,140.00189999933355,28,28,28,28,16.584500001044944,22.72169999196194,57.01400000543799,191.4978000058909
range_hood/range_hood_0142,28,5377,19934,15.745500000775792,9.537199999613222,0.8162000012816861,6.342900000163354,11.519599996972829,54.99710000003688,5.7231999962823465,179.3662999989465,28,28,28,28,26.0989000016707,31.625600000552367,72.23989999329206,245.8829999959562
range_hood/range_hood_0159,28,4894,19682,10.056999999505933,7.168300006014761,0.8441999962087721,6.566000003658701,9.439599998586345,58.963700001186226,7.157699998060707,164.82710000127554,28,28,28,28,18.069500001729466,23.791300009179395,75.56099999783328,233.2304000010481
range_hood/range_hood_0168,28,6210,15711,13.71619999554241,10.392900003353134,0.8005999989109114,6.4105999990715645,11.536799996974878,59.96350000350503,6.147300002339762,195.25219999923138,28,28,28,28,24.909699997806456,30.51969999796711,77.64760000281967,266.7524999997113
range_hood/range_hood_0169,28,4985,14996,12.060100001690444,8.508500002790242,0.8019999950192869,7.057900002109818,10.093400000187103,49.86040000221692,5.880800003069453,152.0433999976376,21,28,28,28,21.370599999499973,27.626500006590504,65.83460000547348,211.99720000004163
range_hood/range_hood_0186,28,1618,8766,4.718000003776979,2.2243999992497265,0.8099999977275729,5.5881000007502735,4.225199998472817,19.7282000008272,5.052799999248236,52.078200002142694,28,9,28,28,7.752400000754278,12.530500003776979,29.006199998548254,76.03160000144271
range_hood/range_hood_0209,28,2864,7243,8.648799994261935,4.1334000052302144,0.7975999978953041,7.3088999997708015,6.0615999973379076,37.749900002381764,6.056400001398288,113.70519999763928,28,20,28,28,13.579799997387454,20.09109999926295,49.86790000111796,157.51669999735896
sink/sink_0133,29,2024,10860,5.07369999832008,2.4915000030887313,0.7933999950182624,5.870799999684095,4.996600000595208,27.357700004358776,7.972599996719509,72.93470000149682,36,29,29,29,8.358599996427074,13.436000001092907,40.32690000167349,105.2890000064508
sink/sink_0136,29,3893,14643,55.6293999979971,6.831600003351923,0.8080999978119507,6.959999998798594,7.535100005043205,36.1782999971183,5.358299997169524,113.865800005442,16,8,16,16,63.26909999916097,69.42100000014761,49.07169999933103,157.5792000076035
sink/sink_0138,29,2388,12501,6.4102999967872165,3.0870999980834313,0.8305000010295771,5.686000004061498,5.04229999933159,27.07419999933336,5.212399999436457,71.40359999903012,7,29,29,29,10.327899995900225,15.183399998932146,37.328899998101406,103.52009999769507
sink/sink_0139,29,4299,29597,9.283100000175182,7.089899998391047,0.956900003075134,6.434299997636117,7.999900000868365,49.14499999722466,5.6351999955950305,144.7686000028625,6,6,29,29,17.329900001641363,22.807299996202346,62.780099993688054,201.91350000095554
sink/sink_0140,29,4194,16841,11.522700006025843,8.41769999533426,0.8120999991660938,5.747100003645755,9.720599999127444,42.165400001977105,5.69569999788655,132.63960000040242,36,4,29,29,20.752500000526197,25.68750000500586,57.5816999989911,184.52560000150697
sink/sink_0141,29,2493,8809,7.235199998831376,3.5630999991553836,0.8202000026358292,6.11199999548262,6.5591000020504,27.712000002793502,7.742900001176167,76.6721999971196,35,35,29,29,11.61850000062259,16.91029999346938,42.01400000602007,110.94330000196351
sink/sink_0142,29,1814,14469,6.095000004279427,2.809600002365187,1.1389999999664724,6.314199999906123,4.524099997070152,26.206700000329874,6.561900001543108,62.135799998941366,29,2,1,1,10.043600006611086,15.218800006550737,37.292699998943135,92.86659999634139
sink/sink_0143,29,5881,25544,20.11080000374932,8.752699999604374,0.8092999996733852,6.394099997123703,11.045500003092457,66.18780000280822,6.006899995554704,200.56230000045616,29,29,20,20,29.672800003027078,35.257600000477396,83.24020000145538,277.79560000635684
sink/sink_0145,29,1863,7891,6.032100005540997,2.911399998993147,1.010599997243844,6.1956999998074025,5.296800001815427,23.828600002161693,5.071500003396068,65.05699999979697,34,2,36,36,9.954100001777988,15.139200004341546,34.19690000737319,94.18240000377409
sink/sink_0146,29,4306,13278,14.75110000319546,5.743199995777104,0.7918000046629459,5.826299995533191,8.812100000795908,51.05810000532074,5.532900002435781,151.06240000022808,29,2,29,29,21.28610000363551,26.320599994505756,65.40310000855243,210.93260000634473
sofa/sofa_0681,30,6784,11002,14.842700002191123,9.269200003473088,0.8514999935869128,6.198900002345908,12.522700002591591,67.97260000166716,7.717200001934543,225.18989999662153,23,23,23,23,24.963399999251124,30.31080000801012,88.2125000061933,305.6852000008803
sofa/sofa_0685,30,3193,15645,38.7990000017453,5.2504999985103495,0.8067000017035753,5.592699999397155,7.385699995211326,32.56630000396399,5.467599999974482,97.72499999962747,30,30,30,30,44.85620000195922,49.6421999996528,45.419599999149796,137.67699999880278
sofa/sofa_0691,30,4628,23049,11.973200002103113,8.124499996483792,0.8034999991650693,5.672999999660533,9.885400002531242,44.16800000035437,6.899699998029973,127.52099999488564,30,30,30,30,20.901199997751974,25.770699998247437,60.95310000091558,181.57439999777125
sofa/sofa_0707,30,3669,10462,11.043699996662326,5.39530000241939,0.8076000012806617,6.107799999881536,7.424499999615364,43.13420000107726,6.985699998040218,125.02630000381032,30,30,30,30,17.246600000362378,22.54679999896325,57.54439999873284,175.58500000450294
sofa/sofa_0716,30,5608,43952,14.78089999727672,10.49570000031963,0.8214999979827553,5.64420000591781,11.560299994016532,51.26790000213077,5.638599999656435,153.16290000191657,30,30,30,30,26.098099995579105,30.92080000351416,68.46679999580374,215.99109999806387
sofa/sofa_0719,30,3305,22944,8.285100004286505,5.2864999961457215,0.8138999983202666,5.732000005082227,7.544599997345358,33.57690000120783,5.199399995035492,96.76320000289707,30,30,30,30,14.385499998752493,19.303600005514454,46.32089999358868,137.88470000145026
sofa/sofa_0732,30,3648,20989,9.425399999599904,6.043599998520222,0.8312999998452142,6.008399999700487,7.816800003638491,39.20059999654768,7.109899997885805,115.21399999764981,30,30,30,30,16.30029999796534,21.477399997820612,54.127299998071976,162.23139999783598
sofa/sofa_0767,30,3515,14094,8.969999995315447,5.990000005112961,0.8990999995148741,6.151199995656498,7.766400005493779,37.23879999597557,6.721500001731329,115.71430000185501,30,30,30,30,15.859099999943282,21.111199996084906,51.726700003200676,160.71950000332436
sofa/sofa_0769,30,2766,13752,10.434100004204083,4.434199996467214,0.9740000023157336,5.8932999963872135,6.778800001484342,31.694099998276215,6.66579999960959,93.95599999697879,30,30,30,30,15.842300002987031,20.76159999705851,45.13869999937015,132.42889999673935
sofa/sofa_0770,30,3466,12433,9.459199995035306,5.180200001632329,0.8069000032264739,5.8566999941831455,7.28250000247499,38.2817999998224,6.9224999970174395,111.40140000497922,30,30,30,30,15.446299999894109,20.49609999085078,52.486799999314826,156.9657000072766
stairs/stairs_0128,31,5020,18098,10.983100000885315,6.913099998200778,0.8300999979837798,6.330700001853984,8.932799995818641,54.28020000545075,7.1233999988180585,178.34769999899436,25,30,16,16,18.726299997069873,24.226900000940077,70.33640000008745,241.56070000026375
stairs/stairs_0130,31,2052,10360,5.75599999865517,2.912099997047335,0.8093000069493428,5.971799997496419,5.083800002466887,25.46049999364186,6.9224999970174395,66.04440000228351,29,24,29,29,9.477400002651848,14.639899993198924,37.46679999312619,96.58869999839226
stairs/stairs_0134,31,2633,19761,7.238799997139722,3.7662999966414645,0.8637999999336898,6.165100006910507,5.247899993264582,30.13970000029076,6.7922000016551465,86.73010000347858,31,31,31,31,11.868899993714876,17.170200000691693,42.17979999521049,122.11769999703392
stairs/stairs_0135,31,4950,24151,9.674799999629613,6.115299998782575,0.8307999960379675,6.340300002193544,7.778899998811539,53.88880000100471,6.877899999381043,175.276699999813,37,37,31,31,16.620899994450156,22.130400000605732,68.5455999991973,236.94439999962924
stairs/stairs_0136,31,1751,12634,5.4318000038620085,3.270099994551856,1.1526000016601756,7.921600001282059,4.394700001284946,23.61430000019027,7.064500001433771,62.05000000045402,31,8,25,25,9.85450000007404,16.623499999695923,35.073500002908986,90.05900000192923
stairs/stairs_0137,31,6343,15217,13.936600000306498,9.617800002160948,0.8205999984056689,5.667199999152217,10.690300005080644,63.60539999877801,5.756000005931128,204.31139999709558,10,8,25,25,24.375000000873115,29.221600001619663,80.05170000978978,278.60710000095423
stairs/stairs_0138,31,1653,11616,4.159399999480229,1.8928999998024665,0.8101999992504716,5.960700000287034,4.404799998155795,19.778399997449014,5.458199993881863,57.464199999230914,31,26,31,31,6.862499998533167,12.012999999569729,29.641399989486672,81.64739999483572
stairs/stairs_0139,31,1576,11344,4.247199998644646,1.923199997690972,0.8136000033118762,5.708899996534456,3.35839999752352,19.99410000280477,5.112799997732509,56.79670000245096,31,31,19,19,6.983999999647494,11.879299992870074,28.4652999980608,80.14920000277925
stairs/stairs_0143,31,2192,11521,6.068399998184759,3.5497999997460283,0.865399997564964,5.898399998841342,4.9705000055837445,24.21899999899324,5.332000000635162,62.9689999987022,18,36,12,12,10.483599995495752,15.516599996772129,34.52150000521215,92.15850000327919
stairs/stairs_0144,31,1051,7641,3.652300001704134,1.5200999987428077,0.8175999973900616,5.615000001853332,3.160699998261407,15.45530000294093,5.195300000195857,39.87030000280356,22,22,31,31,5.989999997837003,10.787400002300274,23.811300001398195,58.4863000040059
stool/stool_0095,32,3158,22479,7.6023999936296605,4.564500006381422,0.8054999998421408,6.057699996745214,6.770599997253157,37.38030000386061,5.321199998434167,111.84760000469396,19,19,8,8,12.972399999853224,18.224599996756297,49.472099999547936,155.99850000580773
stool/stool_0096,32,1450,9737,4.062199994223192,1.931200000399258,0.818000000435859,5.6068999983835965,3.726200004166458,19.56899999640882,5.470099997182842,56.73450000176672,8,24,32,32,6.811399995058309,11.600299993006047,28.76529999775812,80.029700002342
stool/stool_0097,32,2171,13728,5.028299994592089,2.9441000006045215,1.0051999997813255,5.73420000000624,4.221200004394632,25.48440000100527,5.3079999997862615,73.44000000011874,13,31,32,32,8.977599994977936,13.70659999520285,35.01360000518616,103.14560000551865
stool/stool_0101,32,2458,17552,6.226400000741705,3.475600002275314,0.8339999985764734,6.258299996261485,5.1708000028156675,29.64159999828553,5.422900001576636,84.2622999989544,32,32,32,32,10.536000001593493,15.960299999278504,40.23530000267783,119.0747000000556
stool/stool_0102,32,1919,13001,4.954199997882824,2.9686999987461604,0.8452000038232654,5.894100002478808,4.612599994288757,24.71450000302866,5.414700004621409,75.99949999712408,32,37,32,32,8.76810000045225,13.816999999107793,34.74180000193883,105.3265999944415
stool/stool_0103,32,3417,16031,7.455199993273709,4.879400003119372,0.8526000019628555,5.813399999169633,6.446699997468386,36.09460000006948,5.5228999990504235,109.14430000411812,19,23,19,19,13.187199998355936,18.147999995562714,48.064199996588286,151.68560000165598
stool/stool_0105,32,1989,12587,5.119800000102259,2.730200001678895,0.8095000011962838,5.6761000014375895,4.494100001465995,22.937899993848987,5.2180000056978315,62.27579999540467,19,32,19,19,8.659500002977438,13.526100003218744,32.65000000101281,89.70779999071965
stool/stool_0106,32,1170,9908,4.399600002216175,1.7743999997037463,0.7985999982338399,5.668100006005261,3.183199994964525,14.770000001590233,5.241200000455137,41.00089999701595,24,5,24,24,6.972600000153761,11.842100007925183,23.194399997009896,58.95409999357071
stool/stool_0107,32,988,7720,3.6584999979822896,1.317300004302524,0.8295000006910414,6.1373999997158535,2.5841999959084205,14.58940000156872,7.284300001629163,39.164900001196656,32,19,32,32,5.805300002975855,11.113200002000667,24.457899999106303,56.3384999986738
stool/stool_0108,32,1723,12276,4.455000002053566,2.6222999949823134,0.8474999995087273,6.043000001227483,3.610500003560446,22.141499997815117,6.684500003757421,61.388200003420934,19,32,32,32,7.924799996544607,13.120299998263363,32.436500005132984,87.1402000047965
table/table_0410,33,2864,9932,8.776000002399087,6.443999998737127,0.825700000859797,6.229699996765703,7.253900002979208,33.45429999899352,6.897799998114351,98.29370000079507,33,12,33,33,16.04570000199601,21.449699997901917,47.60600000008708,139.0019000027678
table/table_0416,33,1520,7033,5.984099996567238,3.6742000011145137,0.9859000056167133,6.595099999685772,5.000400000426453,21.660399994289037,9.059700001671445,57.84009999479167,33,33,33,33,10.644200003298465,16.253399997367524,35.720499996386934,84.50089998950716
table/table_0424,33,3732,11818,11.5046999999322,6.716900003084447,0.8310999983223155,6.62690000172006,8.542399998987094,45.9539000003133,8.191399996576365,132.55490000301506,33,33,33,33,19.052700001338962,24.848500004736707,62.687699995876756,187.05120000231545
table/table_0426,33,2584,9322,6.621599997743033,3.937900000892114,0.7956000044941902,6.957300000067335,5.7583999951020814,28.214600002684165,6.932199998118449,77.08640000055311,33,33,33,33,11.355100003129337,17.51679999870248,40.905199995904695,111.05939999833936
table/table_0427,33,4635,12259,10.033900005510077,6.989499997871462,0.8689999958733097,6.746400002157316,7.926500002213288,52.46349999652011,7.2689000007812865,167.70350000297185,12,12,12,12,17.89239999925485,23.769800005538855,67.65889999951469,228.09350000170525
table/table_0429,33,2794,8683,6.992200003878679,3.8894999961485155,0.8221000025514513,7.508599999709986,6.157399999210611,32.260100000712555,8.551300001272466,89.67339999799151,12,12,12,12,11.703800002578646,18.39029999973718,46.96880000119563,128.09089999791468
table/table_0434,33,1772,7669,4.393899995193351,2.060300001176074,0.7922000004327856,6.719100005284417,3.9620999959879555,24.642900003527757,6.5700999984983355,68.14789999771165,33,33,33,33,7.246399996802211,13.173300001653843,35.17509999801405,96.75289999722736
table/table_0439,33,3893,9402,8.447399995930027,5.0066999974660575,0.9509000010439195,6.05609999911394,6.894900005136151,43.8261999952374,8.479799995257054,126.63420000171755,3,12,12,12,14.404999994440004,19.510199992510024,59.20089999563061,177.3553000020911
table/table_0460,33,3648,11225,54.483299994899426,5.532600000151433,0.8285000003525056,5.62270000227727,7.147700001951307,37.81819999858271,5.298800002492499,120.52810000022873,25,33,33,33,60.844399995403364,65.63859999732813,50.26470000302652,165.49400000076275
table/table_0462,33,4460,16647,9.302200000092853,6.066200003260747,0.807399999757763,5.699000001186505,7.939899995108135,48.19150000548689,5.379199996241368,146.5747000038391,12,12,33,33,16.175800003111362,21.067400004540104,61.51059999683639,202.70610000443412
tent/tent_0167,34,3606,16418,8.284600000479259,4.910600000584964,0.8156999974744394,5.714300001272932,6.976700002269354,40.488899998308625,5.239899997832254,118.10610000247834,26,26,34,34,14.010899998538662,18.909500002337154,52.70549999841023,165.57170000305632
tent/tent_0169,34,6735,10524,12.872100000095088,9.27659999433672,0.8071000047493726,5.8789999966393225,11.173899998539127,65.36590000177966,5.823699997563381,209.26670000335434,27,36,34,34,22.95579999918118,28.02769999107113,82.36349999788217,285.80650000367314
tent/tent_0170,34,1324,8036,4.008700001577381,1.8286999984411523,0.8048999952734448,5.826300002809148,4.300100001273677,19.87840000219876,5.3979000003892,49.85569999553263,0,0,18,18,6.642299995291978,11.663700002827682,29.576400003861636,74.03419999900507
tent/tent_0171,34,2997,11979,7.0573999983025715,4.212799998640548,0.8472999979858287,5.685800002538599,5.692200000339653,32.26320000248961,5.231900002399925,89.41590000176802,36,7,36,36,12.117499994928949,16.95599999948172,43.18730000522919,127.37130000459729
tent/tent_0174,34,3893,13572,15.399399999296293,4.788500002177898,0.8495000001857989,5.7699000026332214,6.810799997765571,42.526199998974334,5.269600005703978,140.88389999960782,34,34,34,34,21.03740000165999,25.957800004107412,54.606600002443884,190.22089999634773
tent/tent_0175,34,2752,12004,7.9091000006883405,3.631300001870841,0.8673999982420355,5.664600001182407,5.522699997527525,32.48390000226209,5.550900001253467,87.90529999532737,25,25,7,7,12.407800000801217,17.20500000374159,43.55750000104308,125.91189999511698
tent/tent_0176,34,4138,24031,10.17899999715155,5.484599998453632,1.273499998205807,5.84789999993518,8.87180000427179,44.24540000036359,5.324599995219614,131.57190000492847,34,34,34,34,16.93709999381099,21.511499995540362,58.44179999985499,184.68910000956384
tent/tent_0178,34,3312,21049,8.062499997322448,4.325399997469503,0.8075000005192123,5.63749999855645,7.464500005880836,37.95189999800641,5.3380000026663765,113.42049999802839,34,2,34,34,13.195399995311163,18.0253999933484,50.754400006553624,158.83690000191564
tent/tent_0182,34,2332,16389,7.303400001546834,3.310699998110067,0.8275000000139698,5.824100000609178,5.668300000252202,28.061700002581347,5.074699998658616,78.39819999935571,34,2,34,34,11.44159999967087,16.43820000026608,38.804700001492165,112.12820000218926
tent/tent_0183,34,6399,16106,13.069000000541564,8.0593000020599,0.8203999968827702,5.665299999236595,40.853600003174506,67.04009999521077,6.010899996908847,220.23579999950016,10,37,22,22,21.948699999484234,26.79360000183806,113.90459999529412,328.12949999788543
toilet/toilet_0354,35,2388,9383,6.028099996910896,3.0371000029845163,0.8164999962900765,5.662099996698089,6.108900000981521,31.36090000043623,5.170999997062609,81.77620000060415,35,8,8,8,9.881699996185489,14.727299996593501,42.64079999848036,119.2460000020219
toilet/toilet_0357,35,1849,13351,6.279100001847837,3.0093000023043714,0.9141999980784021,6.32680000126129,4.7811999975237995,22.751399999833666,6.647999995038845,63.68780000047991,8,8,35,35,10.20260000223061,15.615200005413499,34.18059999239631,91.22039999783738
toilet/toilet_0391,35,6196,38962,14.502999998512678,9.729099998367019,0.8190000007743947,5.778699996881187,11.130200000479817,62.266400003863964,5.834099996718578,194.50240000151098,35,35,35,35,25.05109999765409,30.010799993760884,79.23070000106236,267.89900000585476
toilet/toilet_0404,35,5279,42367,13.542300002882257,9.652699998696335,0.8307000025524758,6.15010000183247,10.379599996667821,51.976000002468936,5.492700001923367,165.24049999861745,35,35,35,35,24.025700004131068,29.345100003411062,67.84830000106012,227.5960999977542
toilet/toilet_0407,35,5461,33044,12.773099995683879,8.779499999945983,0.9135000000242144,5.676799999491777,10.666000001947396,50.38870000134921,5.817899997055065,171.22240000026068,35,35,35,35,22.466099995654076,27.22939999512164,66.87260000035167,232.27710000355728
toilet/toilet_0408,35,3613,21310,9.250100003555417,5.958299996564165,0.8108999973046593,5.745500006014481,8.166999999957625,40.03319999901578,5.309499996656086,118.89679999876535,8,8,35,35,16.01929999742424,20.953900006134063,53.50969999562949,167.09699999773875
toilet/toilet_0425,35,4425,31144,9.73589999921387,6.7449999987729825,0.8321999994223006,5.728500000259373,8.495900001435075,44.82480000297073,5.578199998126365,141.7074999990291,35,35,35,35,17.313099997409154,22.209399998246226,58.89890000253217,195.0282000034349
toilet/toilet_0431,35,6644,44785,15.33190000191098,11.171199999807868,0.8392999952775426,5.649099999573082,12.372500001220033,60.884999998961575,5.734500002290588,197.76249999995343,35,35,35,35,27.34239999699639,32.15220000129193,78.9920000024722,271.02000000013504
toilet/toilet_0436,35,3634,31965,9.0076999986195,5.843000006279908,0.8125999956973828,5.904400000872556,8.281399997940753,36.35750000103144,5.3597000005538575,119.6468999987701,35,35,35,35,15.663300000596792,20.755100005771965,49.99859999952605,164.2857999977423
toilet/toilet_0444,35,5209,38981,11.407799996959511,7.775400001264643,0.8133000010275282,5.778699996881187,9.42629999917699,52.10150000493741,5.780300001788419,168.4555999963777,35,35,35,35,19.996499999251682,24.96189999510534,67.30810000590282,229.9834000004921
tv_stand/tv_stand_0283,36,2192,9125,6.580399996892083,4.497100002481602,0.815400002466049,5.899199997656979,6.26909999846248,24.42929999961052,5.114999999932479,63.83099999948172,36,36,3,3,11.892900001839735,16.976699997030664,35.81339999800548,94.52939999755472
tv_stand/tv_stand_0305,36,4684,14039,10.611099998641293,6.721799996739719,0.8481000040774234,5.759100000432227,8.578599998145364,56.036599999060854,6.8615999989560805,168.48290000052657,8,36,36,36,18.180999999458436,23.09199999581324,71.4767999961623,233.0980999977328
tv_stand/tv_stand_0310,36,5076,13078,10.743300001195166,7.390500002657063,0.7966999983182177,5.887100000109058,9.169500001007691,50.67469999630703,6.778299997677095,165.02670000045327,36,36,12,12,18.930500002170447,24.020900003961287,66.62249999499181,224.870899997768
tv_stand/tv_stand_0323,36,6343,13978,16.167200003110338,12.487699998018797,1.276399998459965,9.886699997878168,13.2175000035204,60.83550000039395,5.754399993747938,192.85190000664443,21,25,36,36,29.9312999995891,38.5415999990073,79.80739999766229,266.9049000105588
tv_stand/tv_stand_0341,36,3795,20232,8.915700003853999,5.934999993769452,0.8135000025504269,5.748299998231232,8.27180000487715,43.728500000725035,5.69819999509491,128.05730000400217,30,30,33,33,15.664200000173878,20.598999995854683,57.698500000697095,180.05760000960436
tv_stand/tv_stand_0343,36,3312,8147,7.180699998571072,4.461800002900418,0.8175999973900616,5.626600002869964,6.328399998892564,31.498399999691173,5.512499999895226,92.15099999710219,36,7,36,36,12.460099998861551,17.269100004341453,43.339299998478964,129.97779999568593
tv_stand/tv_stand_0345,36,3704,10936,8.471399996778928,5.914900000789203,0.8501999982399866,5.768900002294686,7.320999997318722,39.675799998803996,5.515700002433732,127.77829999686219,36,36,36,36,15.236499995808117,20.155199999862816,52.51249999855645,174.7750999929849
tv_stand/tv_stand_0360,36,4173,17395,10.754499999166,6.217200003447942,0.811099998827558,5.84270000399556,8.536699999240227,42.969099995389115,7.11839999712538,132.68120000429917,36,36,36,36,17.7828000014415,22.814400006609503,58.62419999175472,184.1869999989285
tv_stand/tv_stand_0362,36,10095,21996,23.19730000454001,20.32630000030622,0.8328999974764884,5.783699998573866,18.77059999969788,88.55870000115829,8.886499999789521,303.57979999826057,23,23,23,23,44.35650000232272,49.307300003420096,116.21580000064569,410.90909999911673
tv_stand/tv_stand_0364,36,3760,9201,8.481800003210083,5.455799997434951,0.8463000049232505,5.653599997458514,8.587199998146389,40.45420000329614,5.343900003936142,125.51909999456257,27,27,36,36,14.783900005568285,19.591199998103548,54.38530000537867,174.5604999960051
vase/vase_0476,37,11012,54613,69.59780000033788,16.583600001467858,0.9514999983366579,6.208499995409511,17.364900006214157,109.60329999943497,9.114400003454648,359.5757000002777,37,37,37,37,87.1329000001424,92.38989999721525,136.08260000910377,486.54390000592684
vase/vase_0487,37,1772,16084,5.19420000637183,3.062399999180343,0.8296999949379824,5.738800005929079,5.549699999392033,21.12519999354845,6.523600000946317,59.679700003471226,5,5,37,37,9.086300000490155,13.995400011481252,33.1984999938868,86.35459999641171
vase/vase_0491,37,2661,22140,6.9704999987152405,3.9722000001347624,0.8054999998421408,5.655699998897035,5.309200001647696,28.06399999826681,5.238999998255167,80.64390000072308,37,37,37,37,11.748199998692144,16.598399997747038,38.61219999816967,114.01710000063758
vase/vase_0521,37,5356,40032,12.040399997204076,8.918600004108157,0.8010000019567087,6.978299999900628,15.448899997863919,50.258999996003695,5.504300002939999,164.18989999510814,37,37,37,37,21.760000003268942,27.93730000121286,71.21219999680761,229.89779998897575
vase/vase_0527,37,5447,30375,12.96810000349069,8.056200000282843,0.7905000020400621,6.079199993109796,11.25020000472432,53.36399999941932,7.023400001344271,173.0779999998049,4,4,37,37,21.814800005813595,27.10349999688333,71.63760000548791,237.69220000394853
vase/vase_0528,37,6210,40024,16.46219999383902,9.615100003429689,0.8206999991671182,5.943800002569333,13.197699998272583,60.904300000402145,5.67600000067614,186.2401999969734,37,33,37,37,26.89799999643583,32.02109999983804,79.77799999935087,260.3421999956481
vase/vase_0530,37,1947,19143,9.420399997907225,3.9601000025868416,0.8018000007723458,5.86240000120597,6.507499994768295,19.60440000402741,5.340499999874737,53.28590000135591,37,37,4,4,14.182300001266412,19.242900001700036,31.452399998670444,79.39780000015162
vase/vase_0542,37,5321,43705,39.04589999729069,9.270100003050175,0.8094000004348345,5.862599995452911,10.231800006295089,45.96839999430813,5.629300001601223,156.10230000311276,37,37,37,37,49.1254000007757,54.178599995793775,61.82950000220444,212.30250000371598
vase/vase_0548,37,9332,25234,20.734699995955452,15.063300001202151,0.8202000026358292,5.679399997461587,16.073999999207444,79.51750000211177,6.959800004551653,280.30229999421863,37,37,10,10,36.61819999979343,41.47739999461919,102.55130000587087,375.89379999553785
vase/vase_0572,37,2899,18425,7.594399998197332,3.8480000002891757,0.9710000013001263,5.978499997581821,7.75689999863971,29.12110000033863,5.177800005185418,102.18589999567484,5,37,37,37,12.413399999786634,17.42089999606833,42.05580000416376,139.06389999465318
wardrobe/wardrobe_0089,38,4782,11201,10.319300003175158,6.303800000750925,0.800000001618173,5.939999995462131,8.15820000570966,44.858399996883236,5.36669999564765,152.2396000000299,38,38,38,38,17.423100005544256,22.563099999388214,58.383299998240545,205.2562000026228
wardrobe/wardrobe_0096,38,2864,6645,7.015800001681782,3.6242999995010905,0.7954000029712915,5.756599995947909,5.740100001276005,27.94279999943683,5.136200001288671,90.61389999988023,38,38,38,38,11.435500004154164,16.39669999713078,38.819100002001505,124.29680000059307
wardrobe/wardrobe_0097,38,2094,8081,5.381800001487136,3.4471000035409816,0.7987999997567385,5.831700000271667,5.11039999400964,21.827800002938602,5.188700000871904,65.3904999999213,38,4,4,4,9.627700004784856,14.660600005299784,32.126899997820146,92.32869999686955
wardrobe/wardrobe_0098,38,4152,7435,9.419100002560299,6.244099997275043,0.7975999978953041,6.058800005121157,7.973200001288205,44.972599993343465,7.344199999351986,140.7787000061944,22,22,38,38,16.460799997730646,21.7220000049565,60.289999993983656,193.72450000082608
wardrobe/wardrobe_0099,38,2822,6618,8.34039999608649,5.401900001743343,0.7958999995025806,6.90539999777684,6.436399999074638,30.12519999901997,5.246400003670715,91.43849999964004,14,14,14,14,14.538199997332413,20.647699995606672,41.80800000176532,128.00009999773465
wardrobe/wardrobe_0101,38,2010,7210,5.68090000160737,2.7913999947486445,0.8121999999275431,6.124900006398093,4.822999995667487,23.575600003823638,6.398099998477846,66.09100000059698,5,5,5,5,9.284499996283557,14.597200002754107,34.79669999796897,94.4896000000881
wardrobe/wardrobe_0102,38,1100,6079,3.7934000065433793,1.7560999986017123,0.8044999995036051,7.008799999312032,3.1531999993603677,15.601500002958346,5.270399997243658,41.45520000020042,4,38,38,38,6.354000004648697,12.558300004457124,24.02509999956237,60.209900002519134
wardrobe/wardrobe_0103,38,5132,7279,11.294999996607658,7.31130000349367,0.7961000010254793,6.272099999478087,9.301799997047056,51.35069999960251,7.037399998807814,171.18610000034096,38,38,38,38,19.402400001126807,24.878399999579415,67.68989999545738,231.83859999699052
wardrobe/wardrobe_0106,38,3949,8521,9.33190000068862,5.783200002042577,0.9866999971563928,6.500099996628705,8.284800002002157,40.130900000804104,5.420499997853767,131.7877999972552,38,38,38,38,16.10179999988759,21.615199999359902,53.83620000066003,180.20350000006147
wardrobe/wardrobe_0107,38,3487,9334,8.676999997987878,6.343699998978991,1.3299000056576915,6.062399996153545,7.901999997557141,31.291500003135297,5.398300003434997,102.62929999589687,38,37,38,38,16.35060000262456,21.083099993120413,44.591800004127435,141.8227999965893
xbox/xbox_0106,39,3921,15601,11.573699994187336,6.031700002495199,0.8386000044993125,5.698499997379258,7.756599996355362,37.887800004682504,5.752199998823926,124.9831000022823,22,22,22,22,18.44400000118185,23.303899994061794,51.39659999986179,170.62750000332016
xbox/xbox_0107,39,4775,29648,12.083600006008055,8.918999999877997,0.8288999961223453,5.641100004140753,9.923399993567728,44.75580000143964,5.667199999152217,150.23349999682978,39,4,39,39,21.831500002008397,26.643700010026805,60.34639999415958,204.91269999183714
xbox/xbox_0109,39,3221,17811,8.958899998106062,5.3372000038507394,0.8058999956119806,6.700199999613687,7.456100000126753,31.747100001666695,6.082899999455549,105.13619999983348,38,37,8,8,15.101999997568782,20.99630000157049,45.286100001249,144.33940000162693
xbox/xbox_0111,39,1716,6378,5.37340000300901,2.4011999994399957,1.0364999980083667,6.053999997675419,4.3589000051724724,20.433599995158147,6.576299994776491,54.15129999892088,39,22,39,39,8.811100000457373,13.828600000124425,31.36879999510711,78.9437999992515
xbox/xbox_0112,39,3592,18812,8.334299993293826,6.260100002691615,0.8672000039950944,6.190699998114724,6.780600000638515,38.879899999301415,7.106900004146155,120.80679999780841,39,39,39,39,15.461599999980535,20.785099994100165,52.767400004086085,166.46729999774834
xbox/xbox_0115,39,2598,17903,8.430499998212326,8.048000003327616,1.4291999978013337,7.57539999904111,6.846300006145611,26.26379999855999,5.23530000646133,72.33139999880223,13,4,4,4,17.907699999341276,24.053900000581052,38.34540001116693,105.44150000350783
xbox/xbox_0119,39,5328,25173,13.821300002746284,11.379600000509527,0.8046000002650544,5.899899995711166,11.408000005758367,43.92929999448825,5.511299998033792,140.20410000375705,39,22,39,39,26.005500003520865,31.100799998966977,60.848599998280406,195.54140000400366
xbox/xbox_0120,39,2332,8472,6.23759999871254,3.391600002942141,1.0237999958917499,6.537699999171309,5.8290000015404075,27.5746999977855,6.4388999962829985,74.65950000187149,31,22,22,22,10.65299999754643,16.16690000082599,39.84259999560891,108.0632000011974
xbox/xbox_0121,39,1492,6809,4.28029999602586,2.407700005278457,0.8122999934130348,6.423800004995428,3.643500000180211,17.259799999010283,5.94969999656314,47.56990000169026,17,22,12,12,7.500299994717352,13.111800006299745,26.852999995753635,68.47320000088075
xbox/xbox_0123,39,232,3652,2.173599998059217,0.6891000011819415,0.8127000037347898,6.579799999599345,1.7549999975017272,7.157000000006519,6.791600004362408,17.458199996326584,5,0,0,0,3.675400002975948,9.442499998840503,15.703600001870655,26.37019999383483
