id,real,n_hojas,bytes_npz,hce_carga_ms,hce_descriptores_ms,svm_clasificador_ms,rf_clasificador_ms,net5_carga_ms,net5_preparacion_ms,net5_forward_gpu_ms,net5_forward_cpu_ms,pred_svm,pred_rf,pred_net5_gpu,pred_net5_cpu,svm_total_ms,rf_total_ms,net5_gpu_total_ms,net5_cpu_total_ms
airplane/airplane_0635,0,1667,12948,4.697000000305707,2.4325999984284863,0.9577000018907711,7.0976999995764345,4.286299998057075,25.647000002209097,7.690800001000753,87.1497999978601,0,0,0,0,8.087300000624964,14.227299998310627,37.624100001266925,117.08309999812627
airplane/airplane_0636,0,1548,11987,5.3462000032595824,2.385299998422852,0.9417000001121778,7.435399998939829,5.869299999176292,26.09600000141654,6.331100001261802,62.37099999998463,0,0,0,0,8.673200001794612,15.166900000622263,38.296400001854636,94.33630000057747
airplane/airplane_0646,0,1793,13598,4.374800002551638,2.344799999264069,0.8574999992561061,5.845399999088841,4.105300002265722,26.191400000243448,6.547299999510869,68.84220000210917,0,0,0,0,7.577100001071813,12.565000000904547,36.84400000202004,99.13890000461834
airplane/airplane_0668,0,1639,12517,4.237200002535246,2.1077999990666285,0.9094999986700714,6.153700000140816,3.8329000017256476,24.29430000120192,6.5647999981592875,62.382799998886185,0,0,0,0,7.254500000271946,12.49870000174269,34.69200000108685,90.51000000181375
airplane/airplane_0687,0,1555,12828,4.290000000764849,2.1276999977999367,0.8602000016253442,5.996500000037486,3.848399999696994,23.711599998932797,6.407400000171037,61.11570000211941,0,0,0,0,7.2779000001901295,12.414199998602271,33.96739999880083,88.6757000007492
airplane/airplane_0695,0,1429,11517,3.9675000007264316,1.8240999997942708,0.8491000007779803,6.6270999996049795,3.6629999995057005,22.772899999836227,7.022500001767185,60.95639999693958,0,0,0,0,6.640700001298683,12.418700000125682,33.45840000110911,87.39229999628151
airplane/airplane_0698,0,1212,10384,3.8415999988501426,1.868899998953566,0.9893999995256308,6.113500003266381,3.703700000187382,20.941699996910756,5.783200002042577,140.09259999875212,0,0,0,0,6.699899997329339,11.82400000107009,30.428599999140715,164.73799999585026
airplane/airplane_0709,0,1793,14647,34.616600001754705,28.40959999957704,1.5318999976443592,19.152000000758562,36.358400000608526,128.95750000097905,6.35369999872637,119.4632000006095,0,0,0,0,64.5580999989761,82.1782000020903,171.66960000031395,284.7791000021971
airplane/airplane_0721,0,1625,12558,7.912199998827418,3.635900000517722,0.887700000021141,8.273300001746975,4.326999998738756,25.494699999399018,6.376000001182547,64.14289999884204,0,0,0,0,12.435799999366282,19.821400001092115,36.19769999932032,93.96459999697981
airplane/airplane_0723,0,2199,17176,5.879099997400772,3.0275999997684266,1.0163000006286893,7.2366000022157095,5.539499998121755,36.49260000020149,7.492399996408494,88.02970000033383,0,0,29,29,9.922999997797888,16.143299999384908,49.52449999473174,130.06179999865708
bathtub/bathtub_0115,1,4985,18140,11.85780000014347,8.27220000064699,0.9128999990934972,6.845799998700386,10.227599999780068,57.47680000058608,7.627599999977974,181.9087000003492,1,1,1,1,21.042899999883957,26.975799999490846,75.33200000034412,249.61310000071535
bathtub/bathtub_0122,1,3613,26546,8.3520000007411,5.619199997454416,0.8486000006087124,6.1120000027585775,9.52549999783514,103.40809999979683,7.477299997844966,141.70540000122855,33,33,1,1,14.819799998804228,20.083200000954093,120.41089999547694,254.63899999886053
bathtub/bathtub_0125,1,2584,11517,7.027899999229703,4.918200000247452,0.903600001038285,6.67059999977937,7.703700001002289,27.565799999138108,6.688900000881404,75.01069999852916,1,2,2,2,12.84970000051544,18.616699999256525,41.9584000010218,110.28019999866956
bathtub/bathtub_0126,1,2731,11432,6.250700000236975,3.6747000012837816,2.718499999900814,30.927699997846503,11.115799999970477,43.96360000100685,7.5556000010692514,119.75769999844488,2,2,2,2,12.64390000142157,40.85309999936726,62.63500000204658,174.8370999994222
bathtub/bathtub_0128,1,1114,7556,5.588699998043012,3.029600000445498,1.0894000006373972,8.907999999792082,3.8993999987724237,16.105500002595363,6.236400000489084,41.66049999912502,1,1,1,1,9.707699999125907,17.526299998280592,26.24130000185687,61.66540000049281
bathtub/bathtub_0134,1,3690,12040,9.255499997379957,6.233500000234926,0.9658000017225277,6.6699999988486525,8.238500002335059,41.13169999982347,6.533600000693696,115.74300000211224,29,2,2,2,16.45479999933741,22.158999996463535,55.90380000285222,165.11320000427077
bathtub/bathtub_0137,1,5321,15316,21.70750000004773,11.162300001160474,0.8782999975665007,6.178300001920434,13.664199999766424,77.61779999782448,7.241700001031859,243.11859999943408,2,33,1,1,33.748099998774705,39.04810000312864,98.52369999862276,334.400599997025
bathtub/bathtub_0142,1,3480,21739,9.674500000983244,5.086699999083066,0.8353999983228277,6.6996999994444195,7.8927000031399075,38.78369999802089,5.524700001842575,105.88839999763877,1,1,1,1,15.596599998389138,21.46089999951073,52.201100003003376,152.56479999879957
bathtub/bathtub_0147,1,2731,12508,6.55689999985043,4.873199999565259,0.8110000017040875,5.714099999750033,6.2499999985448085,30.485800001770258,5.32050000037998,123.14239999977872,1,2,1,1,12.241100001119776,17.14419999916572,42.056300000695046,159.87820000009378
bathtub/bathtub_0148,1,3067,21347,6.817099998443155,5.189900002733339,0.8705000000190921,6.217099999048514,6.425299998227274,35.73400000095717,5.479999999806751,113.98120000012568,1,1,1,1,12.877500001195585,18.224100000225008,47.63929999899119,156.14049999931012
bed/bed_0522,2,4845,13078,11.569799997232622,9.268400001019472,0.8949000002758112,6.05119999818271,10.871400001633447,52.96559999987949,5.964700001641177,149.16330000050948,2,2,2,2,21.733099998527905,26.889399996434804,69.80170000315411,213.0003000020224
bed/bed_0531,2,4467,28970,10.440100002597319,6.99969999914174,0.8479999996779952,6.371399998897687,9.191900000587339,47.895100000459934,5.808499998238403,130.39539999954286,2,2,2,2,18.287800001417054,23.811200000636745,62.895499999285676,187.48240000059013
bed/bed_0541,2,2976,11413,7.072099997458281,4.303800000343472,0.8166000006895047,5.745099999330705,6.34139999965555,31.42380000281264,5.462900000566151,86.36699999988195,2,2,2,2,12.192499998491257,17.120999997132458,43.22810000303434,124.13220000235015
bed/bed_0550,2,3494,11151,8.293799997773021,5.629300001601223,0.8190000007743947,5.781299998488976,7.327800001803553,38.40209999907529,5.544999999983702,106.14949999944656,2,2,2,2,14.742100000148639,19.70439999786322,51.274900000862544,151.8794000003254
bed/bed_0560,2,2577,18244,6.988599998294376,3.8801000009698328,0.8190999978978653,5.799100003059721,7.0520999979635235,32.16450000036275,5.503000000317115,73.12520000050426,1,2,2,2,11.687799997162074,16.66780000232393,44.71959999864339,112.34179999883054
bed/bed_0574,2,6245,25334,13.90249999894877,9.76010000158567,1.2553999986266717,5.915199999435572,11.75870000224677,60.706299998855684,5.606499998975778,174.2398000023968,2,2,2,2,24.91799999916111,29.57779999997001,78.07150000007823,246.70480000349926
bed/bed_0582,2,4691,16521,11.763099999370752,8.188700001483085,0.8524999975634273,6.547699998918688,38.83260000293376,52.622499999415595,6.279400000494206,141.23599999948055,2,2,2,2,20.804299998417264,26.499499999772524,97.73450000284356,232.6911000018299
bed/bed_0587,2,3445,11503,7.290199999260949,5.157999999937601,0.8329000011144672,5.793299998913426,6.872400001157075,39.65089999837801,5.553800001507625,103.92750000028173,2,2,2,2,13.281100000313018,18.241499998111976,52.07710000104271,150.4507999998168
bed/bed_0605,2,3564,7740,8.026999999856343,5.195000001549488,0.8186000013665762,5.7250999998359475,6.831299997429596,40.01260000222828,6.369800001266412,105.77850000117905,2,2,2,2,14.040600002772408,18.94710000124178,53.21370000092429,152.62240000083693
bed/bed_0611,2,4789,13162,12.195700001029763,9.05639999837149,0.8263000017905142,5.758600000262959,9.634699999878649,45.63689999849885,7.245400000101654,130.63590000092518,2,2,2,2,22.078400001191767,27.01069999966421,62.51699999847915,185.90749999930267
bench/bench_0175,3,2052,9383,6.7506000013963785,4.1335999994771555,0.824099999590544,8.697699999174802,7.2725999998510815,27.816300000267802,5.311199998686789,63.02929999947082,3,36,3,3,11.708300000464078,19.581900000048336,40.40009999880567,98.1181999995897
bench/bench_0179,3,2332,16412,6.617999999434687,3.597200000513112,0.8282000017061364,5.801299997983733,5.464199999551056,30.12480000325013,5.231099999946309,72.92700000107288,3,3,3,3,11.043400001653936,16.016499997931533,40.820100002747495,108.51600000387407
bench/bench_0180,3,4488,13470,12.041000001772773,9.075999998458428,1.1861999992106576,6.485199999588076,15.418000002682675,45.3864999981306,6.211699997948017,128.282699999545,3,36,3,3,22.30319999944186,27.602199999819277,67.0161999987613,189.08720000035828
bench/bench_0181,3,2906,15574,6.436399999074638,3.5998999992443714,0.8272000013676006,5.886899998586159,5.6191000003309455,32.89760000188835,5.433099999208935,79.84299999952782,36,21,3,3,10.86349999968661,15.923199996905169,43.94980000142823,118.35970000174711
bench/bench_0182,3,3305,22012,9.65110000106506,5.818000001454493,0.8113999974739272,5.733900001359871,8.3520000007411,35.729700000956655,5.3100999975868035,96.79600000163191,3,3,3,3,16.28049999999348,21.203000003879424,49.39179999928456,140.87770000332966
bench/bench_0185,3,1856,11086,4.244800002197735,2.0963999995728955,0.8386999979848042,5.788300000858726,5.091300001367927,25.191000000631902,5.525799999304581,57.23260000013397,3,3,3,3,7.179899999755435,12.129500002629356,35.80810000130441,87.5149000021338
bench/bench_0186,3,2052,9750,6.563099999766564,2.427300001727417,0.818799999251496,5.632299998978851,5.133300001034513,23.41059999889694,5.645299999741837,65.48320000001695,3,3,3,3,9.809200000745477,14.622700000472832,34.18919999967329,94.0270999999484
bench/bench_0187,3,1632,8343,6.821499999205116,3.7795999996887986,1.2033999992127065,6.448399999499088,4.238200002873782,21.038099999714177,5.309899999701884,47.41039999862551,3,3,3,3,11.804499998106621,17.049499998393003,30.586200002289843,72.68670000121347
bench/bench_0190,3,1996,14062,5.939299997407943,3.1033000013849232,0.817699998151511,5.691000002116198,4.7505000002274755,24.765099999058293,5.33019999784301,62.900100001570536,3,3,3,3,9.860299996944377,14.733600000909064,34.84579999712878,92.4157000008563
bench/bench_0192,3,3830,15861,9.739500001160195,5.473799999890616,0.8286999982374255,6.249699999898439,7.997500000783475,38.543300001038006,5.5685000006633345,103.0006000000867,3,36,20,20,16.041999999288237,21.46300000094925,52.109300002484815,149.5414000019082
bookshelf/bookshelf_0588,4,5132,9273,39.13459999967017,7.742400001006899,0.7975999978953041,5.687700002454221,9.060099997441284,48.510399999941,5.745800001022872,135.94949999969685,4,4,4,4,47.674599998572376,52.56470000313129,63.31629999840516,193.51999999707914
bookshelf/bookshelf_0593,4,3480,8643,7.338700001128018,4.610999996657483,0.8169000029738527,5.779899998742621,6.5806999991764314,34.805499999492895,5.379900001571514,96.01610000026994,4,4,4,4,12.766600000759354,17.729599996528123,46.76610000024084,137.40229999893927
bookshelf/bookshelf_0603,4,3018,9054,8.886199997505173,4.977399999916088,0.826999999844702,5.909400002565235,6.477499999164138,28.664199999184348,5.48749999870779,75.28240000101505,4,4,4,4,14.690599997265963,19.772999999986496,40.629199997056276,110.42409999936353
bookshelf/bookshelf_0614,4,3452,11114,6.826400000136346,3.9412000005540904,0.8324999980686698,5.868700001883553,5.83320000077947,40.626599999086466,9.134899999480695,123.40810000023339,4,4,4,4,11.600099998759106,16.63630000257399,55.59469999934663,169.86790000009933
bookshelf/bookshelf_0625,4,2780,9216,7.543299998360453,5.458499999804189,0.9906000013870653,5.848500000865897,6.545699998241616,27.740200002881465,5.320600001141429,73.29670000035549,4,4,4,4,13.992399999551708,18.85029999903054,39.60650000226451,107.58260000147857
bookshelf/bookshelf_0635,4,2927,9870,7.634400000824826,4.768599999806611,0.8301000016217586,6.01999999707914,6.288600001425948,29.451599999447353,5.650399998557987,76.82399999976042,4,4,4,4,13.233100002253195,18.422999997710576,41.39059999943129,112.56420000063372
bookshelf/bookshelf_0643,4,3200,8326,6.957400000828784,4.237799999827985,0.8196999988285825,5.8339999995951075,5.773100001533749,30.17309999995632,5.548200002522208,84.07349999833968,4,4,4,4,12.014899999485351,17.029200000251876,41.49440000401228,120.01969999982975
bookshelf/bookshelf_0654,4,5797,12669,13.15200000317418,9.732299997267546,0.8287000018754043,5.859999997483101,10.857200002647005,52.10140000053798,6.683600000542356,162.60379999948782,4,4,4,4,23.71300000231713,28.744299997924827,69.64220000372734,225.5624000026728
bookshelf/bookshelf_0662,4,3949,9972,9.418499997991603,6.300600001850398,0.8204999976442195,5.709100001695333,8.116400000290014,36.719199997605756,5.863200000021607,117.23720000009052,4,4,4,4,16.53959999748622,21.428200001537334,50.69879999791738,162.0727999979863
bookshelf/bookshelf_0671,4,3606,9838,14.14440000007744,7.1392999998352025,1.1741999987862073,9.950800002116011,7.959599999594502,42.591099998389836,5.958699999609962,133.54809999873396,4,4,4,4,22.45789999869885,31.234500002028653,56.5093999975943,184.0987999967183
bottle/bottle_0336,5,2717,21781,6.851699999970151,4.557399999612244,0.825399998575449,5.810599999676924,6.190200001583435,28.824999997596024,5.531399998289999,89.71599999858881,5,5,5,5,12.234499998157844,17.21969999925932,40.54659999746946,124.73119999776827
bottle/bottle_0349,5,1296,10669,4.101899998204317,2.3097000012057833,0.838399999338435,5.6981000016094185,3.795599997829413,20.641000002797227,5.40769999861368,55.958900000405265,5,5,5,5,7.249999998748535,12.109700001019519,29.84429999924032,80.3955000010319
bottle/bottle_0355,5,2276,13507,5.971699996734969,3.486900001007598,0.8229000013670884,6.160999997518957,4.7844000000623055,24.852100003045052,5.260499998257728,65.77450000258978,24,35,5,5,10.281499999109656,15.619599995261524,34.897000001365086,95.41100000569713
bottle/bottle_0358,5,3935,16987,8.908100000553532,5.793799999082694,0.8339000014530029,6.190799998876173,7.754099999147002,37.832300000445684,5.525600001419662,109.75979999784613,37,37,5,5,15.535800001089228,20.8926999985124,51.11200000101235,155.34619999743882
bottle/bottle_0362,5,1191,10183,3.892299999279203,1.8347000004723668,0.8192999994207639,6.1139000026742,3.8248999990173616,14.85300000058487,5.641199997626245,36.31690000111121,5,5,5,5,6.546299999172334,11.84090000242577,24.319099997228477,54.99480000071344
bottle/bottle_0395,5,1618,15602,4.84869999854709,2.793499999825144,0.9121000002778601,6.147500000224682,5.145499999343883,19.06270000108634,5.58909999745083,47.783800000615884,5,5,5,5,8.554299998650094,13.789699998596916,29.797299997881055,71.99200000104611
bottle/bottle_0399,5,1135,9933,4.067600002599647,2.0110999976168387,0.8992000002763234,6.3122999999905005,3.581799999665236,15.445000000909204,5.672699997376185,38.46010000052047,5,5,5,5,6.977900000492809,12.391000000206986,24.699499997950625,57.48690000109491
bottle/bottle_0414,5,2346,12310,6.605700000363868,3.608499999245396,0.9682999989308883,6.728800002747448,6.4122000003408175,29.620299999805866,7.2791999991750345,76.20930000121007,38,5,24,24,11.182499998540152,16.94300000235671,43.31169999932172,112.24180000135675
bottle/bottle_0415,5,1149,9221,4.3244000007689465,1.8941999987873714,0.9957000002032146,8.302199999889126,5.095700002129888,16.68019999851822,6.212200001755264,40.76050000003306,5,5,5,5,7.2142999997595325,14.520799999445444,27.98810000240337,62.53640000068117
bottle/bottle_0435,5,2990,23517,8.268599998700665,6.200100000569364,0.8348999981535599,6.627000002481509,6.287399999564514,31.57409999766969,5.443000001832843,88.58859999963897,37,5,5,5,15.30359999742359,21.09570000175154,43.30449999906705,126.45009999687318
bowl/bowl_0065,6,5811,37571,12.277499998162966,8.725700001377845,0.8266000004368834,6.116799999290379,10.109899998496985,73.32280000264291,5.878100000700215,166.13180000058492,6,6,6,6,21.829799999977695,27.11999999883119,89.31080000184011,249.5645000017248
bowl/bowl_0066,6,4817,28102,9.800600000744453,5.654199998389231,0.826999999844702,6.000800000037998,8.488300001772586,57.73439999757102,5.89610000315588,153.74569999767118,6,6,6,6,16.281799998978386,21.45559999917168,72.11880000249948,219.96839999701479
bowl/bowl_0068,6,6266,46741,14.422299998841481,11.168000000907341,0.8197999995900318,5.984299998090137,12.003800002275966,64.39119999777176,7.0577000005869195,170.5404999993334,6,6,6,6,26.410099999338854,31.57459999783896,83.45270000063465,246.93549999938114
bowl/bowl_0070,6,8772,42339,16.21809999778634,12.156200002209516,1.1244999986956827,9.730000001582084,16.216299998632167,95.95429999899352,7.914500001788838,263.4738999986439,6,6,6,6,29.49879999869154,38.10430000157794,120.08509999941452,375.6444999962696
bowl/bowl_0071,6,5727,40758,13.938099997176323,9.92440000118222,0.8751999994274229,6.6674000008788425,12.742200000502635,66.78979999924195,6.589500000700355,169.38310000114143,6,6,6,6,24.737699997785967,30.529899999237387,86.12150000044494,248.915100000886
bowl/bowl_0072,6,6245,45894,14.0205000025162,10.122699997737072,0.8793000015430152,6.072399999538902,12.844199998653494,65.28500000058557,6.686500000796514,169.61059999812278,6,6,6,6,25.02250000179629,30.215599999792175,84.81570000003558,247.73979999736184
bowl/bowl_0074,6,11824,60708,20.741299998917384,16.29719999982626,0.8936000012909062,5.86960000146064,53.96159999872907,132.71570000142674,9.25690000076429,369.5786999996926,6,6,37,37,37.93210000003455,42.908100000204286,195.9342000009201,556.2559999998484
bowl/bowl_0077,6,3375,22071,7.784600002196385,5.138999997143401,0.828100000944687,5.8939000009559095,7.915199999843026,39.59960000065621,5.616900001768954,102.70870000022114,2,26,8,8,13.751700000284472,18.817500000295695,53.13170000226819,150.22350000072038
bowl/bowl_0080,6,4978,29999,10.019900000770576,7.849400000850437,0.9728999975777697,6.97539999964647,9.923800000251504,54.178300000785384,5.767499998910353,152.17680000205291,6,29,6,6,18.842199999198783,24.844700001267483,69.86959999994724,216.2789000030898
bowl/bowl_0083,6,5538,21135,12.185299998236587,8.314100003190106,0.8416999990004115,5.904699999518925,10.777100000268547,58.6260999989463,6.163900001411093,172.56560000168975,6,6,6,6,21.341100000427105,26.40410000094562,75.56710000062594,241.9688000009046
car/car_0200,7,3480,26627,8.379799997783266,5.019700001867022,0.8185999977285974,5.979800000204705,12.981700001546415,38.25729999880423,5.196999998588581,96.03680000145687,7,7,7,7,14.218099997378886,19.379299999854993,56.435999998939224,147.2758000018075
car/car_0219,7,2612,23840,6.8085999992035795,4.159500000241678,1.02359999800683,6.279900000663474,5.927999998675659,31.117300000914838,5.962200000794837,86.39509999920847,7,7,7,7,11.991699997452088,17.248000000108732,43.007500000385335,123.44039999879897
car/car_0225,7,3452,22833,9.507799997663824,4.716800001915544,0.8113000003504567,6.845899999461835,7.1869999992486555,38.62730000037118,5.304500002239365,98.73829999924055,7,7,7,7,15.035899999929825,21.070499999041203,51.1188000018592,144.5525999988604
car/car_0226,7,4992,38066,16.738599999371218,8.192900000722148,0.8118999976431951,6.078800000977935,12.054099999659229,49.13540000052308,5.809300000692019,136.70099999944796,7,2,7,7,25.74339999773656,31.0103000010713,66.99880000087433,197.89049999963026
car/car_0231,7,3921,28922,10.745300001872238,5.961999999271939,0.9466000010434072,7.291300000360934,12.480299999879207,43.9141999995627,6.701599999360042,120.40170000182115,7,7,7,7,17.653900002187584,23.99860000150511,63.09609999880195,176.79620000126306
car/car_0240,7,2913,29379,12.738000001263572,5.674599997291807,1.2768000015057623,9.135000000242144,46.02289999820641,34.95690000272589,6.402800001524156,86.92800000062562,7,7,7,7,19.68940000006114,27.547599998797523,87.38260000245646,167.90780000155792
car/car_0248,7,2500,12865,6.113700001151301,4.572699999698671,0.8094000004348345,5.73439999789116,5.543900002521696,30.663999998068903,5.407799999375129,81.09320000221487,7,7,7,7,11.495800001284806,16.42079999874113,41.61569999996573,117.30110000280547
car/car_0254,7,2941,23718,9.44560000061756,4.637499998352723,0.8285000003525056,5.916400001297006,6.208200000401121,32.88869999960298,5.75849999950151,90.88450000126613,7,7,7,7,14.911599999322789,19.99950000026729,44.85539999950561,129.98140000127023
car/car_0271,7,4124,35462,10.78609999967739,6.685100001050159,0.821399997221306,6.055000001651933,8.445100000244565,44.64000000007218,5.748899999161949,115.06920000101672,7,7,7,7,18.292599997948855,23.526200002379483,58.83399999947869,168.15430000133347
car/car_0294,7,2745,22271,7.374700002401369,4.203500000585336,0.8729000001039822,5.821899998409208,6.662899999355432,32.407599999714876,5.379499998525716,87.57189999960246,7,7,7,7,12.451100003090687,17.400100001395913,44.449999997596024,126.64239999867277
chair/chair_0901,8,4383,26454,8.998699999210658,5.6614999994053505,0.809799999842653,6.171699998958502,7.583300000987947,46.83619999923394,5.822400002216455,137.8103999995801,8,8,8,8,15.469999998458661,20.83189999757451,60.24190000243834,192.229899999802
chair/chair_0917,8,2423,18794,5.950200000370387,3.068800000619376,0.8230999992520083,5.86480000129086,5.623799999739276,35.20750000097905,6.9411000004038215,83.86050000262912,8,8,8,8,9.842100000241771,14.883800002280623,47.77240000112215,124.69180000334745
chair/chair_0930,8,3172,19467,6.822100000135833,3.643800002464559,0.8466999970551115,6.068400001822738,5.797800000436837,38.59340000053635,5.640299998049159,108.19130000163568,8,8,8,8,11.312599999655504,16.53430000442313,50.031499999022344,152.58250000260887
chair/chair_0938,8,4509,28926,8.878900000127032,5.573999998887302,0.8211000022129156,5.81419999798527,7.579799999803072,51.52790000283858,5.735099999583326,153.26480000294396,8,8,8,8,15.27400000122725,20.267099996999605,64.84280000222498,212.3725000055856
chair/chair_0943,8,2360,19600,5.756499998824438,3.306499998871004,0.8688000016263686,5.862099998921622,5.458800002088537,26.494300000194926,5.963100000371924,65.31650000033551,8,8,8,8,9.931799999321811,14.925099996617064,37.91620000265539,97.26960000261897
chair/chair_0952,8,3480,23332,7.531100000051083,4.263599999831058,0.8342000000993721,5.911299998842878,6.062000000383705,41.783199998462806,5.34930000139866,116.9423999999708,8,8,8,8,12.628899999981513,17.70599999872502,53.19450000024517,164.7875999988173
chair/chair_0956,8,1870,14739,4.927300000417745,2.4118000001180917,0.8320000015373807,5.958099998679245,5.101200000353856,23.765099998854566,5.210900002566632,59.31839999902877,8,8,8,8,8.171100002073217,13.297199999215081,34.077200001775054,88.18469999823719
chair/chair_0966,8,2829,19932,6.718399999954272,4.225000000587897,0.8139999990817159,5.867500000022119,6.013300000631716,30.18990000055055,5.251999999018153,91.633299998648,8,8,8,8,11.757399999623885,16.81090000056429,41.45520000020042,127.83649999983027
chair/chair_0973,8,2206,13120,8.13689999995404,5.405600000813138,0.9921999990183394,7.88029999966966,7.869199998822296,30.445399999734946,5.356499998015352,69.01870000001509,8,8,8,8,14.534699999785516,21.422800000436837,43.67109999657259,107.33329999857233
chair/chair_0988,8,3144,20862,7.17140000051586,4.0116999989550095,0.8109000009426381,5.83109999934095,5.7463000011921395,39.06239999923855,5.543200000829529,104.3071999993117,8,8,8,8,11.994000000413507,17.01419999881182,50.35190000126022,149.1158999997424
cone/cone_0168,9,5314,24402,10.830600000190316,7.126699998480035,0.816700001450954,5.937699999776669,8.851700000377605,58.30689999856986,5.805999997392064,160.3811000022688,9,9,9,9,18.774000000121305,23.89499999844702,72.96459999633953,227.53970000121626
cone/cone_0170,9,1569,13056,4.606200000125682,2.209399997809669,0.8031000033952296,5.742199999076547,4.2008999989775475,19.8037000009208,5.2953000013076235,48.50609999994049,9,9,9,9,7.618700001330581,12.557799997011898,29.29990000120597,72.51069999983883
cone/cone_0174,9,4215,19936,9.883099999569822,6.340799998724833,0.8137000004353467,6.546699998580152,7.8304000016942155,47.592099999747006,5.62530000024708,123.21279999741819,34,34,34,34,17.037599998730002,22.770599996874807,61.0478000016883,178.6352999988594
cone/cone_0177,9,5363,19765,10.419799997180235,6.381400002283044,0.815100000181701,5.967599998257356,8.981999999377877,58.13210000269464,6.079499999032123,183.6089999997057,9,9,9,9,17.61629999964498,22.768799997720635,73.19360000110464,250.72310000177822
cone/cone_0179,9,1709,11098,4.924900000332855,2.2425000024668407,0.8061999978963286,6.332600001769606,5.40769999861368,27.061400000093272,5.946000001131324,54.1665999990073,9,9,9,9,7.973600000696024,13.500000004569301,38.415099999838276,86.63569999771426
cone/cone_0180,9,4159,14066,8.550899998226669,4.773399999976391,0.8385000000998843,6.384500000422122,7.149900000513298,49.21739999917918,5.837099997734185,137.09920000110287,9,9,9,9,14.162799998302944,19.70879999862518,62.20439999742666,193.46650000079535
cone/cone_0181,9,4971,17941,9.440300000278512,5.915400000958471,0.8238000009441748,5.880400000023656,8.195399997930508,56.45170000207145,6.111099999543512,152.69460000126855,6,34,9,9,16.179500002181157,21.23610000126064,70.75819999954547,217.3417000012705
cone/cone_0184,9,1471,11302,4.199400002107723,1.9455999972706195,0.8409000001847744,6.144599999970524,4.120600002352148,18.626699999003904,5.623199998808559,50.304500000493135,9,9,9,9,6.985899999563117,12.289599999348866,28.37050000016461,73.05180000184919
cone/cone_0186,9,4964,21448,9.956999998394167,6.907499999215361,0.8161000005202368,6.361100000503939,8.125100001052488,56.72480000066571,6.475199999840697,162.55789999922854,9,9,9,9,17.680599998129765,23.225599998113466,71.3251000015589,227.40780000094674
cone/cone_0187,9,2598,15336,6.316099999821745,4.122099999221973,0.8234999986598268,6.201399999554269,5.5648000015935395,31.565199999022298,5.677799999830313,106.66060000221478,9,9,9,9,11.261699997703545,16.639599998597987,42.80780000044615,143.79060000283062
cup/cup_0081,10,5755,45650,13.581499999418156,10.75690000288887,0.8304999973915983,5.976399999781279,11.268000002019107,56.48680000012973,6.069400002161274,196.9991999976628,37,37,37,37,25.168899999698624,30.314800002088305,73.82420000431011,264.75399999981164
cup/cup_0082,10,5657,30035,12.384300000121584,8.307299998705275,0.8597999985795468,6.90740000209189,10.602799997286638,62.78970000130357,6.499300001451047,202.81009999962407,34,34,37,37,21.551399997406406,27.59900000091875,79.89180000004126,276.2025999982143
cup/cup_0085,10,2689,16789,7.899999996880069,6.378199999744538,1.260000000911532,8.614900001703063,10.287199998856522,35.08480000164127,6.130599998869002,100.96980000162148,32,10,26,26,15.53819999753614,22.89309999832767,51.502599999366794,146.34180000211927
cup/cup_0086,10,6504,53714,16.70139999987441,13.136300000041956,0.9229999996023253,6.47440000102506,14.596599998185411,70.59990000198013,6.729199998517288,245.84340000001248,37,37,10,10,30.760699999518692,36.31210000094143,91.92569999868283,331.039900000178
cup/cup_0087,10,5419,21574,10.477899999386864,7.871300000260817,0.8292000020446721,5.790100000012899,10.585799998807488,58.21750000177417,6.131999998615356,175.61919999934616,32,10,10,10,19.178400001692353,24.13929999966058,74.93529999919701,244.42249999992782
cup/cup_0091,10,6812,39605,60.831599999801256,18.24259999921196,0.8382000014535151,5.730199998652097,15.008700000180397,76.1196999992535,6.554099996719742,208.20930000263616,10,8,10,10,79.91240000046673,84.80439999766531,97.68249999615364,299.33770000207005
cup/cup_0092,10,2199,15168,5.398700002842816,2.8247999980521854,0.9135000000242144,5.715499999496387,5.207000001973938,29.264599997986807,6.08759999886388,75.11529999828781,5,9,37,37,9.137000000919215,13.939000000391388,40.559199998824624,109.58689999824855
cup/cup_0094,10,7687,30860,17.208799999934854,12.701999999990221,0.8606000010331627,5.807300000014948,13.887199998862343,82.03259999936563,6.916300000739284,261.2030999989656,10,10,10,10,30.771400000958238,35.71809999994002,102.83609999896726,357.1228999971936
cup/cup_0096,10,4229,18322,10.181900001043687,7.6000999979441985,0.8196000017051119,5.736299997806782,16.412900000432273,43.62630000105128,6.384699998307042,126.67959999816958,14,23,4,4,18.601600000692997,23.518299996794667,66.42389999979059,186.71879999965313
cup/cup_0099,10,5132,31214,12.963799999852199,9.548099998937687,0.9232000011252239,5.879799999092938,12.624499999219552,49.22010000154842,5.566799998632632,147.53660000133095,10,37,10,10,23.43509999991511,28.391699997882824,67.4113999994006,209.38120000209892
curtain/curtain_0140,11,3592,22995,8.495300000504358,5.393800001911586,0.8443999977316707,5.69290000203182,8.288899996841792,37.11910000129137,5.745600003137952,121.1931999969238,11,22,11,11,14.733500000147615,19.582000004447764,51.153600001271116,166.60119999505696
curtain/curtain_0142,11,2234,16256,6.808699999965029,3.4952999994857237,0.8106999994197395,5.958500001725042,5.897099999856437,25.82309999706922,5.407799999375129,77.59600000281353,36,22,22,22,11.114699998870492,16.262500001175795,37.12799999630079,109.31619999973918
curtain/curtain_0143,11,2416,15560,9.782299999642419,4.389400000945898,0.8410000009462237,5.755499998485902,7.825500000762986,35.4421000010916,7.436399999278365,77.85169999988284,36,36,22,22,15.01270000153454,19.92719999907422,50.704000001132954,121.11930000173743
curtain/curtain_0145,11,2416,14760,9.525800000119489,5.848100001458079,1.16859999980079,6.9887999998172745,7.413800001813797,37.73499999806518,7.087599999067606,77.94579999972484,4,11,11,11,16.542500001378357,22.362700001394842,52.23639999894658,123.09459999960382
curtain/curtain_0147,11,701,6546,2.4616000009700656,1.0396999969088938,0.8021000030566938,6.196699996507959,3.0067000006965827,11.387900001864182,5.157099996722536,28.60040000086883,11,11,11,11,4.303400000935653,9.697999994386919,19.5516999992833,42.995000003429595
curtain/curtain_0148,11,1646,10489,3.945899999962421,2.160100000764942,0.807399999757763,5.993999999191146,3.9787999994587153,18.394000002444955,5.147300002136035,53.7384999988717,37,11,13,13,6.913400000485126,12.09999999991851,27.520100004039705,76.11130000077537
curtain/curtain_0150,11,3725,28602,8.97340000301483,5.585099999734666,0.801799997134367,5.780400002549868,10.301899998012232,40.30410000268603,5.5551999976160005,117.5883000032627,4,4,31,31,15.360299999883864,20.338900005299365,56.16119999831426,168.19430000396096
curtain/curtain_0154,11,2220,14554,30.793500001891516,2.771199997368967,0.8075000005192123,5.644400000164751,4.587899999023648,27.15090000128839,5.621799999062205,82.2522000016761,11,22,11,11,34.372199999779696,39.209099999425234,37.360599999374244,113.99100000198814
curtain/curtain_0157,11,1387,9831,3.9087000004656147,1.7270999996981118,0.8230999992520083,6.352400003379444,3.5614999978861306,19.492899999022484,6.451799999922514,56.88899999950081,11,11,11,11,6.458899999415735,11.98820000354317,29.50619999683113,79.94339999640943
curtain/curtain_0158,11,1296,12155,34.52319999996689,2.0629999999073334,0.8112999967124779,7.601100001920713,3.6107999985688366,18.067100001644576,5.086900000605965,42.58470000058878,5,11,11,11,37.3974999965867,44.18730000179494,26.764800000819378,64.2626000008022
desk/desk_0202,12,2486,9946,5.645099998218939,3.141700002743164,0.8161999976437073,6.072000000131084,4.759600000397768,41.838900000584545,6.4937999995891005,106.87859999961802,33,12,12,12,9.60299999860581,14.858800001093186,53.09230000057141,153.47710000060033
desk/desk_0214,12,2262,7319,6.050600000889972,3.4838999999919906,0.8697999983269256,5.72699999975157,5.085300002974691,26.9529999968654,5.698400000255788,80.93880000160425,12,12,12,12,10.404299999208888,15.261500000633532,37.73670000009588,112.97710000144434
desk/desk_0237,12,4894,10532,11.162800001329742,8.103799998934846,0.8578999986639246,5.759600000601495,9.442499998840503,50.372000001516426,6.410199999663746,145.86330000020098,30,12,12,12,20.124499998928513,25.026200000866083,66.22470000002068,205.6778000005579
desk/desk_0238,12,4425,10994,10.494199999811826,7.309000000532251,0.8206999991671182,5.902500000956934,9.228200000507059,46.22870000093826,6.001800000376534,140.59980000092764,33,12,12,12,18.623899999511195,23.70570000130101,61.45870000182185,196.05670000237296
desk/desk_0241,12,4621,10444,9.901900000841124,6.952600000659004,0.807399999757763,5.74140000026091,8.96209999700659,49.85909999959404,6.209199997101678,150.1088000004529,12,12,12,12,17.66190000125789,22.595900001761038,65.0303999937023,208.92999999705353
desk/desk_0243,12,1576,11666,5.001800000172807,2.5635999991209246,0.8523000033164863,5.880699998670025,4.546399999526329,19.685499999468448,5.356400000891881,50.69769999681739,30,30,30,30,8.417700002610218,13.446099997963756,29.588299999886658,74.92959999581217
desk/desk_0257,12,4117,10046,15.069499997480307,9.270100003050175,1.0073999983433168,8.815500001219334,11.003199997503543,55.35800000143354,5.559299999731593,127.38979999994626,12,12,12,12,25.346999998873798,33.155100001749815,71.92049999866867,193.75099999888334
desk/desk_0261,12,6182,11122,12.489199998526601,9.821300001931377,0.8363999986613635,5.889399999432499,11.348600000928855,62.13389999902574,6.204400000569876,192.38539999787463,33,35,12,12,23.14689999911934,28.199899999890476,79.68690000052447,265.8678999978292
desk/desk_0263,12,1422,7940,5.416199997853255,2.5497999995423015,0.9253000025637448,5.876599996554432,5.274000002827961,19.736300000658957,5.825399999594083,49.9098000000231,0,12,12,12,8.891299999959301,13.842599993949989,30.835700003081,74.92010000351002
desk/desk_0269,12,4033,12457,9.856699998636032,6.845399999292567,0.8215000016207341,5.776599999080645,8.830000002490124,44.403699997928925,5.5725000020174775,142.80800000051386,12,12,14,14,17.523599999549333,22.478699997009244,58.806200002436526,196.0417000009329
door/door_0110,13,1877,9085,4.973200000677025,2.541000001656357,0.8135999996738974,5.769899998995243,5.0628999997570645,21.553999999014195,5.632899999909569,65.1426000003994,4,13,13,13,8.32780000200728,13.284100001328625,32.24979999868083,91.75949999917066
door/door_0112,13,1870,8985,5.292699999699835,2.8153000021120533,1.0540999974182341,6.749899999704212,4.85580000167829,23.948800000653137,5.789400001958711,79.35369999904651,11,13,13,13,9.162099999230122,14.8579000015161,34.59400000429014,108.15830000137794
door/door_0113,13,2094,9128,7.558799999969779,2.888900002290029,0.8875999992596917,6.246799999644281,8.002999999007443,32.96070000214968,5.588300002273172,71.97989999986021,11,13,13,13,11.3353000015195,16.69450000190409,46.552000003430294,112.94360000101733
door/door_0114,13,1940,6104,4.220300001179567,2.133599999069702,1.0469000008015428,7.770899999741232,4.451100001460873,23.84650000021793,5.7210999984818045,68.57769999987795,13,13,13,13,7.400800001050811,14.1247999999905,34.01870000016061,96.87530000155675
door/door_0115,13,1191,5966,3.58810000034282,1.5629999979864806,0.8078999999270309,6.030799999280134,2.9370000011113007,16.473399999085814,5.118400000355905,41.82080000100541,11,13,11,11,5.958999998256331,11.181899997609435,24.52880000055302,61.231200001202524
door/door_0117,13,2808,10783,6.591899997147266,3.832200000033481,0.8258000016212463,5.860100001882529,5.244499996479135,29.9075000002631,5.943000000115717,87.62170000045444,13,13,13,13,11.249899998801993,16.284199999063276,41.09499999685795,122.77369999719667
door/door_0119,13,2262,12690,5.727100000513019,3.143199999612989,0.8447000000160187,5.884100002731429,4.961499998898944,24.12180000101216,5.388499997934559,74.34120000107214,4,13,13,13,9.715000000142027,14.754400002857437,34.471799997845665,103.42450000098324
door/door_0121,13,3431,11311,7.980899998074165,4.709000000730157,0.8373999989998993,6.992900001932867,6.5181999998458195,36.25620000093477,5.541300000913907,109.09430000174325,13,38,13,13,13.52729999780422,19.68280000073719,48.315700001694495,151.86870000252384
door/door_0123,13,2472,11843,5.710900000849506,3.683199996885378,0.8153000017045997,5.798700000013923,5.29399999868474,28.030000001308508,6.470699998317286,85.70630000031088,13,13,13,13,10.209399999439484,15.192799997748807,39.794699998310534,119.03030000030412
door/door_0128,13,2892,7835,6.497600003058324,3.8236000000324566,0.8203999968827702,6.478900002548471,5.3826999974262435,30.025600000954,5.451899996842258,106.7910000019765,13,13,11,11,11.14159999997355,16.80010000563925,40.8601999952225,142.19930000035674
dresser/dresser_0202,14,10571,21827,28.448900000512367,29.090399999404326,0.8691000002727378,6.053299999621231,22.973600000113947,99.76200000164681,7.361300002230564,304.2298000000301,14,14,14,14,58.40840000018943,63.592599999537924,130.09690000399132,426.96540000179084
dresser/dresser_0213,14,5076,9855,10.873999999603257,7.895499998994637,0.9055000009539071,6.34889999855659,11.079600000812206,55.91389999972307,6.433000002289191,180.8257999982743,14,14,14,14,19.6749999995518,25.118399997154484,73.42650000282447,247.81929999880958
dresser/dresser_0224,14,7176,13764,14.05700000032084,10.18629999816767,0.8299000000988599,6.060300001990981,12.006500001007225,69.56649999847286,6.7788999986078124,228.2773000006273,23,23,14,14,25.07319999858737,30.30360000047949,88.3518999980879,309.8503000001074
dresser/dresser_0228,14,8702,17714,21.106899999722373,15.757799999846611,0.8414000003540423,5.761799999163486,15.997999998944579,82.88140000149724,7.038600000669248,264.05979999981355,14,14,14,14,37.706099999923026,42.62649999873247,105.91800000111107,362.93920000025537
dresser/dresser_0235,14,6672,14209,16.69649999894318,12.39720000012312,0.8296000014524907,6.180000000313157,56.85479999738163,59.99180000071647,6.0088999998697545,173.25139999957173,23,23,14,14,29.923300000518793,35.27369999937946,122.85549999796785,290.09799999766983
dresser/dresser_0236,14,3368,6394,7.1119999993243255,4.504700002144091,0.8104999978968408,5.916500002058456,6.933699998626253,36.719200001243735,5.438200001663063,101.41569999905187,23,23,23,23,12.427199999365257,17.533200003526872,49.09110000153305,145.06859999892185
dresser/dresser_0242,14,5202,7835,10.82690000112052,7.2025999979814515,0.8112000032269862,5.947300000116229,9.521699998003896,57.964999999967404,5.978099998174002,200.52209999994375,14,14,14,14,18.84070000232896,23.9767999992182,73.4647999961453,268.00879999791505
dresser/dresser_0248,14,8877,10678,18.040499999187887,12.889600002381485,0.8343000008608215,8.756499999435619,15.563199998723576,87.35059999889927,6.777300000976538,283.85939999861876,14,14,14,14,31.764400002430193,39.68660000100499,109.69109999859938,386.7731999962416
dresser/dresser_0249,14,2682,8778,6.331699998554541,4.175800000666641,0.799699999333825,5.49930000124732,6.500100000266684,28.173099999548867,5.427200001577148,83.69759999914095,22,22,14,14,11.307199998555006,16.006800000468502,40.1004000013927,118.3707999989565
dresser/dresser_0281,14,8058,9207,17.81000000119093,13.092299999698298,0.8075999976426829,5.7450000022072345,16.557299997657537,73.56500000241795,7.440600002155406,224.8284999986936,14,14,14,14,31.70989999853191,36.64730000309646,97.56290000223089,314.95079999876907
flower_pot/flower_pot_0151,15,3977,28397,9.445100000448292,5.29629999800818,0.8296000014524907,5.960099999356316,8.832300001813564,44.502599997940706,5.622000000585103,132.32350000180304,33,33,31,31,15.570999999908963,20.70149999781279,58.956900000339374,185.6584000015573
flower_pot/flower_pot_0154,15,3844,26317,8.827199999359436,4.922000000078697,0.8061999978963286,5.681300001015188,37.8789999995206,42.28230000080657,5.661200000758981,127.5296999992861,26,26,26,26,14.555399997334462,19.43050000045332,85.82250000108615,207.69099999961327
flower_pot/flower_pot_0156,15,4964,28050,9.054600002855295,5.678999998053769,0.8280000001832377,5.717500000173459,7.851999998820247,50.65599999943515,6.779100000130711,145.7178999989992,26,26,26,26,15.561600001092302,20.451100001082523,65.28709999838611,204.2258999972546
flower_pot/flower_pot_0157,15,9290,39768,19.75970000057714,15.349900000728667,1.0159000012208708,5.90849999935017,15.737199999421136,85.66480000081356,7.093299998814473,253.80980000045383,26,26,26,26,36.12550000252668,41.01810000065598,108.49529999904917,355.2118000006885
flower_pot/flower_pot_0160,15,4341,29138,9.390800001710886,6.023399997502565,0.8221999996749219,6.430000001273584,9.358899998915149,45.61240000111866,6.123199997091433,139.66910000090138,37,37,37,37,16.236399998888373,21.844200000487035,61.09449999712524,194.6404000009352
flower_pot/flower_pot_0162,15,6700,25370,13.869400001567556,8.247399997344473,0.8302000023832079,6.793000000470784,11.174299997946946,75.24829999965732,7.021599998552119,218.43919999810169,37,37,10,10,22.947000001295237,28.909799999382813,93.44419999615639,304.86179999570595
flower_pot/flower_pot_0163,15,4285,28495,8.479500000248663,5.318300001817988,0.8170000000973232,5.658199999743374,8.137900000292575,45.339799999055685,5.859999997483101,142.4250000018219,37,37,37,37,14.614800002163975,19.456000001810025,59.33769999683136,195.90270000117016
flower_pot/flower_pot_0164,15,6280,41260,18.307700000150362,8.594400002039038,0.8390999973926228,5.72219999958179,11.070100001234096,61.96540000019013,6.075699999200879,177.65700000018114,26,26,26,26,27.741199999582022,32.62430000177119,79.1112000006251,250.69250000160537
flower_pot/flower_pot_0167,15,1744,9604,5.191899999772431,2.7721000005840324,0.8435999989160337,5.883099998754915,4.991500001779059,18.59839999815449,5.220999999437481,49.109400002635084,37,37,26,26,8.807599999272497,13.847099999111379,28.81089999937103,72.69930000256863
flower_pot/flower_pot_0169,15,2227,16149,5.040199997893069,2.707900002860697,0.800499998149462,5.805299999337876,4.360499999165768,24.585300001490396,5.127000000356929,64.2690999993647,5,5,26,26,8.548599998903228,13.553400000091642,34.07280000101309,93.21490000002086
glass_box/glass_box_0182,16,2619,8413,5.621599997539306,2.97100000170758,0.7947999984025955,5.637599999317899,4.639000002498506,30.338500000652857,5.796200002805563,91.12379999714904,4,11,4,4,9.387399997649482,14.230199998564785,40.773700005956925,126.1013000003004
glass_box/glass_box_0183,16,12125,19449,25.398099998710677,21.873000001505716,0.9290000016335398,6.5944999987550545,21.036999998614192,105.95939999984694,9.096299996599555,308.6429000031785,16,16,16,16,48.20010000184993,53.86559999897145,136.09269999506068,435.63930000163964
glass_box/glass_box_0184,16,5580,11357,11.496500002976973,8.60370000009425,0.807099997473415,5.740399999922374,11.781200002587866,53.17539999668952,5.951499999355292,158.40740000203368,16,16,16,16,20.907300000544637,25.840600002993597,70.90809999863268,223.36400000131107
glass_box/glass_box_0200,16,4950,12606,13.16199999928358,9.947400001692586,0.8390999973926228,5.698700002540136,10.837300000275718,54.25019999893266,5.7381000005989335,146.27870000185794,16,16,16,16,23.94849999836879,28.8081000035163,70.82559999980731,211.36620000106632
glass_box/glass_box_0201,16,6504,12720,13.931000001321081,10.829099999682512,0.7970000006025657,5.672700001014164,12.369500000204425,65.86519999837037,6.649699997069547,183.60450000182027,16,16,16,16,25.55710000160616,30.432800002017757,84.88439999564434,261.83920000039507
glass_box/glass_box_0221,16,5622,12733,12.80629999746452,9.024099999805912,0.7944999997562263,5.818100002215942,10.821100000612205,56.445099999109516,5.815900000015972,156.89859999838518,16,16,16,16,22.62489999702666,27.648499999486376,73.0820999997377,224.1647999981069
glass_box/glass_box_0224,16,4404,10849,9.226999998645624,5.964500000118278,0.7976000015332829,5.853300001035677,8.146199998009251,46.09859999982291,7.610300002852455,130.49359999786247,16,16,16,16,15.989100000297185,21.04479999979958,61.855100000684615,184.73839999569464
glass_box/glass_box_0236,16,2892,9300,6.726200001139659,4.322299999330426,0.8006999996723607,5.852000002050772,6.381599996529985,31.011200000648387,13.464700001350138,84.33859999786364,16,16,16,16,11.849200000142446,16.900500002520857,50.85749999852851,121.73139999504201
glass_box/glass_box_0237,16,3571,10910,8.88920000215876,6.399499998224201,0.8269000027212314,5.7030999996641185,7.717099997535115,39.83630000220728,5.705899999156827,107.03490000014426,34,27,16,16,16.11560000310419,20.99180000004708,53.25929999889922,154.58829999988666
glass_box/glass_box_0271,16,4684,11609,10.14260000010836,6.889700001920573,0.8070000003499445,5.766199999925448,8.468500000162749,46.864099997037556,5.703599999833386,128.37649999710266,16,16,16,16,17.839300002378877,22.79850000195438,61.03619999703369,183.70909999430296
guitar/guitar_0159,17,1163,7239,3.25880000309553,1.217299999552779,0.8119999984046444,5.808500001876382,3.2802999994601123,17.107799998484552,5.287200001475867,41.3369000016246,17,17,17,17,5.288100001052953,10.284600004524691,25.67529999942053,61.72499999956926
guitar/guitar_0169,17,883,6726,2.5940000014088582,1.0547999991104007,0.8435999989160337,5.688900000677677,2.2630999992543366,14.711399999214336,5.214400000113528,34.34180000112974,17,17,17,17,4.492399999435293,9.337700001196936,22.1888999985822,51.316299999598414
guitar/guitar_0177,17,918,6888,2.6821000028576236,1.20009999955073,0.9127999983320478,5.629700001009041,2.3016999984974973,14.517400002659997,5.20909999977448,32.359500000893604,17,17,17,17,4.7950000007404014,9.511900003417395,22.028200000931975,49.1786000020511
guitar/guitar_0178,17,764,5687,2.471499999955995,0.9143999996013008,0.8010000019567087,5.614899997453904,1.9652000009955373,13.605899999674875,4.949100002704654,30.102499997155974,18,17,17,17,4.1869000015140045,9.0007999970112,20.520200003375066,45.673599997826386
guitar/guitar_0186,17,834,6588,2.813299997797003,1.1139000016555656,0.7974000000103842,5.60820000100648,2.1255999999993946,13.614100000268081,5.077799996797694,29.837800000677817,17,17,17,17,4.724599999462953,9.535400000459049,20.81749999706517,45.57750000094529
guitar/guitar_0192,17,960,6830,2.723500001593493,1.2005999997199979,0.8428000001003966,5.636099998810096,2.208099998824764,15.965700000379002,5.171299999346957,35.802499998681014,17,17,17,17,4.766900001413887,9.560200000123587,23.345099998550722,53.97629999788478
guitar/guitar_0209,17,1156,6883,3.200200000719633,1.2681000007432885,0.7956000008562114,5.627199996524723,2.500400001736125,17.888999998831423,5.103600000438746,40.227199999208096,17,17,17,17,5.263900002319133,10.095499997987645,25.493000001006294,60.616599999775644
guitar/guitar_0239,17,743,5877,2.697500000067521,0.9921000018948689,0.7884999977250118,5.52100000277278,2.009599997109035,12.768400003551506,7.888500000262866,28.257999998459127,17,17,17,17,4.478099999687402,9.21060000473517,22.666500000923406,43.03599999911967
guitar/guitar_0245,17,974,6967,2.8431999999156687,1.154499997937819,0.8184000034816563,5.558399996516528,2.270700002554804,15.521499997703359,5.729699998482829,36.70100000090315,17,17,17,17,4.816100001335144,9.556099994370015,23.52189999874099,54.49320000116131
guitar/guitar_0253,17,1191,8351,3.8115999996080063,1.4209000000846572,0.8170000000973232,6.110199999966426,2.5091999996220693,19.08250000269618,5.120300000271527,42.13109999909648,17,17,17,17,6.049499999789987,11.34269999965909,26.712000002589775,63.722800001414726
keyboard/keyboard_0146,18,1709,12841,4.926500001602108,2.564999998867279,0.8056000006035902,5.604999998467974,43.45130000001518,24.291000001539942,5.152800000360003,53.35159999958705,18,18,20,20,8.297100001072977,13.096499998937361,72.89510000191513,121.09390000114217
keyboard/keyboard_0148,18,1338,6912,3.4440999988873955,1.48790000093868,0.809799999842653,5.782799998996779,2.8763000009348616,19.80579999872134,5.282800000713905,44.53319999811356,31,18,18,18,5.741799999668729,10.714799998822855,27.964900000370108,67.21529999776976
keyboard/keyboard_0149,18,1961,15519,5.023999998229556,2.698899999813875,0.8005000017874409,5.528399997274391,4.15400000201771,25.15510000012,5.253499999525957,55.458200000430224,18,18,18,18,8.523399999830872,13.251299995317822,34.56260000166367,84.76730000256794
keyboard/keyboard_0152,18,2514,15650,5.722700003389036,2.888099999836413,0.7962999989103992,5.57670000125654,4.646499997761566,32.224099999439204,5.757999999332242,81.9080999972357,27,18,18,18,9.407100002135849,14.18750000448199,42.62859999653301,118.77869999443647
keyboard/keyboard_0156,18,1863,12421,4.614999998011626,2.5668000016594306,1.004300000204239,5.931399999099085,4.01630000123987,25.106000000960194,5.1824000001943205,58.78829999710433,3,18,18,18,8.186099999875296,13.113199998770142,34.304700002394384,87.9105999993044
keyboard/keyboard_0157,18,1842,15417,5.29639999876963,2.791300001263153,0.8512999993399717,5.569099997956073,4.309300002205418,24.96179999798187,5.071799998404458,55.33869999999297,18,18,18,18,8.938999999372754,13.656799997988855,34.34289999859175,84.60980000018026
keyboard/keyboard_0158,18,1674,13926,5.484599998453632,2.5074000004678965,0.7977000022947323,5.573799997364404,3.920200000720797,22.96290000231238,5.202100001042709,51.31769999934477,18,18,18,18,8.78970000121626,13.565799996285932,32.08520000407589,78.20080000237795
keyboard/keyboard_0160,18,1751,13063,5.196199999772944,2.959900000860216,0.8263999989139847,5.779300001449883,4.472600001463434,24.614199999632547,5.226599998422898,52.87970000063069,18,18,18,18,8.982499999547144,13.935400002083043,34.31339999951888,81.96650000172667
keyboard/keyboard_0161,18,1576,10437,4.318999999668449,1.8057999986922368,0.8152000009431504,5.513100000825943,3.3192999981110916,21.71459999954095,4.897599999821978,50.790799999958836,0,18,18,18,6.939999999303836,11.63789999918663,29.93149999747402,75.82469999761088
keyboard/keyboard_0162,18,2416,14981,6.016499999532243,3.208699999959208,0.8419000005233102,5.689099998562597,5.0815000031434465,28.998300000239396,5.170600001292769,63.58700000055251,2,18,18,18,10.067100000014761,14.914299998054048,39.25040000467561,97.66680000393535
lamp/lamp_0125,19,645,5686,2.5171999986923765,0.895099998160731,0.8157000011124182,5.77530000009574,2.2511999995913357,11.87249999929918,5.187200000364101,28.140399997937493,19,8,9,9,4.227999997965526,9.187599996948848,19.310899999254616,42.26409999682801
lamp/lamp_0126,19,1828,13029,4.424800001288531,2.5462999983574264,0.9124999996856786,6.185900001582922,3.824699997494463,26.071700001921272,6.983300001593307,60.652899999695364,19,19,19,19,7.883599999331636,13.15700000122888,36.87970000100904,90.5492999991111
lamp/lamp_0127,19,4698,29112,17.295800000283634,5.402400001912611,0.8292999991681427,5.872300000191899,7.611400000314461,48.049599998194026,6.012899997585919,154.23460000238265,26,37,19,19,23.527500001364388,28.570500002388144,61.673899996094406,209.89560000089114
lamp/lamp_0130,19,1156,5495,3.623399999924004,1.530800000182353,0.826999999844702,5.673100000421982,3.4473000014259014,13.861799998267088,5.1534999984141905,33.61579999909736,19,37,38,38,5.981199999951059,10.82730000052834,22.46259999810718,50.92489999879035
lamp/lamp_0131,19,4124,21959,10.041400000773137,5.739500000345288,0.8192999994207639,7.000599998718826,12.773599999491125,47.011700000439305,5.733599999075523,132.8955999997561,19,19,19,19,16.60020000053919,22.78149999983725,65.51889999900595,192.68089999968652
lamp/lamp_0132,19,764,6730,2.815399999235524,1.060200000210898,0.8106999994197395,5.686500000592787,2.7745000006689224,12.62009999845759,5.371700000978308,34.27970000120695,13,19,19,19,4.686299998866161,9.562100000039209,20.76630000010482,49.67430000033346
lamp/lamp_0134,19,1226,8249,3.693400001793634,1.7140999989351258,1.0025000010500662,6.219200000487035,4.561999998259125,16.187400000490015,5.492000000231201,40.4101999993145,19,19,19,19,6.410000001778826,11.626700001215795,26.24139999898034,61.15959999806364
lamp/lamp_0136,19,876,6871,3.1589999998686835,1.1599999997997656,0.8319000007759314,5.884099999093451,2.3446999985026196,13.035700001637451,5.456700000650017,32.746500000939704,19,19,19,19,5.150900000444381,10.2030999987619,20.837100000790088,48.126900001079775
lamp/lamp_0139,19,1156,6001,3.5180999984731898,1.4307999990705866,0.8449000015389174,6.106599998020101,3.36290000268491,14.291699997556861,4.933800002618227,36.01679999701446,19,19,19,19,5.793799999082694,11.055499995563878,22.58840000286,53.67139999725623
lamp/lamp_0140,19,1828,10622,5.665500000759494,2.6316999974369537,0.8300000008603092,5.95900000189431,5.295099999784725,20.80039999782457,5.159399999683956,50.88489999980084,5,5,19,19,9.127199999056756,14.256200000090757,31.25489999729325,76.98039999741013
laptop/laptop_0150,20,4460,9322,9.901199999148957,5.4630000013276,0.8019999986572657,5.653100000927225,8.034899998165201,45.52950000288547,5.510800001502503,130.01939999958267,20,20,20,20,16.166199999133823,21.017300001403783,59.075200002553174,183.58380000063335
laptop/laptop_0151,20,1926,7681,5.265800002234755,2.4198999999498483,0.8301999987452291,5.709500001103152,5.259699999442091,25.13360000011744,5.524300002434757,61.32369999977527,20,20,20,20,8.515900000929832,13.395200003287755,35.91760000199429,91.7169999993348
laptop/laptop_0153,20,2724,7102,12.234800000442192,5.111300000862684,0.8238999980676454,5.77510000221082,36.3364000004367,32.95349999825703,5.397200002335012,97.91399999812711,20,20,20,20,18.16999999937252,23.121200003515696,74.68710000102874,167.20389999682084
laptop/laptop_0161,20,2955,12180,7.712099999480415,3.7110000012035016,0.8965999986685347,7.197899998573121,6.553300001542084,43.11589999997523,8.841800001391675,125.61169999753474,20,20,20,20,12.319699999352451,18.620999999257037,58.511000002908986,175.28089999905205
laptop/laptop_0162,20,2878,6983,6.224200002179714,3.415399998630164,0.8124000014504418,5.922099997405894,5.692200000339653,36.82920000210288,5.902500000956934,106.17759999877308,20,20,20,20,10.45200000226032,15.561699998215772,48.42390000339947,148.6990000012156
laptop/laptop_0164,20,3263,7323,8.630799999082228,5.319100000633625,0.8742999998503365,9.430000001884764,7.933799999591429,39.397999997163424,6.726300001901109,152.00959999856423,20,20,20,20,14.82419999956619,23.379900001600618,54.05809999865596,199.34139999531908
laptop/laptop_0166,20,2409,6933,9.008799999719486,6.1478999996325,0.8286000011139549,6.97059999947669,7.568799999717157,32.28089999902295,6.998400000156835,78.83159999983036,20,20,20,20,15.98530000046594,22.127299998828676,46.84809999889694,118.68129999857047
laptop/laptop_0167,20,4838,12226,11.074800000642426,8.71710000137682,0.9895999974105507,9.163500002614455,10.860799997317372,51.03620000227238,6.352099997457117,161.71930000200518,20,20,20,20,20.781499999429798,28.955400004633702,68.24909999704687,223.61630000159494
laptop/laptop_0168,20,2892,7647,7.5409999990370125,4.019100000732578,0.8363999986613635,6.205099998624064,6.910900003276765,40.19919999700505,5.704000002879184,118.65109999780543,20,20,20,20,12.396499998430954,17.765199998393655,52.814100003161,165.76119999808725
laptop/laptop_0169,20,4642,10773,14.886500001011882,8.430199999565957,0.8482999983243644,6.201200001669349,11.092000000644475,61.4571000005526,6.99729999905685,181.46669999987353,20,20,20,20,24.164999998902204,29.51790000224719,79.54640000025393,254.0158000010706
mantel/mantel_0299,21,4705,16728,10.177000000112457,6.955299999390263,0.8245999997598119,5.732199999329168,11.715800003003096,66.68179999905988,8.157399999618065,171.06970000168076,21,21,21,21,17.956899999262532,22.86449999883189,86.55500000168104,249.46730000374373
mantel/mantel_0313,21,4509,12062,13.355800001590978,9.299299999838695,1.0527999984333292,9.59290000173496,13.371899996855063,48.20520000066608,5.5354000032821205,156.24039999966044,21,21,21,21,23.707899999863002,32.248000003164634,67.11250000080327,217.81749999718159
mantel/mantel_0315,21,4201,12025,12.186799998744391,6.475599999248516,0.8684000022185501,6.685599997581448,9.278000001359032,52.329699999972945,9.679000002506655,144.39459999994142,21,21,21,21,19.530800000211457,25.347999995574355,71.28670000383863,206.0023000012734
mantel/mantel_0327,21,6490,14393,14.733399999386165,11.155600001075072,0.8132000002660789,5.9918999977526255,12.98040000256151,63.4760999964783,6.271700000070268,201.39019999987795,21,21,21,21,26.702200000727316,31.880899998213863,82.72819999911007,277.84669999891776
mantel/mantel_0332,21,4600,14237,11.513200002809754,7.180799999332521,0.8092999996733852,7.3725000002013985,9.991499999159714,61.794500001269625,8.155199997418094,162.65480000220123,21,21,21,21,19.50330000181566,26.066500002343673,79.94119999784743,234.44080000263057
mantel/mantel_0333,21,3963,13288,10.40120000106981,7.041600001684856,0.8024999988265336,6.2060999989626,8.522500000253785,43.18290000082925,8.782299999438692,144.90849999856437,4,4,21,21,18.2453000015812,23.648900001717266,60.48770000052173,196.6138999996474
mantel/mantel_0357,21,3767,13159,10.221600001386832,8.051699998759432,0.9332999979960732,13.359800002945121,11.70079999792506,40.02580000087619,5.6616000001668,114.35509999864735,21,21,21,21,19.206599998142337,31.633100003091386,57.38819999896805,166.0816999974486
mantel/mantel_0376,21,9269,19056,19.104899998637848,15.597400000842754,0.8291000012832228,6.052199998521246,16.484600000694627,79.86380000147619,6.475700000009965,257.4370000002091,21,21,21,21,35.531400000763824,40.75449999800185,102.82410000218078,353.7854000023799
mantel/mantel_0377,21,3725,15869,10.001000002375804,8.127299999614479,0.8153999988280702,5.793000000267057,11.400999999750638,63.302300000941614,6.930699997610645,135.4578999998921,21,21,21,21,18.943700000818353,23.92130000225734,81.6339999983029,210.16120000058436
mantel/mantel_0378,21,7260,16048,19.38710000104038,12.795700000424404,1.4816000002610963,6.408699999155942,14.74429999871063,90.26950000043144,6.362399999488844,222.93679999711458,27,21,21,21,33.66440000172588,38.59150000062073,111.37619999863091,327.95059999625664
monitor/monitor_0485,22,4712,13299,9.243799999239855,6.620700001803925,0.7942999982333276,5.704499999410473,8.683000000019092,45.342200002778554,9.656800000811927,138.4169999982987,22,22,22,22,16.658799999277107,21.569000000454253,63.68200000360957,192.44220000109635
monitor/monitor_0492,22,2780,11365,6.87840000318829,3.8971999965724535,0.7846000007702969,6.082700001570629,5.808099998830585,33.60460000112653,5.298399999446701,96.3052000006428,13,22,22,22,11.56020000053104,16.858300001331372,44.711099999403814,135.7179000005999
monitor/monitor_0506,22,7358,19752,14.71999999921536,11.124399999971502,0.7934999994176906,5.639200000587152,12.23530000061146,67.96240000039688,7.111700000677956,223.7213000007614,23,22,14,14,26.637899998604553,31.483599999774015,87.3094000016863,303.91900000176975
monitor/monitor_0512,22,1737,8775,5.168600000615697,2.5667000008979812,0.790699999924982,5.836000000272179,4.6995999982755166,20.51510000092094,9.270499998820014,62.101800001983065,11,22,22,22,8.52600000143866,13.571300001785858,34.48519999801647,87.31650000117952
monitor/monitor_0521,22,4432,14868,46.62539999844739,8.401800001593074,0.8051999975577928,5.929599999944912,8.428700002696132,41.86729999855743,8.80929999766522,136.001099999703,22,22,22,22,55.83239999759826,60.95679999998538,59.10529999891878,186.29710000095656
monitor/monitor_0531,22,5678,20472,12.312499999097781,9.049299998878269,0.7944000026327558,5.829099998663878,11.011300000973279,60.362699998222524,9.127999997872394,176.39989999952377,22,22,22,22,22.156200000608806,27.190899996639928,80.5019999970682,247.77389999871957
monitor/monitor_0538,22,2745,11419,6.146800002170494,3.6165999990771525,0.8729000001039822,6.145299998024711,5.951700000878191,28.067700000974583,4.9539999999979045,83.46879999953671,12,22,22,22,10.636300001351628,15.908699999272358,38.97340000185068,117.48820000138949
monitor/monitor_0546,22,2668,7684,6.577599997399375,3.545800002029864,0.8164999999280553,7.672399999137269,5.495100002008257,32.57539999685832,9.507699996902375,104.11030000250321,22,22,22,22,10.939899999357294,17.79579999856651,47.578199995768955,142.1808000013698
monitor/monitor_0551,22,2402,15431,6.55670000196551,3.8868999981787056,0.8312999998452142,5.680400001438102,5.505400000402005,25.350500000058673,5.271400001220172,77.13420000072801,22,22,22,22,11.27489999998943,16.124000001582317,36.12730000168085,107.9901000011887
monitor/monitor_0552,22,1548,10466,5.183999997825595,2.813600000081351,0.7939000024634879,5.666099998052232,5.431300000054762,18.987300001754193,5.133000002388144,55.65529999876162,22,22,22,22,8.791500000370434,13.663699995959178,29.5516000041971,80.07390000057057
night_stand/night_stand_0207,23,4852,9634,18.54259999890928,7.559800000308314,0.8256000000983477,5.583400001341943,9.690499999123858,56.14179999975022,22.31509999910486,165.3879000004963,33,33,33,33,26.927999999315944,31.68580000055954,88.14739999797894,231.22019999937038
night_stand/night_stand_0211,23,9381,17618,21.370100002968684,13.775999999779742,0.8904999995138496,5.720400000427617,16.992599998047808,88.985499998671,40.8776999975089,257.5168000003032,23,23,23,23,36.036600002262276,40.86650000317604,146.8557999942277,363.494899997022
night_stand/night_stand_0225,23,9878,18475,68.40179999926477,19.008800001756754,0.8124000014504418,5.848900000273716,19.536499999958323,111.76579999664682,9.632499997678678,284.5236000030127,23,23,23,23,88.22300000247196,93.25950000129524,140.93479999428382,415.82589999961783
night_stand/night_stand_0227,23,4278,12285,12.232500001118751,9.202299999742536,1.3964999998279382,10.125099997821962,14.791699999477714,50.55920000086189,5.88640000205487,143.58159999756026,23,14,23,23,22.831300000689225,31.55989999868325,71.23730000239448,208.93249999789987
night_stand/night_stand_0232,23,7841,12627,19.258399999671383,15.250600001309067,0.9771999975782819,6.104899999627378,14.581800001906231,87.40559999932884,9.317899999587098,211.54999999998836,23,23,23,23,35.48619999855873,40.61390000060783,111.30530000082217,313.53740000122343
night_stand/night_stand_0241,23,3522,7494,15.488200002437225,9.031599998706952,0.8199000003514811,6.026299997756723,8.325500002683839,34.80629999830853,5.481000000145286,105.25730000153999,14,14,23,23,25.339700001495657,30.5460999989009,48.61280000113766,148.38910000253236
night_stand/night_stand_0243,23,5874,10589,12.21839999925578,8.616600000095787,0.8015999992494471,5.676500000845408,10.828700000274694,59.63100000008126,6.3069999996514525,180.6471000018064,23,23,23,23,21.636599998601014,26.511500000196975,76.7667000000074,251.10680000216234
night_stand/night_stand_0257,23,9878,11773,19.038099999306723,14.704600002005463,0.8157999982358888,5.657300000166288,15.979800002241973,83.83549999780371,7.342400000197813,254.61039999936474,23,14,14,14,34.558499999548076,39.400000001478475,107.1577000002435,354.4256999994104
night_stand/night_stand_0272,23,5832,20742,11.675899997499073,8.19210000190651,0.8140999998431653,5.7027000002563,11.085799997090362,56.118300002708565,6.280100002186373,206.30979999987176,14,14,14,14,20.68209999924875,25.570699999661883,73.4842000019853,273.5138999996707
night_stand/night_stand_0278,23,5832,13311,12.273200001800433,8.59419999687816,0.8029000018723309,6.761199998436496,10.714800002460834,58.349200000520796,6.168100000650156,179.04659999840078,33,33,33,33,21.670300000550924,27.62859999711509,75.23210000363179,248.1106000013824
person/person_0089,24,1751,14597,4.688000000896864,2.3913000004540663,0.8161000005202368,5.722900001273956,4.6351999990292825,20.571099998051068,5.039099996793084,54.22220000036759,13,24,24,24,7.895400001871167,12.802200002624886,30.245399993873434,79.42849999744794
person/person_0090,24,2073,18363,5.684599997039186,3.0902000034984667,0.7939999995869584,5.581399997026892,4.429300002811942,24.18249999755062,5.0812000008590985,61.37559999842779,37,24,26,26,9.568800000124611,14.356199997564545,33.69300000122166,89.98739999879035
person/person_0091,24,2059,18034,5.047900001954986,3.1033999985083938,0.8168000022124033,5.594099999143509,4.461299999093171,22.097799999755807,5.0172999981441535,59.79189999925438,24,4,5,5,8.968100002675783,13.745399999606889,31.576399996993132,86.35099999810336
person/person_0096,24,1506,13945,4.435500002728077,2.2722999965480994,0.7887000028858893,5.7753999972192105,3.6768000027223025,17.52429999760352,5.2414999991015065,46.44740000003367,24,24,24,24,7.496500002162065,12.483199996495387,26.44259999942733,67.64850000035949
person/person_0099,24,1247,11709,3.621199997724034,1.8334000014874619,0.8125999993353616,5.653100000927225,3.139799999189563,16.145800000231247,5.177399998501642,39.28450000239536,24,11,5,5,6.267199998546857,11.10770000013872,24.462999997922452,58.57010000181617
person/person_0101,24,491,5007,2.4765999987721443,0.8765999991737772,0.8007000033103395,7.197199996880954,2.777100002276711,9.735499999806052,4.9022999992303085,21.69040000080713,26,11,24,24,4.153900001256261,10.550399994826876,17.41490000131307,34.203000002889894
person/person_0102,24,1044,11090,3.6479000009421725,1.8630000013217796,0.7961999981489498,5.659499998728279,2.8858000005129725,14.812500001426088,6.650999999692431,39.00760000033188,24,24,24,24,6.307100000412902,11.170400000992231,24.34930000163149,56.70590000227094
person/person_0103,24,953,8953,3.247700002248166,1.6059999979916029,0.784400002885377,6.231199997273507,2.696200001082616,14.469300000200747,6.74050000088755,45.325399998546345,26,24,24,24,5.638100003125146,11.084899997513276,23.906000002170913,62.49089999982971
person/person_0106,24,1471,12931,7.919299998320639,2.3278000007849187,1.1572999974305276,10.293100000126287,5.97590000324999,19.15059999737423,6.359700000757584,45.964299999468494,24,24,24,24,11.404399996536085,20.540199999231845,31.486200001381803,71.09080000009271
person/person_0108,24,1415,12600,4.596599999786122,2.170699997805059,0.7826000000932254,5.799500002467539,3.4238999978697393,17.90199999959441,6.567000000359258,44.802500000514556,37,24,26,26,7.549899997684406,12.56680000005872,27.892899997823406,66.1283999979787
piano/piano_0233,25,6917,29549,14.234099999157479,10.768400003144052,0.960299999860581,6.384499996784143,11.687900001561502,67.42970000050263,7.726600000751205,191.63269999990007,25,25,25,25,25.962800002162112,31.386999999085674,86.84420000281534,270.7503000019642
piano/piano_0242,25,2346,17385,5.96380000206409,3.4641999991436023,0.798099998064572,5.858600001374725,5.803799998830073,26.157300002523698,6.5569999969739,69.69630000094185,25,25,25,25,10.226099999272265,15.286600002582418,38.51809999832767,101.65740000229562
piano/piano_0256,25,5370,11602,11.089700001321035,8.403899999393616,0.7858999997552019,5.88900000002468,8.89860000097542,56.23650000052294,6.5288000005239155,161.4052000004449,25,36,3,3,20.279500000469852,25.38260000073933,71.66390000202227,226.54030000194325
piano/piano_0259,25,4866,11069,10.699200000090059,7.3411999983363785,0.79100000220933,5.7137000003422145,8.950799998274306,49.48779999904218,17.813700000260724,156.96519999983138,25,22,25,25,18.831400000635767,23.754099998768652,76.25229999757721,215.40379999714787
piano/piano_0278,25,1688,11461,7.350299998506671,4.34540000060224,1.239100001839688,8.979599999292986,8.59409999975469,27.63029999914579,6.4509000003454275,51.71790000167675,25,25,25,25,12.934800000948599,20.675299998401897,42.67529999924591,87.94230000057723
piano/piano_0294,25,3718,9626,8.028599997487618,4.9506000032124575,0.8113999974739272,5.816700002469588,7.21239999984391,45.74439999851165,14.526999999361578,125.42889999895124,27,27,25,25,13.790599998174002,18.795900003169663,67.48379999771714,178.3856999973068
piano/piano_0303,25,2227,13891,6.670099999610102,3.2648999986122362,0.8275000000139698,5.781100000604056,5.423599999630824,27.009900000848575,6.935299999895506,70.0044999975944,25,25,25,25,10.762499998236308,15.716099998826394,39.368800000374904,102.43799999807379
piano/piano_0309,25,4194,16685,13.733899999351706,9.386999998241663,1.1855000011564698,9.376000001793727,10.0745999989158,55.298200000834186,16.264699999737786,135.4934000009962,25,25,25,25,24.30639999874984,32.4968999993871,81.63749999948777,200.86620000074618
piano/piano_0310,25,4411,18995,9.517599999526283,7.21490000069025,1.3902999999118038,9.448600001633167,13.26590000098804,62.40319999778876,16.53749999968568,159.25110000171117,28,28,28,28,18.122800000128336,26.1811000018497,92.20659999846248,234.92020000048797
piano/piano_0312,25,3102,14517,7.338300001720199,4.364599997643381,0.8469000022159889,6.905099999130471,55.89160000090487,37.57129999939934,11.690499999531312,94.30319999955827,25,25,25,25,12.54980000157957,18.60799999849405,105.15339999983553,187.7660999998625
plant/plant_0252,26,2829,16505,5.8988999990106095,2.6331999979447573,0.7833000017853919,5.5388000000675675,4.699799999798415,39.28969999833498,12.981700001546415,91.44190000006347,0,30,18,18,9.315399998740759,14.070899997022934,56.97119999967981,135.43139999819687
plant/plant_0267,26,1429,12099,4.259699999238364,2.280099997733487,0.8441999998467509,5.817900000693044,3.5724000008485746,16.327900000760565,6.299100001342595,40.06350000054226,24,24,24,24,7.383999996818602,12.357699997664895,26.199400002951734,59.9638000021514
plant/plant_0276,26,995,4681,3.289699998276774,1.2557000009110197,0.7955000000947621,5.893400000786642,2.634500000567641,15.751499999169027,8.012099999177735,35.21020000334829,26,26,24,24,5.340899999282556,10.438799999974435,26.398099998914404,53.59620000308496
plant/plant_0278,26,2661,18373,8.711399997991975,3.653899999335408,1.089900000806665,8.81909999952768,5.208200000197394,37.03180000229622,8.718400000361726,79.41180000125314,26,26,28,28,13.455199998134049,21.184399996855063,50.95840000285534,121.65180000374676
plant/plant_0281,26,2157,15980,5.520299997442635,4.269700002623722,1.2067999996361323,9.125799999310402,4.724900001747301,25.238199999876088,9.578499997587642,62.79220000214991,4,4,19,19,10.996799999702489,18.91579999937676,39.54159999921103,92.7553000037733
plant/plant_0304,26,5636,37218,11.559800001123222,6.801999999879627,0.8103000000119209,5.869199998414842,8.670999999594642,56.26970000230358,21.928199999820208,156.5267000005406,26,26,26,26,19.17210000101477,24.23099999941769,86.86890000171843,221.4674000024388
plant/plant_0327,26,1415,12349,6.247200002690079,3.2746999968367163,1.2262000018381514,5.972399998427136,4.525700001977384,28.648499999690102,11.685600002238061,41.657399997347966,26,24,19,19,10.748100001364946,15.49429999795393,44.85980000390555,74.83159999901545
plant/plant_0329,26,2605,22033,6.4741999995021615,3.752200002054451,0.8027999974729028,5.897800001548603,5.161400000361027,27.794300000095973,7.746200000838144,67.78990000020713,26,26,26,26,11.029199999029515,16.124200003105216,40.701900001295144,100.74560000066413
plant/plant_0336,26,4908,31978,10.109499999089167,5.687799999577692,0.8299000000988599,5.722900001273956,15.67589999831398,53.54000000079395,20.204299999022624,145.0226000015391,26,26,26,26,16.627199998765718,21.520199999940814,89.42019999813056,214.23850000064704
plant/plant_0337,26,5293,34365,10.272700001223711,5.950799997663125,0.7896000024629757,5.774599998403573,9.518900002149167,56.788999998389045,48.19050000151037,155.4995999977109,26,8,26,26,17.013100001349812,21.99809999729041,114.49840000204858,221.8074999982491
radio/radio_0105,27,295,4238,2.104200000758283,0.733500000933418,0.8095000011962838,5.7080999977188185,2.2567000014532823,7.4940999984391965,37.0606000033149,16.991399999824353,6,26,17,17,3.6472000028879847,8.54579999941052,46.81140000320738,26.74219999971683
radio/radio_0106,27,554,5639,3.8749999985157046,1.4436000019486528,0.8199999974749517,6.322200002614409,1.8714999969233759,9.969400001864415,5.105099997308571,21.773300002678297,0,0,11,11,6.138599997939309,11.640800003078766,16.94599999609636,33.61420000146609
radio/radio_0107,27,827,5674,2.6271999995515216,1.1603999992075842,0.799699999333825,5.831800001033116,2.150799999071751,12.203199999930803,5.164199999853736,28.999199999816483,14,24,13,13,4.587299998092931,9.619399999792222,19.51819999885629,43.353199998819036
radio/radio_0108,27,2269,8226,5.686800002877135,2.4678999980096705,0.8765999991737772,5.6435000005876645,4.05999999929918,27.847000001202105,5.108699999254895,67.63349999891943,11,36,36,36,9.031300000060583,13.79820000147447,37.01569999975618,99.54049999942072
radio/radio_0111,27,4887,20834,19.22030000059749,11.84790000115754,1.207999997859588,11.166200001753168,11.724199997843243,47.94840000249678,5.674899999576155,133.8102000008803,22,21,10,10,32.27619999961462,42.2344000035082,65.34749999991618,193.4828000012203
radio/radio_0112,27,3431,12174,8.964399999968009,4.691999998613028,0.7919999989098869,5.591000001004431,8.017799998924602,39.80760000195005,5.304599999362836,99.02230000079726,27,27,34,34,14.448399997490924,19.24739999958547,53.13000000023749,146.8477000016719
radio/radio_0113,27,4957,12046,10.92669999707141,6.163300000480376,0.8176000010280404,5.844300001626834,36.871399999654386,54.50930000006338,5.545899999560788,151.93680000083987,2,2,27,27,17.907599998579826,22.93429999917862,96.92659999927855,243.31750000055763
radio/radio_0115,27,4782,13532,9.884999999485444,7.434200000716373,0.7992999999260064,5.630200001178309,8.970599999884143,48.52480000045034,5.61089999973774,128.5822999998345,27,36,16,16,18.118500000127824,22.949400001380127,63.106300000072224,186.077700000169
radio/radio_0116,27,6147,35960,14.091799999732757,11.083199999120552,0.7995000014489051,5.657599998812657,12.44080000105896,54.34790000072098,5.492799999046838,177.2555999996257,12,36,36,36,25.974500000302214,30.832599997665966,72.28150000082678,244.04430000140565
radio/radio_0117,27,5790,13994,12.07070000236854,8.34729999769479,0.8082000022113789,5.62770000033197,10.627100000419887,58.22449999686796,6.186200000229292,163.40199999831384,25,25,27,27,21.22620000227471,26.0457000003953,75.03779999751714,232.2535999956017
range_hood/range_hood_0118,28,3501,11599,7.7032000008330215,4.479300001548836,0.8028999982343521,5.8743000008689705,7.121400001778966,46.38399999748799,5.61079999897629,111.73060000146506,28,34,28,28,12.98540000061621,18.056800003250828,59.116199998243246,165.23600000073202
range_hood/range_hood_0121,28,4852,14878,10.252700001728954,6.830999998783227,0.8081999985734001,5.977600001642713,8.709499998076353,49.61589999948046,5.5171000021800864,143.12000000063563,28,28,28,28,17.89189999908558,23.061300002154894,63.8424999997369,201.44539999819244
range_hood/range_hood_0127,28,4565,18735,9.983100000681588,6.821399998443667,0.8162000012816861,5.6341999988944735,8.94709999920451,46.36160000154632,5.495500001416076,126.48379999882309,28,28,28,28,17.62070000040694,22.43869999801973,60.80420000216691,181.79249999957392
range_hood/range_hood_0130,28,4145,13737,8.999199999379925,5.943600001046434,0.7896999995864462,5.779800001619151,7.916200000181561,58.678199999121716,11.819800001831027,119.41200000001118,28,28,28,28,15.732500000012806,20.72260000204551,78.4142000011343,186.00639999931445
range_hood/range_hood_0142,28,5377,19934,11.753099999623373,7.842700000765035,0.820099998236401,5.916599999181926,9.781500000826782,54.94370000087656,5.858399999851827,151.3121999996656,28,28,28,28,20.41589999862481,25.512399999570334,70.58360000155517,216.03740000136895
range_hood/range_hood_0159,28,4894,19682,9.485099999437807,6.342299999232637,0.9226000001945067,9.054599999217317,8.368300001166062,53.53660000037053,5.548299999645678,144.69050000116113,28,28,28,28,16.74999999886495,24.88199999788776,67.45320000118227,206.59540000269772
range_hood/range_hood_0168,28,6210,15711,13.297199999215081,9.399900001881178,0.8132000002660789,5.910500000027241,11.030199999368051,58.506900000793394,6.147600000986131,167.71159999916563,28,28,28,28,23.51030000136234,28.6076000011235,75.68470000114758,237.24869999932707
range_hood/range_hood_0169,28,4985,14996,11.082299999543466,7.708299999649171,0.8094000004348345,5.649899998388719,9.882300000754185,48.737199998868164,5.422799997177208,150.96190000258503,21,28,28,28,19.59999999962747,24.440499997581355,64.04229999679956,209.58140000220737
range_hood/range_hood_0186,28,1618,8766,4.71540000216919,2.2078999973018654,0.8125999993353616,5.635600002278807,4.5286999993550126,19.81109999906039,5.068599999503931,45.211399999971036,28,9,28,28,7.735899998806417,12.558900001749862,29.408399997919332,69.55119999838644
range_hood/range_hood_0209,28,2864,7243,7.632400000147754,4.110199999558972,0.8577000007790048,6.596300001547206,5.724700000428129,35.78669999842532,8.235699999204371,82.63890000307583,28,20,28,28,12.600300000485731,18.338900001253933,49.74709999805782,124.15030000192928
sink/sink_0133,29,2024,10860,4.951500002789544,2.465399997163331,0.8224000011978205,5.611699998553377,4.313200002798112,25.381799998285715,5.267399999866029,56.486499997845385,36,29,29,29,8.239300001150696,13.028599998506252,34.962400000949856,86.18149999892921
sink/sink_0136,29,3893,14643,9.177900003123796,5.682600000000093,0.8185999977285974,5.660800001351163,7.242299998324597,37.18170000138343,5.461799999466166,102.58510000130627,16,8,16,16,15.679100000852486,20.52130000447505,49.885799999174196,147.0091000010143
sink/sink_0138,29,2388,12501,5.934099997830344,2.990900000440888,0.7916000031400472,5.778799997642636,4.948100002366118,26.685199998610187,5.1138000017090235,62.01650000002701,7,29,29,29,9.71660000141128,14.703799995913869,36.74710000268533,93.64980000100331
sink/sink_0139,29,4299,29597,9.363199998915661,5.510099999810336,0.8019999986572657,5.681100003130268,7.4088000001211185,46.4637999975821,5.569700002524769,123.75089999841293,6,6,29,29,15.675299997383263,20.554400001856266,59.44230000022799,177.62349999611615
sink/sink_0140,29,4194,16841,11.04750000013155,8.319100001244806,0.8036999970499892,5.64210000084131,9.229499999491964,41.792400003032526,5.243900002824375,141.64600000003702,36,4,29,29,20.170299998426344,25.008700002217665,56.265800005348865,192.6679000025615
sink/sink_0141,29,2493,8809,6.040500000381144,3.608499999245396,0.7968999998411164,5.664500000420958,5.7276999978057574,27.64210000168532,5.4829000000609085,66.74399999974412,35,35,29,29,10.445899999467656,15.313500000047497,38.85269999955199,100.1137999992352
sink/sink_0142,29,1814,14469,5.345199999283068,2.7174999995622784,0.805300001957221,5.575299997872207,4.48560000222642,24.568400000134716,5.254300001979573,57.323400000313995,29,2,1,1,8.868000000802567,13.637999996717554,34.30830000434071,86.37740000267513
sink/sink_0143,29,5881,25544,11.587600001803366,7.149999997636769,0.8533000000170432,5.767600003309781,8.933899996918626,67.28099999963888,7.348999999521766,176.67050000090967,29,29,20,20,19.59089999945718,24.505200002749916,83.56389999607927,252.88539999746718
sink/sink_0145,29,1863,7891,4.729300002509262,2.2441999972215854,0.7919000017864164,5.61809999999241,4.323900000599679,23.354099997959565,5.24520000180928,55.97459999989951,34,2,36,36,7.765400001517264,12.591599999723257,32.923200000368524,83.65259999845875
sink/sink_0146,29,4306,13278,8.41009999930975,5.010299999412382,0.790699999924982,5.842099999426864,6.688400000712136,51.0537000009208,5.648099999234546,135.97749999826192,29,2,29,29,14.211099998647114,19.262499998148996,63.39020000086748,193.71959999989485
sofa/sofa_0681,30,6784,11002,13.105199999699835,9.076499998627696,0.7938000017020386,5.713799997465685,10.349700001825113,66.26799999867217,6.9708000009995885,226.26889999810373,23,23,23,23,22.97550000002957,27.895499995793216,83.58850000149687,302.886599998601
sofa/sofa_0685,30,3193,15645,8.508799997798633,5.101700000523124,0.8073000026342925,5.595899998297682,52.034200001799036,32.886899996810826,5.247299999609822,90.00349999769242,30,30,30,30,14.41780000095605,19.20639999661944,90.16839999821968,174.92459999630228
sofa/sofa_0691,30,4628,23049,10.391900003014598,7.73509999999078,0.8007999967958312,5.568100001255516,9.136299999227049,43.22890000184998,5.441100001917221,111.26850000073318,30,30,30,30,18.92779999980121,23.695100004260894,57.80630000299425,163.6337000018102
sofa/sofa_0707,30,3669,10462,8.090200000879122,4.730699998617638,0.8071000011113938,5.790600000182167,7.048499999655178,42.08399999697576,5.4219000012381,108.69929999898886,30,30,30,30,13.628000000608154,18.611499999678927,54.55439999786904,157.8317999956198
sofa/sofa_0716,30,5608,43952,13.992200001666788,10.409800001070835,0.8210999985749368,5.721500001527602,11.544999997568084,50.861800002167,16.821100001834566,142.26349999808008,30,30,30,30,25.22310000131256,30.123500004265225,79.22790000156965,204.67029999781516
sofa/sofa_0719,30,3305,22944,14.120900003035786,5.174499998247484,0.8011999998416286,5.553300001338357,7.238099999085534,40.152300000045216,11.18050000150106,93.59129999938887,30,30,30,30,20.096600001124898,24.848700002621626,58.57090000063181,140.98169999851962
sofa/sofa_0732,30,3648,20989,10.087400001793867,5.7797000008577015,0.9774999998626299,8.730599998671096,8.413600000494625,38.15530000065337,11.543500000698259,100.79630000109319,30,30,30,30,16.8446000025142,24.597700001322664,58.112400001846254,147.36520000224118
sofa/sofa_0767,30,3515,14094,9.946199999831151,5.767800001194701,0.79840000034892,5.527100001927465,8.42239999838057,35.84459999910905,10.797799997817492,91.7503000018769,30,30,30,30,16.512400001374772,21.241100002953317,55.06479999530711,136.01729999936651
sofa/sofa_0769,30,2766,13752,7.603800000651972,4.555399998935172,0.7996000022103544,6.55439999900409,11.366099999577273,39.44659999979194,8.755100003327243,79.04239999697893,30,30,30,30,12.9588000017975,18.713599998591235,59.56780000269646,129.85509999634814
sofa/sofa_0770,30,3466,12433,9.297399999923073,5.167499999515712,0.7852000017010141,5.7357000005140435,10.621800000080839,36.99319999941508,11.572100000194041,93.42950000063865,30,30,30,30,15.2501000011398,20.20059999995283,59.18709999968996,141.04450000013458
stairs/stairs_0128,31,5020,18098,37.18410000146832,6.595200000447221,0.7979000001796521,5.771399999503046,8.544500000425614,53.34310000034748,19.078699999226956,176.3535000027332,25,30,16,16,44.577200002095196,49.55070000141859,80.96630000000005,238.2411000035063
stairs/stairs_0130,31,2052,10360,7.888900003308663,4.089999998541316,1.0528999991947785,7.493400000385009,6.225500001164619,27.27269999741111,6.880600001750281,55.48830000043381,29,24,29,29,13.031800001044758,19.472300002234988,40.37880000032601,88.98649999900954
stairs/stairs_0134,31,2633,19761,6.449099997553276,3.440600001340499,0.8072000018728431,5.641199997626245,5.351499999960652,29.317200001969468,9.793200002604863,76.25919999918551,31,31,31,31,10.696900000766618,15.53089999652002,44.46190000453498,110.92790000111563
stairs/stairs_0135,31,4950,24151,9.349100000690669,5.616999998892425,0.8015999992494471,6.033000001480104,7.6392999981180765,51.98910000035539,20.252099999197526,146.9083000010869,37,37,31,31,15.76769999883254,20.999100001063198,79.880499997671,206.53669999956037
stairs/stairs_0136,31,1751,12634,4.487700000026962,2.001900000323076,0.7985000011103693,5.727399999159388,4.116200001590187,22.96849999765982,6.7416000019875355,57.25729999903706,31,8,25,25,7.288100001460407,12.216999999509426,33.82630000123754,84.34199999828706
stairs/stairs_0137,31,6343,15217,14.063499998883344,9.264799999073148,1.1812000011559576,5.584700000326848,10.600999998132465,66.42780000038329,27.807999998913147,182.24750000081258,10,8,25,25,24.50949999911245,28.91299999828334,104.8367999974289,259.27629999932833
stairs/stairs_0138,31,1653,11616,4.481399999349378,1.9329000024299603,0.8766999999352265,6.431300000258489,4.4006999996781815,19.550500001059845,7.184099998994498,49.053400001866976,31,26,31,31,7.291000001714565,12.845600002037827,31.135299999732524,73.004600002605
stairs/stairs_0139,31,1576,11344,4.658400001062546,2.5100999991991557,1.5424000011989847,6.016499999532243,3.5002999975404236,20.830600002227584,8.492699998896569,62.40969999998924,31,31,19,19,8.710900001460686,13.184999999793945,32.82359999866458,86.74059999975725
stairs/stairs_0143,31,2192,11521,6.23260000065784,3.4825000002456363,0.8229000013670884,5.768899998656707,5.108699999254895,24.051500000496162,7.162899997638306,54.43509999895468,18,36,12,12,10.538000002270564,15.483999999560183,36.32309999738936,83.59529999870574
stairs/stairs_0144,31,1051,7641,3.611700001783902,1.515699997980846,0.7982000024640001,5.6083999988914,3.2605000014882535,15.583399999741232,6.269699999393197,34.48890000072424,22,22,31,31,5.925600002228748,10.735799998656148,25.113600000622682,53.33280000195373
stool/stool_0095,32,3158,22479,7.804000000760425,4.77350000073784,0.7968999998411164,5.947499998001149,6.035300000803545,36.39810000095167,13.584399999672314,90.44709999943734,19,19,8,8,13.374400001339382,18.524999999499414,56.01780000142753,132.88050000119256
stool/stool_0096,32,1450,9737,4.229599999234779,1.9107999978587031,0.8133000010275282,5.58409999939613,3.7134000012883916,17.624000000068918,7.156799998483621,43.0307000024186,8,24,32,32,6.95369999812101,11.724499996489612,28.49419999984093,64.36810000377591
stool/stool_0097,32,2171,13728,5.616399997961707,2.71710000015446,0.7920999996713363,5.6798000005073845,4.303400000935653,26.673600001231534,11.475200000859331,61.809399998310255,13,31,32,32,9.125599997787504,14.013299998623552,42.45220000302652,92.78640000047744
stool/stool_0101,32,2458,17552,6.763800000044284,3.394999999727588,0.8089000002655666,5.89879999824916,4.99850000051083,28.621299999940675,14.196899999660673,72.59939999858034,32,32,32,32,10.96770000003744,16.057599998021033,47.81670000011218,106.21919999903184
stool/stool_0102,32,1919,13001,5.648400001518894,2.9733000010310207,0.8210999985749368,6.031500000972301,5.500600000232225,24.194300000090152,16.35280000118655,63.98099999933038,32,37,32,32,9.442800001124851,14.653200003522215,46.04770000150893,93.67589999965276
stool/stool_0103,32,3417,16031,8.053599998675054,4.766199999721721,0.7961000010254793,5.59380000049714,6.587699997908203,35.1714999997057,6.6939000025740825,91.40479999769013,19,23,19,19,13.615899999422254,18.413599998893915,48.45310000018799,133.16399999530404
stool/stool_0105,32,1989,12587,7.179000000178348,5.128299999341834,0.8291999984066933,6.0651000021607615,4.99130000025616,30.980600000475533,9.938499999407213,55.88279999938095,19,32,19,19,13.136499997926876,18.372400001680944,45.91040000013891,91.85470000011264
stool/stool_0106,32,1170,9908,3.7980999986757524,2.0648999998229556,1.1143000010633841,5.902299999434035,3.4411999986332376,14.793400001508417,9.149299999990035,36.218000001099426,24,5,24,24,6.977299999562092,11.765299997932743,27.38390000013169,54.45260000124108
stool/stool_0107,32,988,7720,3.4100000011676457,1.293900000746362,0.7879999975557439,6.354299999657087,3.843100002995925,15.38069999878644,6.731199999194359,33.75949999826844,32,19,32,32,5.4918999994697515,11.058200001571095,25.955000000976725,52.983300000050804
stool/stool_0108,32,1723,12276,4.5898999997007195,2.239599998574704,0.7862000020395499,5.567799998971168,3.710799999680603,21.648300000379095,8.261800001491793,53.701599998021265,19,32,32,32,7.615700000314973,12.397299997246591,33.62090000155149,79.06069999808096
table/table_0410,33,2864,9932,9.445100000448292,6.329799998638919,1.0449000001244713,6.109699999797158,7.118999998056097,32.663800000591436,5.02260000212118,80.79279999947175,33,12,33,33,16.819799999211682,21.88459999888437,44.805400000768714,120.57559999811929
table/table_0416,33,1520,7033,5.696499996702187,3.5287000027892645,0.7865999978093896,5.916000001889188,4.88749999931315,20.198900001560105,8.389400001760805,46.382600001379615,33,33,33,33,10.011799997300841,15.14120000138064,33.47580000263406,71.46900000225287
table/table_0424,33,3732,11818,9.217599999828963,6.463899997470435,0.7953000022098422,6.759899999451591,7.6819999994768295,44.96990000188816,7.106499997462379,108.54459999973187,33,33,33,33,16.47679999950924,22.441399996750988,59.75839999882737,161.19650000109687
table/table_0426,33,2584,9322,6.587700001546182,4.188599999906728,0.8312999998452142,5.510099999810336,6.540700000186916,26.973899999575224,5.575499999395106,60.831900002085604,33,33,33,33,11.607600001298124,16.286400001263246,39.090099999157246,94.34650000184774
table/table_0427,33,4635,12259,11.149699999805307,5.972200000542216,0.8267000011983328,5.5252999991353136,7.628899998962879,47.94640000181971,5.4506000014953315,129.88989999939804,12,12,12,12,17.948600001545856,22.647199999482837,61.02590000227792,185.46520000018063
table/table_0429,33,2794,8683,9.127400000579655,4.627399997843895,0.9181000023090746,7.291699999768753,5.718100001104176,31.802599998627556,9.514800000033574,72.90650000140886,12,12,12,12,14.672900000732625,21.046499998192303,47.03549999976531,110.42720000114059
table/table_0434,33,1772,7669,4.86300000193296,2.0363000003271736,1.0634999998728745,6.192799999553245,3.8335999997798353,24.021299999731127,5.111900001793401,54.68180000025313,33,33,33,33,7.962800002133008,13.092100001813378,32.966800001304364,82.5366999997641
table/table_0439,33,3893,9402,8.648300001368625,5.438799998955801,0.824400001874892,5.544799998460803,7.146100000682054,42.76269999900251,9.712299997772789,105.59760000251117,3,12,12,12,14.911500002199318,19.63189999878523,59.62109999745735,155.50640000219573
table/table_0460,33,3648,11225,8.447300002444535,5.8430999997654,0.8201999989978503,6.134200000815326,7.962899999256479,37.522700000408804,5.344200002582511,104.91369999726885,25,33,33,33,15.110600001207786,20.42460000302526,50.829800002247794,150.39929999693413
table/table_0462,33,4460,16647,9.699000002001412,5.890000000363216,0.8065000001806766,5.722999998397427,8.234200002334546,49.109299998235656,5.299700002069585,129.48820000019623,12,12,33,33,16.395500002545305,21.312000000762055,62.64320000263979,186.83170000076643
tent/tent_0167,34,3606,16418,8.44159999905969,4.922600001009414,0.8041000000957865,5.6137999999918975,7.436399999278365,41.65669999929378,8.882400001311908,109.22130000108154,26,26,34,34,14.16830000016489,18.978000000061,57.97549999988405,158.3143999996537
tent/tent_0169,34,6735,10524,13.168800000130432,12.637499999982538,0.8507999991707038,6.167499999719439,14.34769999832497,80.31950000076904,9.401899998920271,192.1293000013975,27,36,34,34,26.657099999283673,31.97379999983241,104.06909999801428,286.7965000004915
tent/tent_0170,34,1324,8036,4.039800001919502,1.8382999987807125,0.8339000014530029,6.023800000548363,4.231199996866053,21.979800003464334,7.9358000002685,45.07819999707863,0,0,18,18,6.712000002153218,11.901900001248578,34.14680000059889,71.28919999740901
tent/tent_0171,34,2997,11979,6.9928000011714175,4.278299998986768,0.8176000010280404,6.211499996425118,5.531900002097245,33.220900000742404,5.52859999879729,80.27539999966393,36,7,36,36,12.088700001186226,17.482599996583303,44.28140000163694,119.02820000250358
tent/tent_0174,34,3893,13572,8.268099998531397,5.028799998399336,0.8042000008572359,6.119900001067435,6.657400001131464,42.87079999994603,9.091700001590652,115.7348999986425,34,34,34,34,14.10109999778797,19.41679999799817,58.619900002668146,165.26309999972
tent/tent_0175,34,2752,12004,6.9100000000617,3.62200000017765,0.9417000001121778,7.970099999511149,6.303500002104556,33.2127000001492,5.115299998578848,80.99890000084997,25,25,7,7,11.473700000351528,18.5020999997505,44.6315000008326,120.51510000310373
tent/tent_0176,34,4138,24031,8.693300002050819,5.999299999530194,0.8172000016202219,5.647399997542379,7.082700001774356,43.71959999843966,5.529699999897275,124.25989999974263,34,34,34,34,15.509800003201235,20.339999999123393,56.33200000011129,175.06219999995665
tent/tent_0178,34,3312,21049,7.743899997876724,5.836700001964346,0.8415999982389621,8.110900002066046,8.010099998500664,45.53890000170213,6.803799999033799,99.50880000178586,34,2,34,34,14.422199998080032,21.691500001907116,60.352799999236595,153.05780000198865
tent/tent_0182,34,2332,16389,5.6321000010939315,3.2978999988699798,0.7927000006020535,5.621399999654386,5.112400001962669,28.61069999926258,5.1367999985814095,65.79320000309963,34,2,34,34,9.722700000565965,14.551399999618297,38.85989999980666,99.51630000432488
tent/tent_0183,34,6399,16106,12.974599998415215,8.465099999739323,0.813000002381159,5.666699998982949,54.845800001203315,66.08779999805847,6.730600001901621,191.37079999927664,10,37,22,22,22.252700000535697,27.106399997137487,127.66420000116341,312.30439999853843
toilet/toilet_0354,35,2388,9383,6.162000001495471,2.9667999988305382,0.8041000000957865,6.775599998945836,6.68000000223401,27.164299997821217,6.4191000019491185,73.16679999712505,35,8,8,8,9.932900000421796,15.904399999271845,40.263400002004346,107.01109999718028
toilet/toilet_0357,35,1849,13351,5.327200000465382,2.946399999927962,0.8025999995879829,5.527000001166016,4.32869999713148,22.071200000937097,4.982499998732237,53.474000000278465,8,8,35,35,9.076199999981327,13.80060000155936,31.382399996800814,79.87389999834704
toilet/toilet_0391,35,6196,38962,14.320099999167724,9.5372000032512,0.8411999988311436,5.734899998060428,10.811600001034094,62.2246000020823,24.234100001194747,195.8956999988004,35,35,35,35,24.698500001250068,29.59220000047935,97.27030000431114,268.9319000019168
toilet/toilet_0404,35,5279,42367,12.815699999919161,8.462600002530962,0.8319999978994019,5.93710000248393,13.506299997970928,51.6118000014103,5.872499998076819,151.48709999994026,35,35,35,35,22.110300000349525,27.215400004934054,70.99059999745805,216.60519999932148
toilet/toilet_0407,35,5461,33044,17.72010000058799,9.633499998017214,0.8113000003504567,5.794400000013411,10.53429999956279,52.791400001297006,11.534399996889988,147.3461000023235,35,35,35,35,28.16489999895566,33.147999998618616,74.86009999774978,210.6718000031833
toilet/toilet_0408,35,3613,21310,11.176699998031836,5.9225000004516914,0.8330000018759165,6.394299998646602,7.949499999085674,40.31250000116415,5.189100000279723,108.68940000000293,8,8,35,35,17.932200000359444,23.49349999713013,53.45110000052955,156.95140000025276
toilet/toilet_0425,35,4425,31144,11.220700002013473,6.674399999610614,0.789099998655729,5.684300002030795,9.606600000552135,44.86419999739155,5.434700000478188,124.34380000195233,35,35,35,35,18.684200000279816,23.579400003654882,59.905499998421874,178.81459999989602
toilet/toilet_0431,35,6644,44785,17.8340999991633,18.428300001687603,0.8238000009441748,6.756499999028165,28.715899999951944,71.33350000003702,7.025799997791182,175.0043000029109,35,35,35,35,37.08620000179508,43.01889999987907,107.07519999778015,275.05370000289986
toilet/toilet_0436,35,3634,31965,36.01570000319043,5.85750000027474,0.7847999986552168,5.772600001364481,8.065899997745873,37.74680000060471,5.317600000125822,97.33919999780483,35,35,35,35,42.65800000212039,47.64580000482965,51.1302999984764,143.1518999961554
toilet/toilet_0444,35,5209,38981,11.460599998827092,7.833600000594743,0.8081000014499296,5.6856000010157,10.088199996971525,53.48450000019511,6.871699999464909,147.1047000013641,35,35,35,35,20.102300000871764,24.979800000437535,70.44439999663155,210.67739999853075
tv_stand/tv_stand_0283,36,2192,9125,7.323300000280142,4.302199999074219,0.9047000021382701,6.028899999364512,6.270400001085363,24.73459999964689,6.619299998419592,55.36510000092676,36,36,3,3,12.53020000149263,17.654399998718873,37.624299999151845,86.37010000165901
tv_stand/tv_stand_0305,36,4684,14039,10.63599999906728,6.642100001045037,0.7974999971338548,5.802900002890965,8.23099999979604,55.8844000006502,6.812100000388455,160.00789999816334,8,36,36,36,18.075599997246172,23.081000003003282,70.9275000008347,224.12329999860958
tv_stand/tv_stand_0310,36,5076,13078,16.199800000322284,8.749699998588767,0.9057000024768058,7.642900000064401,9.042399997269968,49.198900000192225,5.473899997014087,147.17260000179522,36,36,12,12,25.855200001387857,32.59239999897545,63.71519999447628,205.4138999992574
tv_stand/tv_stand_0323,36,6343,13978,15.215799998259172,12.02009999906295,1.05230000190204,6.069099999876926,13.116599999193568,60.44730000212439,7.033600002614548,176.37330000070506,21,25,36,36,28.28819999922416,33.30499999719905,80.59750000393251,249.93720000202302
tv_stand/tv_stand_0341,36,3795,20232,10.099699997226708,6.102500003180467,0.7901999997557141,5.58189999719616,8.626200000435347,44.23840000163182,6.819099999120226,120.74229999780073,30,30,33,33,16.99240000016289,21.784099997603334,59.68370000118739,173.6068999998679
tv_stand/tv_stand_0343,36,3312,8147,7.069499999488471,4.2245000004186295,0.7905000020400621,6.30269999965094,6.295799998042639,32.37069999886444,6.426399999327259,91.89519999927143,36,7,36,36,12.084500001947163,17.59669999955804,45.09289999623434,130.5616999961785
tv_stand/tv_stand_0345,36,3704,10936,12.514199999714037,6.070800001907628,1.0404999993625097,5.90359999841894,7.495599998947,39.343800002825446,6.463099998654798,129.30169999890495,36,36,36,36,19.625500000984175,24.488600000040606,53.302500000427244,176.1411000006774
tv_stand/tv_stand_0360,36,4173,17395,9.955199999239994,6.386100001691375,0.8042000008572359,5.6240999983856454,8.151800000632647,44.09310000119149,6.857999997009756,117.55700000139768,36,36,36,36,17.145500001788605,21.965399999317015,59.10289999883389,169.80190000322182
tv_stand/tv_stand_0362,36,10095,21996,28.212900000653462,26.175499999226304,1.2227000006532762,8.000800000445452,20.341499999631196,91.66230000118958,45.255400000314694,266.78159999937634,23,23,23,23,55.61110000053304,62.38920000032522,157.25920000113547,378.7854000001971
tv_stand/tv_stand_0364,36,3760,9201,8.363400000234833,5.539199999475386,0.811400001111906,5.594999998720596,8.930899999540998,41.088900001341244,6.8852000003971625,109.97309999947902,27,27,36,36,14.714000000822125,19.497599998430815,56.905000001279404,159.99290000036126
vase/vase_0476,37,11012,54613,20.245799998519942,16.31439999982831,0.8044000023801345,5.662299998220988,17.017900001519592,124.13899999955902,10.646599999745376,312.7408000000287,37,37,37,37,37.36460000072839,42.22249999656924,151.803500000824,453.8977000011073
vase/vase_0487,37,1772,16084,4.985400002624374,2.712099998461781,0.8230999992520083,5.815399999846704,5.699299999832874,21.608900002320297,6.417099997634068,50.52360000263434,5,5,37,37,8.520600000338163,13.51290000093286,33.72529999978724,77.83180000478751
vase/vase_0491,37,2661,22140,6.758799998351606,3.7788000008731615,0.8285000003525056,5.763400000432739,5.335499998182058,28.8180999996257,6.415999996534083,72.29800000277464,37,37,37,37,11.366099999577273,16.300999999657506,40.56959999434184,106.4516000005824
vase/vase_0521,37,5356,40032,13.087400002405047,9.00030000047991,0.8066999980655964,5.633000000671018,10.09400000111782,50.500299999839626,5.79210000068997,139.56279999911203,37,37,37,37,22.894400000950554,27.720700003555976,66.38640000164742,200.15710000006948
vase/vase_0527,37,5447,30375,11.2771000021894,7.48599999860744,0.8038000014494173,5.845100000442471,9.497299997747177,50.88700000123936,5.60580000092159,157.91660000104457,4,4,37,37,19.566900002246257,24.60820000123931,65.99009999990813,218.3009000000311
vase/vase_0528,37,6210,40024,17.091999998228857,16.116900002089096,1.223399998707464,6.935000001249136,11.387299997295486,60.26470000142581,6.031099997926503,167.0099000002665,37,33,37,37,34.43229999902542,40.14390000156709,77.6830999966478,238.6618999989878
vase/vase_0530,37,1947,19143,6.1581000009027775,4.161100001510931,0.7992999999260064,5.624399997032015,5.895800000871532,21.81840000048396,7.469299998774659,46.029000000999076,37,37,4,4,11.118500002339715,15.943599999445723,35.18350000013015,73.74320000235457
vase/vase_0542,37,5321,43705,12.32009999876027,9.103799999138573,0.7944999997562263,6.0028000007150695,50.56709999917075,46.863999999914085,5.428500000562053,134.24339999983204,37,37,37,37,22.21839999765507,27.426699998613913,102.85959999964689,231.67449999891687
vase/vase_0548,37,9332,25234,18.8549000013154,16.457800000353018,0.9018999990075827,6.030399999872316,16.683599998941645,81.1072000033164,7.57040000098641,243.89959999825805,37,37,10,10,36.214600000676,41.34310000154073,105.36120000324445,341.6904000005161
vase/vase_0572,37,2899,18425,6.797099998948397,3.746300000784686,0.8471000001009088,5.767300001025433,8.472799996525282,44.16480000145384,5.270300000120187,81.18269999977201,5,37,37,37,11.390499999833992,16.310700000758516,57.90789999809931,133.82029999775114
wardrobe/wardrobe_0089,38,4782,11201,10.630400000081863,6.17719999718247,0.809300003311364,6.6246999995200895,9.366799997224007,44.746700001269346,5.357800000638235,131.8113999986963,38,38,38,38,17.616900000575697,23.432299996784423,59.47129999913159,185.92489999718964
wardrobe/wardrobe_0096,38,2864,6645,6.610200001887279,3.5749999988183845,0.8540999988326803,5.973999999696389,12.46970000283909,29.501299999537878,5.057800000940915,78.19609999933164,38,38,38,38,11.039299999538343,16.159200000402052,47.02880000331788,120.1671000017086
wardrobe/wardrobe_0097,38,2094,8081,5.902300003072014,3.584399997635046,0.8066000009421259,5.507300000317628,4.749600000650389,21.930700000666548,5.03739999840036,57.618499999080086,38,4,4,4,10.293300001649186,14.994000001024688,31.717699999717297,84.29880000039702
wardrobe/wardrobe_0098,38,4152,7435,10.554899999988265,5.323199999111239,0.7948999991640449,5.619600000500213,7.097100002283696,42.68169999704696,5.470800002512988,120.72759999864502,22,22,38,38,16.67299999826355,21.497699999599718,55.249600001843646,170.50639999797568
wardrobe/wardrobe_0099,38,2822,6618,7.708699999056989,4.550599998765392,0.815400002466049,6.180000000313157,7.335099999181693,27.655699999741046,5.148300002474571,78.59669999743346,14,14,14,14,13.07470000028843,18.43929999813554,40.13910000139731,113.5874999963562
wardrobe/wardrobe_0101,38,2010,7210,5.981000002066139,2.6318999989598524,0.8296999985759612,5.558400000154506,5.071800002042437,21.50189999883878,5.3442999997059815,58.00769999768818,5,5,5,5,9.442599999601953,14.171300001180498,31.9180000005872,84.5813999985694
wardrobe/wardrobe_0102,38,1100,6079,3.4913000017695595,1.6313999985868577,0.7937000009405892,5.624900000839261,3.545699997630436,16.415699999924982,5.236700002569705,39.949399997567525,4,38,38,38,5.916400001297006,10.747600001195678,25.198100000125123,59.91079999512294
wardrobe/wardrobe_0103,38,5132,7279,16.332999999576714,6.748799998604227,0.8104000007733703,5.825600001116982,9.187499999825377,53.447199999936856,5.502300002262928,147.11309999984223,38,38,38,38,23.89219999895431,28.907399999297922,68.13700000202516,209.74779999960447
wardrobe/wardrobe_0106,38,3949,8521,11.812700002337806,5.561799996939953,0.7900000018707942,5.721500001527602,34.25419999985024,40.53059999932884,5.26729999910458,115.59760000091046,38,38,38,38,18.164500001148554,23.09600000080536,80.05209999828367,190.38240000008955
wardrobe/wardrobe_0107,38,3487,9334,8.398499998293119,5.611600001429906,0.7922999975562561,5.959500002063578,7.333900000958238,31.730899998365203,5.522999999811873,85.7763000021805,38,37,38,38,14.80239999727928,19.969600001786603,44.587799999135314,124.84110000150395
xbox/xbox_0106,39,3921,15601,8.731500001886161,5.8891999979096,0.7976000015332829,5.646399997203844,7.592800000566058,37.75160000077449,5.514399999810848,110.78129999805242,22,22,22,22,15.418300001329044,20.267099996999605,50.858800001151394,156.12569999939296
xbox/xbox_0107,39,4775,29648,11.93050000074436,8.434700001089368,0.8095999983197544,5.584800001088297,9.83999999880325,45.42980000042007,5.919499999436084,130.01770000118995,39,4,39,39,21.174800000153482,25.950000002922025,61.18929999865941,185.28750000041327
xbox/xbox_0109,39,3221,17811,12.887400000181515,8.71270000061486,1.8156999976781663,9.521100000711158,8.081200001470279,41.05100000015227,5.325099999026861,86.82720000069821,38,37,8,8,23.41579999847454,31.121200001507532,54.45730000064941,135.95940000232076
xbox/xbox_0111,39,1716,6378,4.646299999876646,2.320499999768799,0.7922000004327856,5.847399999765912,4.074099997524172,18.99760000014794,5.075300003227312,45.65879999790923,39,22,39,39,7.759000000078231,12.814199999411358,28.147000000899425,68.73049999558134
xbox/xbox_0112,39,3592,18812,8.005200001207413,5.239300000539515,0.8405999979004264,6.323900001007132,6.690500002150657,36.25299999839626,12.68290000007255,104.03750000114087,39,39,39,39,14.085099999647355,19.56840000275406,55.62640000061947,146.9810000016878
xbox/xbox_0115,39,2598,17903,7.523400003265124,5.147099996975157,0.7973000028869137,5.638399998133536,6.751600001734914,25.190799999109004,7.800700001098448,64.27350000012666,13,4,4,4,13.467800003127195,18.308899998373818,39.743100001942366,96.21590000097058
xbox/xbox_0119,39,5328,25173,15.057699998578755,11.351600001944462,1.1461999965831637,6.1218000009830575,11.778799998864997,48.06030000327155,15.847200000280282,135.71519999823067,39,22,39,39,27.55549999710638,32.531100001506275,75.68630000241683,195.55430000036722
xbox/xbox_0120,39,2332,8472,5.488999999215594,3.276999999798136,0.8379999999306165,6.308700001682155,5.946400000539143,27.13009999934002,8.02780000230996,73.23249999899417,31,22,22,22,9.603999998944346,15.074700000695884,41.10430000218912,106.30899999887333
xbox/xbox_0121,39,1492,6809,4.828900000575231,2.087000000756234,0.8204999976442195,6.171400000312133,4.23909999881289,17.75160000033793,5.558900000323774,43.26559999753954,17,22,12,12,7.736399998975685,13.087300001643598,27.549599999474594,65.25629999669036
xbox/xbox_0123,39,232,3652,2.057100002275547,0.6843000010121614,0.7991999991645571,5.683999999746447,1.6084999988379423,6.929600000148639,5.052799999248236,15.188500001386274,5,0,0,0,3.5406000024522655,8.425400003034156,13.590899998234818,23.726600000372855
