id,real,n_hojas,bytes_npz,hce_carga_ms,hce_descriptores_ms,svm_clasificador_ms,rf_clasificador_ms,net5_carga_ms,net5_preparacion_ms,net5_forward_gpu_ms,net5_forward_cpu_ms,pred_svm,pred_rf,pred_net5_gpu,pred_net5_cpu,svm_total_ms,rf_total_ms,net5_gpu_total_ms,net5_cpu_total_ms
airplane/airplane_0635,0,6168,37213,12.227699997310992,9.048100000654813,0.8316999992530327,5.80919999993057,9.897200001432793,119.76219999996829,25.32930000234046,222.67939999801456,0,0,0,0,22.107499997218838,27.084999997896375,154.98870000374154,352.33879999941564
airplane/airplane_0636,0,5524,34040,52.884099997754674,6.951400002435548,0.8535999986634124,5.607499999314314,8.713600000191946,108.27209999843035,21.372900002461392,176.47649999707937,0,0,0,0,60.689099998853635,65.44299999950454,138.3586000010837,293.46219999570167
airplane/airplane_0646,0,6469,41270,11.541300002136268,8.520600000338163,0.8242999974754639,5.572800000663847,10.200100001384271,115.754399997968,12.776800002029631,183.97989999721176,0,0,0,0,20.886199999949895,25.634700003138278,138.7313000013819,309.934399996564
airplane/airplane_0668,0,5839,36077,10.203300000284798,7.187400002294453,0.8087999995041173,5.70750000042608,9.001499998703366,105.99460000230465,6.899799998791423,162.3269000010623,0,0,0,0,18.19950000208337,23.09820000300533,121.89589999979944,277.32300000207033
airplane/airplane_0687,0,6063,34363,15.807100000529317,7.895800001278985,0.8186000013665762,5.6640999973751605,8.91820000106236,107.03970000031404,7.179100000939798,180.34299999999348,0,0,0,0,24.52150000317488,29.366999999183463,123.1370000023162,296.3009000013699
airplane/airplane_0695,0,5167,34862,11.488300002383767,6.954699998459546,0.8082000022113789,5.794199998490512,8.859800000209361,99.87829999954556,6.687299999612151,141.97820000117645,0,0,0,0,19.25120000305469,24.237199999333825,115.42539999936707,250.71630000093137
airplane/airplane_0698,0,4656,26506,9.837000001425622,6.727700001647463,0.7892999965406489,5.507800000486895,9.847600002103718,95.42259999943781,6.3209999971149955,128.02340000052936,0,0,0,0,17.353999999613734,22.07250000355998,111.59119999865652,233.2936000020709
airplane/airplane_0709,0,6938,47216,14.92589999907068,11.383100001694402,0.8027999974729028,6.742100002156803,12.467000000469852,123.43089999922086,7.341000000451459,178.1388000017614,0,0,0,0,27.111799998237984,33.051100002921885,143.23890000014217,314.0367000014521
airplane/airplane_0721,0,5902,35637,38.79930000039167,7.544399999460438,0.8176000010280404,5.608999999822117,9.747599997353973,122.83540000134963,10.656300000846386,161.74469999896246,0,0,0,0,47.161300000880146,51.95269999967422,143.23929999954998,294.32769999766606
airplane/airplane_0723,0,8429,51638,15.945200000714976,12.241700002050493,0.8215999987442046,5.506599998625461,13.34119999955874,138.13630000004196,9.875199997622985,219.25299999929848,0,0,0,0,29.008500001509674,33.69350000139093,161.35269999722368,370.7304999988992
bathtub/bathtub_0115,1,20770,32384,34.97260000222013,30.509199998050462,0.8191000015358441,5.804199998237891,27.837100002216175,260.660399999324,15.898199999355711,562.3516000014206,1,1,1,1,66.30090000180644,71.28599999850849,304.3957000008959,850.8491000029608
bathtub/bathtub_0122,1,15436,71985,26.49309999833349,24.490499999956228,0.8001000023796223,5.632199998217402,25.441300000238698,202.80890000140062,64.92769999749726,409.32100000281935,33,33,1,1,51.78370000066934,56.61579999650712,293.17789999913657,637.5712000044587
bathtub/bathtub_0125,1,11509,24182,22.688199998810887,18.875800000387244,0.798700002633268,5.566699997871183,19.53280000088853,147.04250000067987,8.067200000368757,272.63419999871985,1,1,1,1,42.3627000018314,47.130699997069314,174.64250000193715,439.20950000028824
bathtub/bathtub_0126,1,10473,24471,19.488199999614153,16.770700000051875,0.816399999166606,5.756200000178069,16.804000002593966,155.61170000000857,12.3079000004509,278.70740000071237,2,2,1,1,37.075299998832634,42.0150999998441,184.72360000305343,451.1231000033149
bathtub/bathtub_0128,1,5048,11885,9.836699999141274,6.310700002359226,0.790399997640634,6.367300000420073,8.629200001450954,92.28119999897899,10.0626999992528,134.86420000117505,1,1,1,1,16.937799999141134,22.514700001920573,110.97309999968274,235.774600001605
bathtub/bathtub_0134,1,16955,20162,28.313599999819417,26.797099999384955,0.8188000028894749,5.696499996702187,23.28530000158935,218.16540000145324,14.396100003068568,405.1505999996152,29,2,29,29,55.929500002093846,60.80719999590656,255.84680000611115,646.6013000026578
bathtub/bathtub_0137,1,25894,25685,73.69900000048801,41.39740000027814,0.8230999992520083,5.583300000580493,34.014500000921544,291.00779999862425,17.396799998095958,595.7354000020132,2,33,1,1,115.91950000001816,120.67970000134665,342.41909999764175,920.757700001559
bathtub/bathtub_0142,1,15086,50598,28.705400000035297,26.987799999915296,0.8406000015384052,5.8054000000993256,30.679699997563148,198.89920000059647,11.411399998905836,347.1288000000641,1,1,1,1,56.533800001489,61.49860000004992,240.99029999706545,576.7076999982237
bathtub/bathtub_0147,1,12076,23909,51.63910000192118,18.740299998171395,0.8229000013670884,6.110899998020614,20.675900002970593,163.9402999971935,9.928100000252016,305.68570000104955,1,1,1,1,71.20230000145966,76.49029999811319,194.54430000041611,490.30190000121365
bathtub/bathtub_0148,1,12776,55240,23.17149999726098,20.33540000047651,0.8025999995879829,6.055400001059752,20.337099998869235,179.88160000095377,11.679600000206847,336.6256999979669,7,1,1,1,44.309499997325474,49.56229999879724,211.89830000002985,536.8443999977899
bed/bed_0522,2,23731,25075,38.87160000158474,34.72150000015972,0.8161000005202368,5.592399997112807,32.53660000336822,290.18579999683425,16.4863999998488,512.1631999973033,2,2,2,2,74.4092000022647,79.18549999885727,339.20880000005127,834.8855999975058
bed/bed_0531,2,20301,67154,38.65070000028936,34.5725000006496,0.8248999984061811,5.668500001775101,31.94919999805279,240.63530000057654,15.132699998503085,472.2259000009217,2,2,2,2,74.04809999934514,78.89170000271406,287.7171999971324,744.810399999551
bed/bed_0541,2,12797,23960,23.978999997780193,21.383800001785858,0.8091999989119358,5.817799999931594,21.735599999374244,173.4230000001844,52.31619999904069,307.60519999967073,2,2,2,2,46.171999998477986,51.180599999497645,247.47479999859934,502.7637999992294
bed/bed_0550,2,15912,21042,28.690700000879588,32.29920000012498,1.1010999987774994,8.460500001092441,27.609299999312498,206.0455999999249,9.840300001087599,366.55120000068564,2,2,2,2,62.09099999978207,69.45040000209701,243.49520000032499,600.206099999923
bed/bed_0560,2,11460,46837,58.42720000146073,17.94819999850006,0.8243999982369132,5.688900000677677,19.095800002105534,153.8323999993736,8.391399998799898,282.42560000217054,1,2,2,2,77.1997999981977,82.06430000063847,181.31960000027902,455.35380000364967
bed/bed_0574,2,27455,58419,48.43550000077812,48.56780000045546,0.8419000005233102,5.824599997140467,46.213400000851834,361.7658000002848,16.23920000201906,625.8793999986665,2,2,2,2,97.8452000017569,102.82789999837405,424.2184000031557,1033.8585999998031
bed/bed_0582,2,23031,32373,37.08100000221748,33.402499997464474,0.8006000025488902,5.582699999649776,33.46909999891068,269.4087000018044,15.233600002829917,512.7730999993219,2,2,2,2,71.28410000223084,76.06619999933173,318.111400003545,815.6509000000369
bed/bed_0587,2,14190,24976,28.041300000040792,21.24819999880856,0.8807000012893695,5.9208999991824385,23.450799999409355,190.24350000108825,11.781499997596256,333.5881999992125,2,2,2,2,50.17020000013872,55.21039999803179,225.47579999809386,547.2824999997101
bed/bed_0605,2,15065,11304,26.450800000020536,23.012999998172745,0.8120000020426232,5.495899997185916,22.663800002192147,200.29599999907077,11.638199997832999,384.89320000007865,29,2,2,2,50.275800000235904,54.9596999953792,234.59799999909592,607.8530000013416
bed/bed_0611,2,23801,24706,37.20130000147037,35.26380000039353,0.8108999973046593,5.589700002019526,31.829399998969166,254.17119999838178,14.804299997194903,502.9238000024634,7,2,2,2,73.27599999916856,78.05480000388343,300.80489999454585,788.9243999998143
bench/bench_0175,3,11593,15535,22.83059999899706,19.86849999957485,0.8336999999301042,5.666299999575131,20.64329999848269,147.1454000020458,39.99850000036531,247.56089999937103,3,3,3,3,43.532799998502014,48.36539999814704,207.7872000008938,415.3495999998995
bench/bench_0179,3,10739,30819,19.479800001136027,16.46269999764627,0.8104000007733703,5.701599999156315,16.9969000016863,146.63859999927809,8.720499998162268,247.0845999996527,3,3,3,3,36.752899999555666,41.64409999793861,172.35599999912665,410.7201000006171
bench/bench_0180,3,19405,24403,94.98339999845484,33.203300001332536,0.9504999979981221,5.889100000786129,34.02920000007725,231.42400000142516,13.828699997247895,463.27949999977136,3,36,3,3,129.1371999977855,134.0758000005735,279.2818999987503,728.7327000012738
bench/bench_0181,3,11215,29617,20.736799997393973,15.760900001623668,0.800000001618173,5.571999998210231,21.377299999585375,191.72330000219517,10.458900000230642,295.3611999982968,3,3,3,3,37.297700000635814,42.06969999722787,223.5595000020112,508.46180000007735
bench/bench_0182,3,16738,34445,60.99739999990561,37.05100000297534,1.2306999997235835,10.346899998694425,31.624499999452382,201.08489999984158,11.60159999926691,356.1788000006345,3,3,3,3,99.27910000260454,108.39530000157538,244.31099999856087,588.8881999999285
bench/bench_0185,3,6490,21409,11.301700000331039,8.633299999928568,0.8013000006030779,6.03439999758848,12.945200000103796,128.50280000202474,7.236999997985549,186.66090000260738,3,3,3,3,20.736300000862684,25.969399997848086,148.6850000001141,328.1089000047359
bench/bench_0186,3,7813,14354,14.791799996601185,11.319600002025254,0.796799999079667,5.810900001961272,12.657499999477295,123.9858999979333,7.525800003350014,204.0869999982533,3,3,3,3,26.908199997706106,31.92230000058771,144.1692000007606,340.7303999956639
bench/bench_0187,3,6112,12251,14.44909999918309,10.515600002690917,0.8032999976421706,6.384500000422122,11.802500001067529,104.94230000040261,6.833100000221748,165.23589999997057,3,3,3,3,25.767999999516178,31.34920000229613,123.57790000169189,281.9807000014407
bench/bench_0190,3,8464,30089,16.114400001242757,13.364599999476923,0.7922999975562561,6.830400001490489,15.790199999173637,136.37020000169287,7.895700000517536,210.15999999872292,3,3,3,3,30.271299998275936,36.30940000221017,160.05610000138404,362.3203999995894
bench/bench_0192,3,16696,25175,28.451800000766525,29.02639999956591,0.8911000004445668,5.610500000329921,23.71130000028643,209.06319999994594,70.90969999990193,397.3949999999604,20,36,20,20,58.369300000777,63.08870000066236,303.6842000001343,630.1695000001928
bookshelf/bookshelf_0588,4,21512,15431,34.90980000060517,31.31270000085351,0.8063999994192272,5.826499997056089,29.090200001519406,240.93139999968116,12.037299999064999,525.1059000001987,4,4,4,4,67.02890000087791,72.04899999851477,282.05890000026557,795.1275000013993
bookshelf/bookshelf_0593,4,13483,14193,23.4082999995735,22.31000000028871,0.7971999984874856,5.530000002181623,20.956799999112263,186.0010999989754,10.767399999167537,327.1978000011586,4,4,4,4,46.515499998349696,51.248300002043834,217.7252999972552,534.1556999992463
bookshelf/bookshelf_0603,4,13819,17861,65.77509999988251,29.31660000103875,0.8201000018743798,5.577299998549279,24.740000000747386,167.77989999900456,12.212000001454726,332.7212999975018,4,4,4,4,95.91180000279564,100.66899999947054,204.73190000120667,525.2411999972537
bookshelf/bookshelf_0614,4,11838,15390,30.49999999711872,16.16439999997965,1.2120999999751803,7.970500002556946,23.1787999982771,178.91579999923124,9.633699999540113,320.44029999815393,4,4,4,4,47.87649999707355,54.63489999965532,211.72829999704845,522.5348999956623
bookshelf/bookshelf_0625,4,14540,16911,31.50910000113072,27.883400001883274,0.8265999967989046,5.660500002704794,55.92569999862462,161.66700000030687,11.46100000187289,328.1481000012718,4,4,4,4,60.2190999998129,65.05300000571879,229.05370000080438,545.7408000002033
bookshelf/bookshelf_0635,4,13259,17845,25.428000000829343,26.699999998527346,0.8145000028889626,5.613599998468999,23.349300001427764,160.97629999785568,10.270299997500842,307.9180000022461,4,4,4,4,52.94250000224565,57.74159999782569,194.59589999678428,492.24360000152956
bookshelf/bookshelf_0643,4,12272,16865,27.551999999559484,29.94079999916721,0.797100001364015,5.588600000919541,25.754199999937555,161.39019999900484,10.535600002185674,334.3748000006599,4,4,4,4,58.28990000009071,63.08139999964624,197.68000000112806,521.5191999996023
bookshelf/bookshelf_0654,4,27049,24091,47.006800003146054,45.9601999973529,0.8455000024696346,5.570499997702427,51.49800000071991,392.6561000007496,17.878799997561146,619.204800001171,4,4,4,4,93.81250000296859,98.53749999820138,462.03289999903063,1063.3589000026404
bookshelf/bookshelf_0662,4,17480,18852,31.024000003526453,34.52359999937471,0.8106999994197395,6.005700000969227,31.584799999109237,197.31210000099964,71.85089999984484,401.0611000012432,4,4,4,4,66.3583000023209,71.55330000387039,300.7477999999537,629.958000001352
bookshelf/bookshelf_0671,4,15562,20317,45.63670000061393,36.72310000183643,0.8283999995910563,5.771399999503046,29.82239999982994,266.402699999162,9.98270000127377,397.65690000058385,4,4,4,4,83.18820000204141,88.1312000019534,306.2078000002657,693.8819999995758
bottle/bottle_0336,5,12923,53390,32.34669999801554,23.860100001911633,0.8149999994202517,5.600899999990361,22.945099997741636,163.34730000016862,10.659899999154732,305.90099999972153,5,5,5,5,57.02179999934742,61.80769999991753,196.95229999706498,492.1933999976318
bottle/bottle_0349,5,5615,22743,15.807200001290767,7.534899999882327,0.8108999973046593,5.770600000687409,9.49179999952321,88.64710000125342,6.506700003228616,148.58669999739504,5,5,5,5,24.152999998477753,29.112700001860503,104.64560000400525,246.72559999817167
bottle/bottle_0355,5,9955,31043,19.64149999912479,15.85940000222763,0.808699998742668,5.602799999905983,17.738700000336394,133.0802999982552,7.874200000514975,236.999000000651,5,35,5,5,36.30960000009509,41.1037000012584,158.69319999910658,387.8179999992426
bottle/bottle_0358,5,16668,29040,82.07380000021658,25.564700001268648,0.8229999984905589,5.82360000043991,23.86599999954342,196.84780000170576,11.17549999980838,398.1511000019964,37,37,5,5,108.46149999997579,113.46210000192514,231.88930000105756,618.8649000032456
bottle/bottle_0362,5,5020,25172,11.81910000013886,7.722499998635612,0.8162000012816861,5.8466999980737455,10.999500002071727,82.23999999972875,6.3718999990669545,137.21060000170837,5,5,5,5,20.35780000005616,25.388299996848218,99.61140000086743,230.45010000350885
bottle/bottle_0395,5,7414,56227,16.327000001183478,14.18059999923571,0.8182999990822282,5.785100001958199,13.834099998348393,121.31480000243755,7.731000001513166,188.58539999928325,5,5,5,5,31.325899999501416,36.29270000237739,142.8799000022991,323.7343000000692
bottle/bottle_0399,5,4957,21643,9.419499998330139,6.949200000235578,0.8192999994207639,5.604500001936685,10.003600000345614,82.4718000003486,6.2833999982103705,135.94219999868074,5,5,5,5,17.18799999798648,21.973200000502402,98.75879999890458,228.41759999937494
bottle/bottle_0414,5,8926,21443,16.414699999586446,14.178699999320088,0.8085000008577481,5.7071000010182615,14.143199998216005,126.57949999993434,8.32549999904586,234.88070000166772,38,37,24,24,31.401899999764282,36.300499999924796,149.0481999971962,375.60339999981807
bottle/bottle_0415,5,4502,24395,8.955699999205535,6.793100001232233,0.80080000043381,5.65679999999702,9.146599997620797,80.49470000332803,7.9906999999366235,136.53789999807486,5,5,5,5,16.54960000087158,21.405600000434788,97.63200000088545,226.1791999990237
bottle/bottle_0435,5,12328,73866,21.605599999020342,20.43939999930444,0.8052999983192421,5.8539000019663945,17.968100000871345,157.77750000052038,10.276299999532057,305.70910000096774,5,5,5,5,42.850299996644026,47.89890000029118,186.02190000092378,481.45470000235946
bowl/bowl_0065,6,25376,66711,37.101499998243526,34.63259999989532,0.8066000009421259,5.571599998802412,32.918100001552375,326.03499999822816,19.18680000017048,569.9478000024101,6,6,6,6,72.54069999908097,77.30569999694126,378.139899999951,928.9009000021906
bowl/bowl_0066,6,17725,55513,27.566600001591723,22.195199999259785,0.802099999418715,5.631899999571033,24.34920000087004,246.00229999850853,16.446400000859285,453.36609999867505,6,6,6,6,50.56390000027022,55.39370000042254,286.79790000023786,723.7175999980536
bowl/bowl_0068,6,29835,81254,83.31700000053388,39.06999999890104,0.8109000009426381,6.544699997903081,38.226900000154274,343.03210000143736,136.87840000056894,672.2861000016565,6,6,6,6,123.19790000037756,128.931699997338,518.1374000021606,1053.545100003248
bowl/bowl_0070,6,34098,60085,51.61880000014207,41.33939999883296,0.8268000019597821,5.6924999989860225,77.78139999936684,437.7210999991803,18.41219999914756,850.7695000007516,6,6,6,6,93.78500000093482,98.65069999796106,533.9146999976947,1366.2719999992987
bowl/bowl_0071,6,25194,72635,45.654500001546694,45.64079999909154,1.3400999996520113,6.960399998206412,37.60570000304142,306.8065999977989,14.995400000771042,599.4070000015199,6,6,6,6,92.63540000029025,98.25569999884465,359.4077000016114,943.8193000023603
bowl/bowl_0072,6,28918,80237,71.23320000027888,45.53959999975632,0.8422999999311287,5.800200000521727,38.103099999716505,351.44639999998617,14.622099999542115,650.0768000005337,6,6,6,6,117.61509999996633,122.57300000055693,404.1715999992448,1039.6263000002364
bowl/bowl_0074,6,45102,97874,59.39140000191401,49.314899999444606,0.8190000007743947,5.922699998336611,49.7758999990765,514.3506000022171,26.88000000125612,1133.549900001526,6,37,10,10,109.52530000213301,114.62899999969522,591.0065000025497,1697.6764000028197
bowl/bowl_0077,6,14498,50601,65.25170000168146,25.052299999515526,0.8153999988280702,5.628000002616318,27.766799998062197,213.78829999957816,14.673099998617545,346.3824000027671,27,34,1,1,91.11940000002505,95.9320000038133,256.2281999962579,587.9375000004075
bowl/bowl_0080,6,19118,59085,37.14360000230954,27.501099997607525,0.8132000002660789,5.7613999997556675,33.55270000247401,263.2120999987819,16.395200000260957,486.0660000013013,6,29,6,6,65.45790000018314,70.40609999967273,313.1600000015169,782.8308000025572
bowl/bowl_0083,6,23843,36746,69.97419999970589,35.34900000158814,1.0192999980063178,5.56710000091698,33.7413999986893,283.24290000091423,16.29730000058771,564.2861000014818,6,6,1,1,106.34249999930034,110.890300002211,333.28160000019125,881.2704000010854
car/car_0200,7,15170,76302,26.49369999926421,24.01869999812334,0.8087000023806468,5.648099999234546,27.67920000042068,206.52449999761302,66.70519999897806,348.91350000179955,7,7,7,7,51.321099999768194,56.16049999662209,300.90889999701176,583.1171999998332
car/car_0219,7,12258,70605,24.522300001990516,22.41209999920102,1.2600999980350025,9.768100000655977,22.119699999166187,166.5433000016492,8.849999998346902,283.281200001511,7,7,7,7,48.19449999922654,56.70250000184751,197.51299999916228,471.9442000023264
car/car_0225,7,14442,53184,24.88169999924139,21.018999999796506,0.8130999995046295,6.286800002271775,21.534499999688705,197.748299997329,10.798900002555456,346.37819999989006,7,7,7,7,46.71379999854253,52.18750000130967,230.08169999957317,565.6609999969078
car/car_0226,7,23157,96056,39.743299999827286,36.39209999892046,0.8029999989958014,5.539500001759734,36.92310000042198,283.3126000004995,13.357299998460803,509.4953000007081,2,2,7,7,76.93839999774355,81.67490000050748,333.5929999993823,829.7310000016296
car/car_0231,7,16808,79466,27.506400001584552,24.846499996783677,0.809000001027016,5.6554000002506655,25.378599999385187,282.3967000003904,11.382200002117315,402.56049999879906,7,7,7,7,53.161899999395246,58.008299998618895,319.1575000018929,710.3357999985747
car/car_0240,7,15016,92672,28.73899999758578,27.836500001285458,0.79600000026403,6.3469999986409675,29.55380000275909,192.2255999998015,11.625800001638709,374.5616999985941,7,7,7,7,57.37149999913527,62.922499997512205,233.4052000041993,596.3411000011547
car/car_0248,7,10130,22438,20.589299998391652,14.41519999934826,0.8080000006884802,6.480500000179745,19.705800001247553,199.2121999974188,9.529899998597102,311.0262000009243,7,7,7,7,35.81249999842839,41.48499999791966,228.44789999726345,529.9441999995906
car/car_0254,7,13084,65918,56.953200000862125,24.51929999733693,0.8017000000108965,5.797300000267569,21.657100001903018,175.66249999799766,11.268199999904027,322.807799999282,7,7,7,7,82.27419999820995,87.26979999846662,208.5877999998047,520.1273999991827
car/car_0271,7,19384,93751,33.25500000210013,32.51079999972717,1.0005000003729947,5.971099999442231,29.671399999642745,227.30980000051204,13.36010000159149,425.4018999999971,7,7,7,7,66.7663000022003,71.73690000126953,270.3413000017463,682.3831000001519
car/car_0294,7,11572,66330,21.248799999739276,17.511399997601984,0.815400002466049,5.766099999163998,19.67990000048303,179.0493999978935,9.633800000301562,284.51750000022,7,7,7,7,39.57559999980731,44.52629999650526,208.36309999867808,483.24679999859654
chair/chair_0901,8,17032,65935,37.84749999977066,27.150899997650413,0.8181000011973083,5.8702999995148275,25.238400001398986,216.55230000033043,78.23980000102893,418.35859999991953,8,8,8,8,65.81649999861838,70.8686999969359,320.03050000275834,660.149300001649
chair/chair_0917,8,9514,55704,17.479199999797856,14.157900001009693,0.8382999985769857,5.596700000751298,15.899499998340616,136.93590000184486,7.544800002506236,244.83889999828534,8,8,8,8,32.475399999384535,37.23380000155885,160.3802000026917,397.6742999984708
chair/chair_0930,8,11117,50119,19.913099997211248,16.905700002098456,0.8128000008582603,5.607899998722132,16.741999999794643,168.4988000015437,8.744300001126248,364.48770000060904,8,8,8,8,37.631600000167964,42.426699998031836,193.9851000024646,549.7285000019474
chair/chair_0938,8,16878,77510,50.485899999330286,40.774299999611685,1.2324000017542858,6.383700001606485,44.250899998587556,251.15590000132215,10.84400000036112,420.21179999937885,8,8,8,8,92.49260000069626,97.64390000054846,306.25080000027083,715.6185999992886
chair/chair_0943,8,9815,57093,54.100500001368346,15.913600000203587,0.818000000435859,5.551700000069104,15.77769999857992,149.05060000091908,7.8312000005098525,241.93609999929322,8,8,8,8,70.83210000200779,75.56580000164104,172.65950000000885,406.7643999987922
chair/chair_0952,8,12524,62644,23.339499999565305,21.57699999952456,0.8205999984056689,5.633200002193917,24.896199996874202,193.9038000018627,9.834399999817833,332.14459999726387,8,8,8,8,45.737099997495534,50.54970000128378,228.63439999855473,550.9445999960008
chair/chair_0956,8,7316,39790,14.590599999792175,9.995299998990959,0.7961999981489498,6.27130000066245,14.02070000040112,127.76320000193664,7.523500000388594,192.23570000031032,8,8,8,8,25.382099996932084,30.857199999445584,149.30740000272635,334.0196000026481
chair/chair_0966,8,11593,55371,25.02199999798904,17.37420000063139,0.7915999995020684,5.962300001556287,44.035699997039046,158.03969999979017,9.868600001937011,289.9242999992566,8,8,8,8,43.1877999981225,48.35850000017672,211.94399999876623,491.99969999608584
chair/chair_0973,8,8576,27634,16.680900000210386,12.324399998760782,0.9056000017153565,5.777999998826999,15.199400000710739,151.78350000132923,8.782900000369409,249.46170000112033,8,8,32,32,29.910900000686524,34.78329999779817,175.76580000240938,416.4446000031603
chair/chair_0988,8,12314,50799,20.68900000085705,17.425999998522457,0.8135000025504269,5.844699997396674,18.357400000240887,176.98980000204756,10.349100000894396,322.97969999854104,8,8,8,8,38.92850000192993,43.95969999677618,205.69630000318284,518.3269000008295
cone/cone_0168,9,21568,42748,55.37189999813563,34.80889999991632,0.8736000017961487,7.012299996858928,45.32380000091507,331.8689000006998,15.92240000172751,527.7083000000857,9,9,9,9,91.0543999998481,97.19309999491088,393.1151000033424,904.9010000017006
cone/cone_0170,9,6322,36280,12.357499999779975,9.817999998631421,0.8052000011957716,5.568799999309704,13.380799999140436,107.33650000111084,7.112800001777941,188.21059999754652,9,9,9,9,22.980699999607168,27.7442999977211,127.83010000202921,308.9278999977978
cone/cone_0174,9,18446,32872,41.43800000019837,35.24249999827589,0.8538000001863111,6.410000001778826,26.94849999897997,251.4192999988154,78.64219999828492,472.2019000000728,34,34,9,9,77.53429999866057,83.09050000025309,357.0099999960803,750.5696999978682
cone/cone_0177,9,19846,32641,29.429399997752625,26.7959000011615,0.8010999990801793,6.535500000609318,26.67250000013155,279.42049999910523,12.354300000879448,489.3892000000051,9,9,9,9,57.026399997994304,62.76079999952344,318.44730000011623,795.4821999992419
cone/cone_0179,9,6336,19570,11.536899997736327,7.931899999675807,0.815400002466049,6.248999998206273,11.527200000273297,108.6046999989776,6.744000002072426,179.03630000000703,9,9,9,9,20.284199999878183,25.717799995618407,126.87590000132332,299.1681999992579
cone/cone_0180,9,15233,19975,94.95989999777521,19.076000000495696,0.813000002381159,5.682999999407912,19.780200000241166,232.95019999932265,10.445500000059837,383.08150000011665,3,9,31,31,114.84890000065207,119.71889999767882,263.17589999962365,635.8118999996805
cone/cone_0181,9,18453,29653,32.00180000203545,23.320999996940373,0.8290000005217735,6.244500000320841,31.38500000204658,283.8317999994615,13.874199998099357,482.1700000029523,6,34,9,9,56.1517999994976,61.567299999296665,329.09099999960745,797.3868000044604
cone/cone_0184,9,5552,25457,13.200299999880372,6.914699999470031,0.8989000016299542,6.040699998266064,37.69380000085221,98.7109000016062,7.180200002039783,164.0609999994922,9,26,9,9,21.013900000980357,26.155699997616466,143.5849000044982,300.4657000019506
cone/cone_0186,9,18453,35139,33.96680000150809,24.822999999742024,0.8273999992525205,5.756100003054598,23.99439999862807,278.40699999796925,16.085899998870445,478.37150000123074,9,9,9,9,59.617200000502635,64.54590000430471,318.48729999546777,780.7728999978281
cone/cone_0187,9,10095,25586,21.867899999051588,13.774499999271939,0.8106000022962689,5.688599998393329,17.002900000079535,150.9848999994574,9.109599999646889,287.9274999977497,26,37,9,9,36.453000000619795,41.330999996716855,177.09739999918384,455.91529999728664
cup/cup_0081,10,27966,72492,45.663600001716986,45.037799998681294,0.8223000004363712,5.746700000599958,38.02419999919948,287.1914999996079,17.62840000083088,628.0470000019704,37,37,37,37,91.52370000083465,96.44810000099824,342.8440999996383,953.2627000007778
cup/cup_0082,10,23976,59368,44.61479999736184,39.25380000146106,0.9213000012096018,6.261699996684911,35.53540000211797,279.02330000142683,16.831599998113234,564.3077000022458,8,8,15,15,84.7899000000325,90.13029999550781,331.39030000165803,878.8664000057906
cup/cup_0085,10,11838,31120,31.271100000594743,23.88969999810797,0.8271000006061513,5.647400001180358,19.851000000926433,155.66779999790015,47.67630000060308,282.6609000003373,32,32,10,10,55.987899999308866,60.80819999988307,223.19509999942966,458.17969999916386
cup/cup_0086,10,32180,114496,86.84650000213878,47.22399999809568,0.8206000020436477,5.569199998717522,46.00410000057309,360.6045000015001,15.147199999773875,678.1512999987171,37,37,10,10,134.8911000022781,139.63969999895198,421.7558000018471,1084.7599000007904
cup/cup_0087,10,20924,31406,39.28050000104122,29.33159999884083,0.7986999989952892,6.189899999299087,68.44810000256984,330.2789999979723,15.728499998658663,523.4827000022051,10,10,10,10,69.41079999887734,74.80199999918113,414.4555999992008,922.2098000027472
cup/cup_0091,10,31564,70560,50.401399999827845,62.19240000064019,0.862000000779517,7.542600000306265,41.13659999711672,343.47620000335155,19.383700000616955,695.741799998359,8,8,10,10,113.45580000124755,120.1364000007743,403.9965000010852,1080.3545999988273
cup/cup_0092,10,8555,33618,15.604399999574525,12.0731999995769,0.7974000000103842,5.844999999681022,17.162399999506306,128.43330000032438,12.030999998387415,242.73769999854267,5,37,35,35,28.47499999916181,33.52259999883245,157.6266999982181,388.33339999837335
cup/cup_0094,10,34112,56681,52.01119999765069,45.001100002991734,0.8220999989134725,5.740500000683824,40.45929999847431,354.44529999949737,21.917000001849374,787.504899999476,10,10,10,10,97.8343999995559,102.75280000132625,416.82159999982105,1182.4094999974477
cup/cup_0096,10,19307,30882,30.63740000288817,31.70769999996992,0.8079999970505014,6.485300000349525,30.32800000073621,218.2570000004489,13.74030000079074,447.3595999988902,14,23,4,4,63.15309999990859,68.83040000320761,262.32530000197585,695.9446000000753
cup/cup_0099,10,25558,45081,78.83320000109961,38.96339999846532,0.8283000024675857,5.583899997873232,35.33339999921736,261.9328000000678,100.94709999975748,684.3343000000459,10,37,10,10,118.62490000203252,123.38049999743816,398.21329999904265,981.6004999993311
curtain/curtain_0140,11,14029,59091,31.604100000549806,23.16200000132085,0.8230999992520083,5.683600000338629,27.155199997650925,172.71480000272277,9.564899999531917,343.4966999993776,11,22,11,11,55.58920000112266,60.44970000220928,209.4348999999056,543.3666999997513
curtain/curtain_0142,11,10032,44531,48.366999999416294,14.608400000724941,0.8076999984041322,5.71690000288072,15.811699999176199,140.31189999877824,7.455999999365304,230.2053999992495,22,22,11,11,63.78309999854537,68.69230000302196,163.57959999731975,386.32899999720394
curtain/curtain_0143,11,11859,29027,21.008800002164207,21.258400000078836,0.8113000003504567,6.028899999364512,20.264999999199063,139.19679999889922,7.967899997311179,262.0926000017789,36,36,22,22,43.0785000025935,48.296100001607556,167.42969999540946,421.5543999998772
curtain/curtain_0145,11,9234,33812,13.653900001372676,10.395499997684965,0.79840000034892,5.616900001768954,13.284199998452095,122.17940000118688,7.860499998059822,247.09290000100737,4,13,11,11,24.84779999940656,29.666300000826595,143.3240999976988,382.55650000064634
curtain/curtain_0147,11,2444,14108,4.8896000007516704,2.6793999968504068,0.8412000024691224,5.582199999480508,5.140900000697002,62.37699999837787,6.08009999996284,86.82329999646754,11,11,11,11,8.4102000000712,13.151199997082585,73.59799999903771,154.3411999955424
curtain/curtain_0148,11,5993,24464,9.669499999290565,6.3955000005080365,0.8168999993358739,5.817100001877407,7.703199997195043,91.37600000030943,7.033900001260918,157.81760000027134,11,37,13,13,16.881899999134475,21.882100001676008,106.11309999876539,256.8967999977758
curtain/curtain_0150,11,15170,83392,25.596899999072775,21.544200000789715,0.8166000006895047,6.1671000003116205,22.2128999994311,197.7043999977468,11.81899999937741,383.9609000024211,4,4,11,11,47.957700000551995,53.30820000017411,231.73629999655532,603.878199999599
curtain/curtain_0154,11,7939,38611,13.639299999340437,11.62770000155433,0.8868000004440546,5.677399996784516,13.459700003295438,116.45909999788273,9.828700000070967,225.1641999973799,11,22,11,11,26.153800001338823,30.944399997679284,139.74750000124914,355.0829999985581
curtain/curtain_0157,11,5048,19304,9.435600000870181,6.416100000933511,0.8104999978968408,5.6761000014375895,8.469699998386204,88.62370000133524,6.495800000266172,144.9447999984841,11,11,11,11,16.662199999700533,21.527800003241282,103.58919999998761,242.03819999820553
curtain/curtain_0158,11,5636,40855,12.140599999838741,9.536499997921055,0.8235000022978056,5.642699998134049,9.826000001339708,87.93059999879915,6.616900001972681,142.5846999991336,5,11,11,11,22.500600000057602,27.319799995893845,104.37350000211154,240.34129999927245
desk/desk_0202,12,9584,15302,21.067499998025596,21.569299999100622,0.8355000027222559,8.36429999981192,15.962199999194127,146.39289999831817,8.846100001392188,254.84449999930803,33,12,33,33,43.472299999848474,51.00109999693814,171.20119999890449,417.1995999968203
desk/desk_0214,12,10144,11012,20.38850000099046,17.339699999865843,0.8124000014504418,5.863999998837244,16.461600000184262,137.88299999941955,8.539999998902204,245.6136000000697,12,12,12,12,38.540600002306746,43.59219999969355,162.88459999850602,399.9581999996735
desk/desk_0237,12,22156,19091,38.359499998477986,40.40610000083689,0.8278999994217884,5.579600001510698,83.9114000009431,275.95780000046943,15.967899998940993,500.990799999272,12,12,12,12,79.59349999873666,84.34520000082557,375.83710000035353,860.8600000006845
desk/desk_0238,12,20966,19115,38.826500000141095,32.69249999721069,0.9252000018022954,5.766099999163998,35.819400000036694,259.60489999852143,85.75910000217846,469.4022000003315,33,33,12,12,72.44419999915408,77.28509999651578,381.1834000007366,764.8264999988896
desk/desk_0241,12,19335,21495,71.6723000005004,38.09719999844674,0.8246000033977907,5.767199996626005,33.22490000209655,241.84890000105952,12.587999997776933,486.01440000129514,12,12,12,12,110.59410000234493,115.53669999557314,287.661800000933,761.0882000044512
desk/desk_0243,12,7295,23462,16.85899999938556,11.311600002954947,1.1363999983586837,6.259599998884369,15.185899999778485,111.78510000172537,6.746099999872968,178.07790000006207,30,30,30,30,29.30700000069919,34.430200001224875,133.71710000137682,305.0489000015659
desk/desk_0257,12,17557,17821,29.561800001829397,26.810099996509962,0.8249000020441599,6.305899998551467,25.047000002814457,237.04189999989467,13.74030000079074,414.77709999890067,12,12,12,12,57.19680000038352,62.677799996890826,275.82920000349986,676.8660000016098
desk/desk_0261,12,25537,20998,40.29179999997723,37.26749999987078,0.8237000001827255,6.162399997265311,34.662600002775434,301.7171999999846,15.996599999198224,613.3599000022514,36,35,12,12,78.38300000003073,83.72169999711332,352.37640000195825,949.7397000050114
desk/desk_0263,12,6980,13553,15.891499999270309,13.229000000137603,0.8062999986577779,5.743699999584351,16.153600001416635,112.30330000034883,10.31929999953718,179.205100001127,12,12,12,12,29.92679999806569,34.86419999899226,138.77620000130264,307.66200000289246
desk/desk_0269,12,18754,24995,33.03400000004331,31.483099999604747,0.8168999993358739,5.754100002377527,27.03320000000531,231.9279999974242,16.770499998528976,423.391399999673,12,12,14,14,65.33399999898393,70.27120000202558,275.7316999959585,682.3525999971025
door/door_0110,13,7302,18631,18.45300000059069,16.928299999563023,0.8159999997587875,5.716699997719843,56.12380000093253,108.12950000035926,11.290099999314407,192.5005000011879,13,13,13,13,36.1972999999125,41.09799999787356,175.5434000006062,356.7538000024797
door/door_0112,13,7281,18438,19.176000001607463,17.159699997137068,0.8066000009421259,5.594400001427857,15.996599999198224,130.9159999982512,7.8218999988166615,188.19190000067465,13,13,13,13,37.14229999968666,41.93010000017239,154.7344999962661,335.1044999981241
door/door_0113,13,8184,15102,15.297399997507455,12.64160000209813,0.8565999996790197,5.5518000008305535,19.773099997109966,113.2759000029182,7.989899997483008,209.20660000047064,11,13,13,13,28.795599999284605,33.49080000043614,141.03889999751118,342.2556000004988
door/door_0114,13,6245,8245,10.199099997407757,8.196100003260653,0.7952999985718634,5.5122999983723275,11.671200001728721,102.61299999910989,7.208700000774115,180.2687999988848,13,13,13,13,19.190499999240274,23.907499999040738,121.49290000161272,294.5529999997234
door/door_0115,13,4250,9233,9.764099999301834,5.93230000231415,0.8118000005197246,5.497999998624437,8.345599999302067,85.55410000190022,11.314100000163307,139.79380000091624,11,11,26,26,16.50820000213571,21.19440000024042,105.2138000013656,233.69350000211853
door/door_0117,13,10725,17899,25.719600002048537,19.335099997988436,0.8173000023816712,6.141199999547098,44.7290999982215,141.07500000318396,10.014700001192978,264.8090999973647,13,13,13,13,45.872000002418645,51.19589999958407,195.81880000259844,450.61319999877014
door/door_0119,13,9171,23058,17.53410000310396,15.127999999094754,0.8051000004343223,5.75340000068536,16.07220000005327,122.953599999164,38.87309999845456,248.99350000123377,4,13,13,13,33.467200002633035,38.41550000288407,177.89889999767183,388.01930000045104
door/door_0121,13,13735,17156,29.76230000058422,22.109999998065177,0.8182000019587576,5.884800000785617,21.773599997686688,169.76839999915683,11.051000001316424,318.4750999971584,13,14,13,13,52.690500000608154,57.75709999943501,202.59299999815994,510.0170999940019
door/door_0123,13,10228,18238,19.05339999939315,16.029600003093947,0.7999999979801942,6.213600001501618,16.998600000079023,134.21150000067428,9.006399999634596,273.5021999978926,13,13,13,13,35.88300000046729,41.296600003988715,160.2165000003879,424.7122999986459
door/door_0128,13,11152,10752,29.797600000165403,19.211800001357915,0.8677000005263835,5.788799997390015,17.58440000048722,150.09610000197426,9.86660000125994,315.87170000057085,13,13,11,11,49.8771000020497,54.79819999891333,177.54710000372143,483.55220000303234
dresser/dresser_0202,14,52718,41671,67.93679999827873,66.2947000018903,0.8157999982358888,5.824200001370627,55.0574000008055,559.7404999971332,30.459900001005735,1148.1945000014093,14,14,14,14,135.04729999840492,140.05570000153966,645.2577999989444,1762.992399999348
dresser/dresser_0213,14,20749,19639,67.14690000080736,33.52889999951003,0.8258999987447169,5.597800001851283,39.43539999818313,235.2031000009447,16.18090000192751,502.03939999846625,14,14,14,14,101.50169999906211,106.27360000216868,290.8194000010553,776.6778999975941
dresser/dresser_0224,14,28421,27000,81.66830000118352,42.16380000070785,0.8130999995046295,6.224699998711003,39.33890000189422,329.1246999979194,20.365699998365017,670.7793999994465,23,14,14,14,124.645200001396,130.05680000060238,388.8292999981786,1039.24299999926
dresser/dresser_0228,14,39922,34182,61.719900000753114,54.456000001664506,0.8328000003530178,5.590299999312265,49.616899999819,441.903299997648,171.5827999978501,895.99200000157,14,14,14,14,117.00870000277064,121.76620000172989,663.1029999953171,1387.512199999037
dresser/dresser_0235,14,31613,30215,53.95270000008168,52.36249999870779,0.8202000026358292,6.052599997929065,47.04390000188141,348.93499999816413,14.738699999725213,673.6361000002944,23,23,14,14,107.1354000014253,112.36779999671853,410.71759999977075,1069.61500000034
dresser/dresser_0236,14,13287,10473,25.006699997902615,21.336100002372405,0.9205999995174352,5.790399998659268,28.7002000004577,188.46720000146888,9.43109999934677,331.2956000008853,23,8,23,23,47.263399999792455,52.13319999893429,226.59850000127335,548.4630000028119
dresser/dresser_0242,14,21099,14033,34.202900002128445,31.086299997696187,0.8284000032290351,5.743899997469271,70.20120000015595,245.64190000091912,12.747299999318784,521.865999999136,14,14,14,14,66.11760000305367,71.0330999972939,328.59040000039386,837.709100000211
dresser/dresser_0248,14,35561,22415,58.51609999808716,47.15470000155619,0.8318000000144821,5.916300000535557,82.36829999805195,378.3210000001418,19.40689999901224,834.0200999991794,14,14,14,14,106.50259999965783,111.5871000001789,480.096199997206,1294.709399997373
dresser/dresser_0249,14,10830,15305,19.915699998819036,17.58490000065649,1.1611000008997507,8.833899999444839,31.774200000654673,148.3391000001575,9.803599998122081,301.78349999914644,22,22,14,14,38.661700000375276,46.334499998920364,189.91689999893424,481.8967999999586
dresser/dresser_0281,14,34777,21688,76.53229999777977,48.35620000085328,0.818799999251496,5.579500000749249,42.38410000107251,353.1580999988364,21.495900000445545,775.176700000884,14,14,14,14,125.70729999788455,130.4679999993823,417.03810000035446,1170.718900000793
flower_pot/flower_pot_0151,15,15149,88858,25.768599996808916,22.47900000293157,0.8227999969676603,5.974300001980737,25.938499999028863,205.88800000041374,12.270499999431195,388.1191000000399,33,33,19,19,49.07039999670815,54.221900001721224,244.0969999988738,619.9455999994825
flower_pot/flower_pot_0154,15,15079,66951,24.893199999496574,20.389900000736816,0.8425999985774979,5.904000001464738,21.870299999136478,201.3638999997056,12.100200001441408,368.4546999975282,26,26,26,26,46.12569999881089,51.18710000169813,235.3344000002835,591.6888999963703
flower_pot/flower_pot_0156,15,16696,70819,25.08789999774308,21.977500000502914,0.9132000013778452,5.698799999663606,21.899799998209346,230.23040000043693,15.97100000071805,466.4286999977776,26,26,26,26,47.97859999962384,52.7641999979096,268.1011999993643,718.5588999964239
flower_pot/flower_pot_0157,15,42043,65606,99.86990000106744,51.12179999923683,0.8139999990817159,5.665000000590226,65.4592999999295,480.3304000015487,62.33970000175759,933.1089999977848,26,26,26,26,151.80569999938598,156.6567000008945,608.1294000032358,1478.898699999263
flower_pot/flower_pot_0160,15,17648,77692,81.11690000077942,25.14619999783463,0.8161000005202368,5.810200000269106,28.945099998963997,220.8518000006734,13.408499999059131,414.15129999950295,37,37,15,15,107.07919999913429,112.07329999888316,263.2053999986965,663.9481999991403
flower_pot/flower_pot_0162,15,25012,41133,39.344200002233265,31.91999999762629,0.8735000010346994,5.711099998734426,33.043700001144316,336.6176000017731,18.884699999034638,628.6309999995865,37,37,10,10,72.13770000089426,76.97529999859398,388.54600000195205,998.2923000025039
flower_pot/flower_pot_0163,15,16465,66704,28.543799999170005,23.107900000468362,0.8328000003530178,5.837500000779983,26.01949999734643,213.0116000007547,13.327500000741566,422.1646000005421,37,37,37,37,52.484499999991385,57.48920000041835,252.3585999988427,661.1956999986432
flower_pot/flower_pot_0164,15,25061,105751,39.15989999950398,34.49629999886383,0.8353000011993572,6.131999998615356,32.84850000272854,310.3665999988152,17.80480000161333,630.1194999978179,15,37,26,26,74.49149999956717,79.78819999698317,361.0199000031571,973.3345999993617
flower_pot/flower_pot_0167,15,7736,16882,14.477600001555402,11.76119999945513,0.8140999998431653,6.0594999995373655,15.267800001311116,109.61329999918235,7.487999999284511,192.36829999863403,37,37,26,26,27.052900000853697,32.2983000005479,132.36909999977797,317.2493999991275
flower_pot/flower_pot_0169,15,8394,37477,14.147400001093047,10.360799999034498,0.8340000022144523,6.139199998870026,12.537300000985852,128.4918999990623,36.25189999729628,251.08300000283634,5,26,26,26,25.342200002341997,30.64739999899757,177.28109999734443,392.1122000028845
glass_box/glass_box_0182,16,9059,12516,15.404300000227522,12.520200001745252,0.798099998064572,5.539099998713937,13.18580000224756,128.79049999901326,10.172599999350496,253.64270000136457,11,11,11,11,28.722600000037346,33.46360000068671,152.14890000061132,395.6190000026254
glass_box/glass_box_0183,16,57093,39493,122.22259999907692,66.00450000041747,0.8297999993374106,6.900500000483589,104.67369999969378,567.2198000029312,34.4251999995322,1228.8540000008652,16,16,16,16,189.0568999988318,195.12759999997797,706.3187000021571,1900.7475000034901
glass_box/glass_box_0184,16,24865,23659,42.96830000021146,44.611600002099294,0.8602999987488147,6.078099999285769,40.79300000012154,277.0380000001751,16.813500002172077,574.4615999974485,16,16,16,16,88.44020000105957,93.65800000159652,334.6445000024687,892.2925999977451
glass_box/glass_box_0200,16,24809,24450,41.241099999751896,38.855599999806145,0.8300000008603092,5.6696999999985565,37.07539999959408,276.49770000061835,98.6890999993193,546.3131000033172,16,16,16,16,80.92670000041835,85.7663999995566,412.26219999953173,859.8862000035297
glass_box/glass_box_0201,16,30773,27623,50.817499999538995,52.12960000062594,0.8354000019608065,5.873499998415355,44.71990000092774,321.51909999811323,15.62729999932344,685.1017000008142,16,16,16,16,103.78250000212574,108.82059999858029,381.8662999983644,1051.3406999998551
glass_box/glass_box_0221,16,26195,25802,47.3959000009927,53.17719999948167,0.8610000004409812,7.16169999941485,91.99269999953685,309.6579999983078,15.320499998779269,596.4922000021033,16,16,16,16,101.43410000091535,107.73479999988922,416.9711999966239,998.142899999948
glass_box/glass_box_0224,16,18145,20609,34.771699996781535,35.03700000146637,0.8223000004363712,5.676400000083959,40.20680000030552,229.45439999966766,11.8867000019236,437.2765999978583,16,16,16,16,70.63099999868427,75.48509999833186,281.5479000018968,706.9377999978315
glass_box/glass_box_0236,16,12853,17156,33.08090000064112,27.368399998522364,0.8019000015337951,5.592599998635706,52.66250000204309,166.55589999936637,10.343900001316797,300.1312999986112,16,16,16,16,61.25120000069728,66.04189999779919,229.56230000272626,519.3497000000207
glass_box/glass_box_0237,16,18117,21377,54.88350000086939,35.25499999886961,0.8254000022134278,6.0398999994504265,32.84150000035879,235.8712999994168,12.731400001939619,392.67579999796,27,16,16,16,90.96390000195242,96.17839999918942,281.4442000017152,661.3885999977356
glass_box/glass_box_0271,16,20623,22294,47.239100000297185,37.99079999953392,0.8664999986649491,5.843900002219016,33.47359999679611,245.31330000172602,14.363599999342114,531.8834999998217,16,16,16,16,86.09639999849605,91.07380000205012,293.15049999786424,810.6703999983438
guitar/guitar_0159,17,3459,13307,10.324499999114778,5.346800000552321,1.2080000014975667,9.07530000040424,11.239399998885347,78.87620000110473,6.287399999564514,114.26030000075116,17,17,17,17,16.879300001164665,24.74660000007134,96.4029999995546,204.37590000074124
guitar/guitar_0169,17,2682,14590,6.475100002717227,3.4220999987155665,0.7958999995025806,5.614199999399716,5.500900002516573,68.71079999837093,6.041499997081701,91.17759999935515,17,17,17,17,10.693100000935374,15.51140000083251,80.2531999979692,165.38930000024266
guitar/guitar_0177,17,3130,12889,6.962100000237115,3.6044000007677823,0.8658999977342319,5.745700000261422,5.379800000810064,92.11040000081994,6.284499999310356,119.73980000038864,17,17,17,17,11.432399998739129,16.31220000126632,103.77470000094036,217.23000000201864
guitar/guitar_0178,17,2080,10598,4.879799998889212,2.3992999995243736,0.7956000008562114,5.756299997301539,4.103700000996469,66.48820000191336,10.647099999914644,82.14610000140965,18,17,17,17,8.074699999269797,13.035399995715125,81.23900000282447,152.73800000431947
guitar/guitar_0186,17,2752,11077,5.732600002374966,2.8781000000890344,0.8234999986598268,5.5485999982920475,4.242400002112845,70.65389999843319,12.184800001705298,90.04479999930481,17,17,17,17,9.434200001123827,14.159300000756048,87.08110000225133,164.94109999985085
guitar/guitar_0192,17,2885,14136,5.832899998495122,3.4574000019347295,0.8063999994192272,5.77049999992596,4.708699998445809,73.81309999982477,11.974100001680199,95.7620000008319,17,17,17,17,10.09669999984908,15.060800000355812,90.49589999995078,174.28379999910248
guitar/guitar_0209,17,3613,11836,7.272799997736001,4.894000001513632,0.8054999998421408,5.8042999989993405,5.8792999989236705,83.33590000256663,15.214600000035716,112.8260000004957,17,17,17,17,12.972299999091774,17.971099998248974,104.42980000152602,202.041200001986
guitar/guitar_0239,17,2318,8938,4.408000000694301,2.3007000017969403,0.799699999333825,5.582199999480508,4.229999998642597,70.006400001148,10.914899998169858,79.83310000054189,17,17,17,17,7.508400001825066,12.29090000197175,85.15129999796045,154.06950000033248
guitar/guitar_0245,17,3123,12887,6.7469000023265835,3.85180000012042,0.8159999997587875,5.934599997999612,4.937200003041653,87.48949999790057,12.964599998667836,105.2655000021332,17,17,17,17,11.414700002205791,16.533300000446616,105.39129999961006,197.6922000030754
guitar/guitar_0253,17,3690,21185,7.459500000550179,4.83410000015283,0.8191999986593146,5.801400002383161,5.929999999352731,84.2521000013221,16.134400000737514,119.32059999890043,17,17,17,17,13.112799999362323,18.09500000308617,106.31650000141235,209.50269999957527
keyboard/keyboard_0146,18,6784,31106,13.30249999955413,10.593700000754325,0.9116000001085922,5.767700000433251,10.96989999859943,116.06540000138921,26.910700002190424,169.25679999985732,18,18,0,0,24.807800000417046,29.663900000741705,153.94600000217906,296.29209999984596
keyboard/keyboard_0148,18,4446,11499,8.449699998891447,5.745499998738524,0.9279000005335547,5.705499999749009,7.4557000007189345,99.17630000200006,19.49880000029225,147.90269999866723,18,18,18,18,15.123099998163525,19.90069999737898,126.13080000301125,254.53470000138623
keyboard/keyboard_0149,18,8597,41375,25.679100002889754,13.703199998417404,0.829399999929592,5.629499999486143,16.38680000178283,130.82270000086282,31.86259999711183,212.85510000234353,18,18,18,18,40.21170000123675,45.0118000007933,179.07209999975748,360.0646000049892
keyboard/keyboard_0152,18,9444,44291,20.74700000230223,20.308499999373453,0.7990000012796372,5.567699998209719,60.149799999635434,152.40800000174204,8.711499998753425,237.69280000124127,18,18,18,18,41.85450000295532,46.6231999998854,221.2693000001309,450.25060000261874
keyboard/keyboard_0156,18,6889,33306,14.266199999838136,11.671100000967272,0.8405999979004264,6.5930999990087,12.984600001800572,136.9142000003194,7.234000000607921,178.82749999989755,18,18,18,18,26.777899998705834,32.53039999981411,157.1328000027279,328.7263000020175
keyboard/keyboard_0157,18,8744,40575,22.594199999730336,22.074000000429805,0.8158000018738676,6.105799999204464,24.50920000046608,133.6418999999296,7.98429999849759,203.053600002022,18,18,18,18,45.48400000203401,50.773999999364605,166.13539999889326,361.20470000241767
keyboard/keyboard_0158,18,6903,50122,18.14850000300794,15.112999997654697,0.8068000024650246,5.478499999298947,20.490299997618422,117.69030000141356,9.108599999308353,177.68879999857745,18,18,18,18,34.06830000312766,38.73999999996158,147.28919999834034,315.86939999760943
keyboard/keyboard_0160,18,9059,28718,21.62769999995362,24.03489999778685,1.2474000031943433,7.412299997668015,53.12749999939115,130.59810000049765,8.274900003016228,209.94179999979679,18,18,18,18,46.910000000934815,53.07489999540849,192.00050000290503,393.6673999996856
keyboard/keyboard_0161,18,5405,22206,12.365399998088833,11.204200000065612,1.066600001649931,5.860199999005999,12.25479999993695,108.00110000127461,6.758999999874504,152.99059999961173,0,18,18,18,24.636199999804376,29.429799997160444,127.01490000108606,273.2465000008233
keyboard/keyboard_0162,18,9920,34876,18.02490000045509,14.125199999398319,0.8226999998441897,5.525300002773292,14.605699998355703,150.71639999951003,8.435499999905005,249.09939999997732,33,33,18,18,32.9727999996976,37.6754000026267,173.75759999777074,414.42149999784306
lamp/lamp_0125,19,1940,10856,4.058099999383558,2.0456000020203646,0.834399997984292,6.287299998803064,4.762900000059744,62.1726999997918,6.083899999794085,73.94460000068648,11,19,8,8,6.938099999388214,12.391000000206986,73.01949999964563,140.88020000053803
lamp/lamp_0126,19,6532,35415,12.446599997929297,8.740100001887185,0.8027000003494322,5.616499998723157,9.875600000668783,116.37269999846467,29.65109999786364,185.487100003229,19,19,19,19,21.989400000165915,26.80319999853964,155.8993999969971,311.73540000236244
lamp/lamp_0127,19,16941,67102,25.752100002137013,23.06229999885545,0.8209999978134874,5.786900001112372,21.72240000072634,237.12220000015805,13.380799999140436,480.34329999791225,37,37,19,19,49.63539999880595,54.601300002104836,272.2254000000248,739.1878999987966
lamp/lamp_0130,19,4292,6986,8.243800002674107,5.458199997519841,0.8010000019567087,6.220399998710491,9.302300000854302,82.14079999743262,10.336400002415758,130.1698999996006,19,37,4,4,14.503000002150657,19.92239999890444,101.77950000070268,221.61299999788753
lamp/lamp_0131,19,16493,41308,30.251899999711895,27.672800002619624,0.831499997730134,6.412300001102267,24.979999998322455,223.23959999994258,15.83079999909387,424.25530000036815,19,37,19,19,58.756200000061654,64.33700000343379,264.0503999973589,672.4748999986332
lamp/lamp_0132,19,2556,16572,6.175599999551196,3.1256000002031215,0.8202999997592997,6.256699998630211,7.316200000786921,64.99619999885908,9.296299998823088,88.80219999991823,13,19,37,37,10.121499999513617,15.557899998384528,81.60869999846909,161.11459999956423
lamp/lamp_0134,19,3872,15521,7.180100001278333,3.723300000274321,0.8368999988306314,5.901900000026217,5.486399997607805,77.67420000163838,10.496499999135267,120.13460000162013,19,19,19,19,11.740300000383286,16.80530000157887,93.65709999838145,203.29520000086632
lamp/lamp_0136,19,2724,13268,6.023599999025464,2.8773000012733974,0.8075000005192123,5.73179999992135,4.2710999987320974,67.0761000001221,7.610300002852455,93.76630000042496,19,19,19,19,9.708400000818074,14.632700000220211,78.95750000170665,165.11349999927916
lamp/lamp_0139,19,3872,8083,7.932900000014342,5.020000000513392,0.7976000015332829,5.975399999442743,6.091999999625841,76.57430000108434,7.546699998783879,144.98079999975744,19,19,19,19,13.750500002061017,18.928299999970477,90.21299999949406,227.64710000046762
lamp/lamp_0140,19,7701,21265,14.662599998700898,15.73160000043572,1.0669000002963003,8.113500000035856,13.276599998789607,112.85839999982272,8.873499999026535,204.39130000158912,5,5,19,19,31.461099999432918,38.50769999917247,135.00849999763886,330.52630000020145
laptop/laptop_0150,20,17536,16949,31.731999999465188,31.447800000023562,0.8970999988378026,5.766300000686897,26.252899999235524,233.61560000194004,14.460999998846091,462.62729999943986,20,20,20,20,64.07689999832655,68.94610000017565,274.32950000002165,722.4958000006154
laptop/laptop_0151,20,7057,11649,72.4861000016972,21.295399998052744,0.9954000015568454,5.742900000768714,15.469800000573741,118.73829999967711,7.767700000840705,194.12109999757376,20,20,20,20,94.77690000130679,99.52440000051865,141.97580000109156,328.3291999978246
laptop/laptop_0153,20,15352,11858,32.11209999790299,32.21530000155326,0.8315999984915834,6.725300001562573,34.79049999805284,178.44660000264412,56.368099998508114,347.25500000058673,20,20,20,20,65.15899999794783,71.05270000101882,269.60519999920507,560.4921000012837
laptop/laptop_0161,20,11299,21511,32.19549999994342,27.83600000111619,0.825700000859797,6.041799999366049,57.27639999895473,172.4294000014197,10.745600000518607,291.54449999987264,20,20,20,20,60.85720000191941,66.07330000042566,240.45140000089305,521.2503000002471
laptop/laptop_0162,20,10802,9397,22.87869999781833,22.42889999979525,0.8052000011957716,5.811800001538359,20.87309999842546,173.22499999863794,13.64109999849461,265.14619999943534,20,20,20,20,46.11279999880935,51.11939999915194,207.739199995558,459.24429999649874
laptop/laptop_0164,20,15303,10908,26.569900001049973,24.919100000261096,0.8635999984107912,5.497400001331698,24.92050000000745,194.37789999938104,10.822099997312762,346.0036000033142,20,20,20,20,52.35259999972186,56.98640000264277,230.12049999670126,565.3020000027027
laptop/laptop_0166,20,16430,11885,29.864399999496527,27.022700000088662,0.8377000012842473,5.620799998723669,26.7305999987002,197.50430000203778,11.086800001066877,318.3759999992617,20,20,20,20,57.724800000869436,62.50789999830886,235.32170000180486,542.6108999999997
laptop/laptop_0167,20,21407,23911,34.84539999772096,30.418800000916235,0.9387999998580199,5.644900000334019,30.12999999918975,270.10580000205664,14.761900001758477,484.2062999996415,20,20,20,20,66.20299999849522,70.90909999897121,314.99770000300487,784.4421000008879
laptop/laptop_0168,20,12069,12574,20.664399999077432,17.90670000264072,0.8062999986577779,5.628999999316875,18.916400000307476,167.91580000062822,10.385400000814116,294.43689999970957,20,20,20,20,39.37740000037593,44.200100001035025,197.21760000174982,481.26910000064527
laptop/laptop_0169,20,21407,17929,35.93480000199634,36.08199999871431,0.8139999990817159,5.639400002110051,30.810299998847768,309.8580000005313,14.32849999764585,464.95950000098674,20,20,20,20,72.83079999979236,77.6562000028207,354.99679999702494,805.6278000003658
mantel/mantel_0299,21,20693,31449,34.157300000515534,35.26609999971697,1.0414999997010455,6.029199998010881,36.08119999989867,248.30000000292785,14.405199999600882,483.2760999997845,21,21,21,21,70.46489999993355,75.45259999824339,298.7864000024274,767.657300002611
mantel/mantel_0313,21,18908,21502,38.5591000012937,28.676800000539515,0.8131999966281,5.6205000000773,55.45940000229166,220.67719999904511,14.017700003023492,473.3554999984335,21,21,21,21,68.04909999846132,72.85640000191052,290.15430000436027,749.4920999997703
mantel/mantel_0315,21,17970,21041,28.95369999896502,26.548199999524513,0.8110000017040875,6.44789999932982,27.01069999966421,210.2599999998347,18.86240000021644,414.512499999546,21,21,21,21,56.31290000019362,61.949799997819355,256.13309999971534,651.7831999990449
mantel/mantel_0327,21,30871,30526,47.85749999791733,45.06110000147601,0.8283999995910563,5.646699999488192,42.78870000052848,341.98589999869,99.53269999823533,666.7971999995643,21,21,21,21,93.74699999898439,98.56529999888153,484.3072999974538,1051.5717999987828
mantel/mantel_0332,21,20357,30274,39.71529999762424,34.086899999238085,0.8149000022967812,5.796999997983221,32.852700001967605,253.94199999936973,11.74639999953797,467.98150000176975,21,21,21,21,74.61709999915911,79.59919999484555,298.5411000008753,754.7762000031071
mantel/mantel_0333,21,17872,22797,30.39089999947464,28.039900000294438,0.8206000020436477,5.670899998222012,26.492299999517854,216.71680000144988,10.445600000821287,406.1870000005001,4,4,4,4,59.251400001812726,64.10169999799109,253.65470000178902,649.3961000014679
mantel/mantel_0357,21,18894,25088,73.71749999947497,30.921400000806898,0.8266000004368834,5.6631000006746035,28.92059999794583,221.4127000006556,11.808399998699315,433.55030000020633,21,21,21,21,105.46550000071875,110.30200000095647,262.14169999730075,683.8835999988078
mantel/mantel_0376,21,42246,38237,66.26849999884143,51.63199999878998,0.8202999997592997,5.7667000000947155,82.42360000076587,478.3171000017319,23.332599997957004,1037.524300001678,21,21,21,21,118.72079999739071,123.66719999772613,584.0733000004548,1598.2650000041758
mantel/mantel_0377,21,19930,31651,36.774899999727495,33.15749999819673,0.8102000028884504,5.79979999747593,33.19750000082422,259.7596000014164,15.050500001962064,413.19689999727416,21,21,21,21,70.74260000081267,75.73219999540015,308.0076000042027,706.1539999995148
mantel/mantel_0378,21,30766,33007,51.589599999715574,48.03149999861489,0.8116000026348047,5.818599998747231,43.99990000092657,369.3796999978076,20.518500001344364,695.7488999978523,21,21,21,21,100.43270000096527,105.4396999970777,433.89810000007856,1109.1284999965865
monitor/monitor_0485,22,19349,23402,32.402799999545095,30.01850000146078,0.8201999989978503,5.740900000091642,29.286299999512266,243.79060000137542,14.199500001268461,447.74909999978263,22,22,22,22,63.241500000003725,68.16220000109752,287.27640000215615,720.8260000006703
monitor/monitor_0492,22,11369,20513,23.52679999967222,20.847499999945285,0.8094000004348345,5.58909999745083,60.47210000178893,150.31919999819365,46.01130000082776,288.8103000004776,13,22,22,22,45.18370000005234,49.963399997068336,256.80260000081034,499.60160000046017
monitor/monitor_0506,22,30829,37328,49.90109999926062,47.49910000100499,0.9902999991027173,5.871600002137711,48.43619999883231,358.5323999977845,16.06030000039027,738.8947999970696,23,23,14,14,98.39049999936833,103.27180000240332,423.0288999970071,1145.8633999936865
monitor/monitor_0512,22,6903,18483,19.55459999953746,19.978899999841815,0.8068999995884951,5.634000001009554,18.94420000098762,105.75600000083796,7.560300000477582,200.58739999876707,22,22,22,22,40.34039999896777,45.16750000038883,132.26050000230316,325.28760000059265
monitor/monitor_0521,22,20182,26483,34.94700000010198,36.67179999683867,0.90230000205338,5.774699999165023,30.072800000198185,226.8197000012151,14.817899998888606,511.22659999964526,22,22,22,22,72.52109999899403,77.39349999610567,271.7104000003019,768.1191000010585
monitor/monitor_0531,22,25901,33323,41.01520000040182,37.977299998601666,0.8243000011134427,5.871500001376262,43.56999999799882,311.89939999967464,17.36180000079912,610.4478000015661,22,22,22,22,79.81680000011693,84.86400000037975,372.8311999984726,965.9171999992395
monitor/monitor_0538,22,10886,21728,19.305900001199916,18.517799999244744,0.7953000022098422,5.507800000486895,20.08629999909317,145.29839999886462,10.690999999496853,269.34889999756706,22,22,22,22,38.6190000026545,43.331500000931555,176.07569999745465,434.73359999552486
monitor/monitor_0546,22,10655,10216,20.179700000880985,17.109299998992356,0.825700000859797,5.680300000676652,17.42779999767663,161.83040000032634,9.294299998146016,256.2525000030291,22,22,22,22,38.11470000073314,42.96930000054999,188.55249999614898,435.5107000010321
monitor/monitor_0551,22,11187,34041,24.39090000189026,25.159500000881962,0.8108000001811888,5.786199999420205,20.411400000739377,140.08759999705944,45.32410000319942,250.92599999697995,22,22,22,22,50.36120000295341,55.33660000219243,205.82310000099824,411.4249999947788
monitor/monitor_0552,22,7813,20272,15.970600001310231,14.703699998790398,0.8060000000114087,5.60820000100648,14.129499999398831,105.04289999880712,6.708200002321973,194.22950000080164,22,22,22,22,31.480300000112038,36.28250000110711,125.88060000052792,313.4018999990076
night_stand/night_stand_0207,23,22422,19379,79.73669999773847,37.20260000045528,0.8125000022118911,5.638599999656435,36.566899998433655,261.42670000263024,12.62950000091223,511.72330000190414,33,33,33,33,117.75180000040564,122.57789999785018,310.6231000019761,809.716900002968
night_stand/night_stand_0211,23,38984,33699,100.79920000134734,49.66419999982463,0.8469000022159889,6.417599997803336,47.51799999939976,414.67740000007325,26.041400000394788,870.4763999994611,23,23,23,23,151.31030000338797,156.8809999989753,488.2367999998678,1332.6717999989341
night_stand/night_stand_0225,23,49337,35392,69.13999999960652,56.01260000184993,1.0306000003765803,5.8743000008689705,55.037399997672765,498.3453999993799,28.676899997662986,1021.0604000021704,23,23,23,23,126.18320000183303,131.02690000232542,582.0596999947156,1574.443199999223
night_stand/night_stand_0227,23,17445,22597,36.54849999657017,29.031600002781488,0.8149999994202517,5.852499998582061,30.44910000244272,213.90579999933834,13.307400000485359,410.2228000010655,23,14,23,23,66.39509999877191,71.43259999793372,257.6623000022664,654.5777000028465
night_stand/night_stand_0232,23,39166,28465,55.65220000062254,52.3843000009947,0.8385999972233549,5.573700000240933,88.32149999943795,402.3107000029995,23.380200000246987,846.7519999976503,23,23,23,23,108.8750999988406,113.61020000185817,514.0124000026844,1337.3842000000877
night_stand/night_stand_0241,23,15989,11460,27.433600000222214,26.62380000037956,0.7983999967109412,5.931600000621984,36.72770000048331,201.49419999870588,68.3893999994325,376.55919999815524,23,14,14,14,54.855799997312715,59.98900000122376,306.6112999986217,614.7810999973444
night_stand/night_stand_0243,23,25040,20559,49.46370000106981,37.07829999984824,0.851400000101421,5.927599999267841,86.74850000170409,308.3404999997583,13.628199998493074,588.7834000022849,23,23,23,23,87.39340000101947,92.46960000018589,408.7171999999555,983.8724000037473
night_stand/night_stand_0257,23,41826,27187,58.32910000026459,53.18049999914365,0.8515999979863409,5.7813000021269545,49.409399998694425,433.07930000082706,20.14179999969201,940.6955000013113,23,14,14,14,112.36119999739458,117.29090000153519,502.6304999992135,1423.1842000008328
night_stand/night_stand_0272,23,23857,30832,36.51289999834262,33.26709999964805,0.8266000004368834,5.63730000067153,35.463299998809816,266.03350000004866,16.381699999328703,569.5460000024468,14,14,14,14,70.60659999842755,75.4172999986622,317.8784999981872,871.0428000013053
night_stand/night_stand_0278,23,25698,25830,46.0430000021006,36.72000000005937,0.8162999984051567,5.836399999679998,35.0657000017236,285.58979999797884,17.056500000762753,587.3548999988998,33,33,33,33,83.57930000056513,88.59940000183997,337.7120000004652,908.0103999986022
person/person_0089,24,6987,41097,13.574700002209283,10.644799996953225,0.8603000023867935,5.644199998641852,53.18189999889,113.87290000129724,7.259699999849545,175.9566000000632,13,24,24,24,25.0798000015493,29.86369999780436,174.3145000000368,343.01140000025043
person/person_0090,24,9052,62587,17.6355000003241,16.00719999987632,0.7976000015332829,5.991999998514075,15.771400001540314,128.4312999996473,8.496299997204915,217.4713000022166,37,37,24,24,34.4403000017337,39.634699998714495,152.69899999839254,361.6740000034042
person/person_0091,24,8758,56254,17.09570000093663,13.074499998765532,0.8006999996723607,5.7047000009333715,21.011799999541836,129.4244000018807,8.170199998858152,234.5061000014539,24,4,5,5,30.970899999374524,35.874900000635535,158.6064000002807,384.94230000287644
person/person_0096,24,6427,41703,14.793400001508417,10.04349999857368,0.8138000011967961,5.759399999078596,13.349599998036865,98.62990000328864,6.884200000058627,164.08729999966454,24,24,26,26,25.650700001278892,30.596299999160692,118.86370000138413,276.06680000099004
person/person_0099,24,5195,36595,12.39739999800804,9.28810000186786,1.012500000797445,6.1850999991293065,12.079599997377954,89.21490000284393,10.141900002054172,131.70520000130637,24,24,15,15,22.698000000673346,27.870599999005208,111.43640000227606,232.99970000152825
person/person_0101,24,1772,8357,4.102300001250114,1.9492999999783933,0.8229999984905589,5.7553000006009825,5.266500000288943,55.21969999972498,9.643000001233304,67.53109999772278,26,11,26,26,6.8745999997190665,11.80690000182949,70.12920000124723,128.0172999977367
person/person_0102,24,4803,33853,11.286099997960264,7.960400002048118,0.7842999984859489,5.837100001372164,40.09009999936097,111.85259999911068,17.845499998657033,130.59789999897475,24,24,24,24,20.03079999849433,25.083600001380546,169.7881999971287,282.5405999974464
person/person_0103,24,3725,28309,8.561399998143315,6.8884000029356685,0.8239999988290947,5.592299999989336,7.5327999984438065,77.28300000235322,14.067699998122407,104.45270000127493,5,24,24,24,16.27379999990808,21.04210000106832,98.88349999891943,189.26850000207196
person/person_0106,24,5965,38481,12.046700001519639,8.771099997829879,0.804999999672873,6.418200002372032,9.247899997717468,101.03309999976773,21.716499999456573,152.17810000103782,24,24,24,24,21.62279999902239,27.23600000172155,131.99749999694177,262.459099998523
person/person_0108,24,5839,40212,12.096600003133062,9.63919999776408,0.845300000946736,6.125500000052853,11.021899998013396,96.99000000182423,10.011599999415921,154.19350000229315,37,4,26,26,22.58110000184388,27.861300000949996,118.02349999925354,262.2054000021308
piano/piano_0233,25,29051,49930,59.71599999975297,39.53980000005686,0.8270999969681725,5.7246000033046585,35.07949999766424,326.8807000022207,19.24919999873964,694.7897000027297,25,25,25,25,100.082899996778,104.98040000311448,381.2093999986246,1056.7499000026146
piano/piano_0242,25,10116,38450,19.698700001754332,18.648099998245016,0.7980000009411015,5.54790000023786,20.193500000459608,146.4248000011139,9.788800001842901,247.11419999948703,25,25,25,25,39.14480000094045,43.89470000023721,176.40710000341642,413.73250000106054
piano/piano_0256,25,22597,19834,40.71209999892744,34.27889999875333,0.8215000016207341,6.014599999616621,30.921600002329797,266.76689999658265,16.707899998436915,550.3777999983868,3,36,25,25,75.81249999930151,81.0055999972974,314.39639999734936,848.0662999972992
piano/piano_0259,25,21330,21078,33.51280000060797,33.248800002184,0.8492999986629002,6.157399999210611,70.2780999999959,266.4031000022078,89.56810000017867,508.2920999993803,25,25,25,25,67.61090000145487,72.91900000200258,426.24930000238237,844.973300001584
piano/piano_0278,25,7428,24020,14.576600002328632,12.125900000683032,0.9785999973246362,6.045900001481641,14.563799999450566,118.34060000182944,8.269199999631383,189.3043000018224,25,25,25,25,27.6811000003363,32.748400004493305,141.1736000009114,322.2087000031024
piano/piano_0294,25,14785,14722,40.50140000254032,25.93939999860595,0.8522999996785074,5.570400000578957,25.59280000059516,201.71309999932419,11.516200000187382,374.36739999975543,8,8,25,25,67.29310000082478,72.01120000172523,238.82210000010673,601.6732999996748
piano/piano_0303,25,8240,32713,18.839200001821155,15.181399998255074,0.7867000022088178,7.845000000088476,47.44089999803691,134.4454999998561,7.818599999154685,215.182800002367,25,25,25,25,34.80730000228505,41.865600000164704,189.7049999970477,397.06920000026
piano/piano_0309,25,17193,33912,28.507700000773184,26.133499999559717,0.814300001366064,5.599799998890376,27.793000001111068,258.32769999760785,11.23399999778485,408.6873000014748,27,25,25,25,55.455500001698965,60.24099999922328,297.35469999650377,694.8080000001937
piano/piano_0310,25,20007,41309,35.15510000215727,31.878300000244053,0.8084999972197693,5.586200000834651,30.586100001528393,231.71919999731472,13.86830000046757,455.0669999989623,28,28,25,25,67.84189999962109,72.61960000323597,276.1735999993107,717.3722999978054
piano/piano_0312,25,12748,27778,25.190299998939736,20.30419999937294,0.8142000006046146,5.931200001214165,22.149500000523403,172.90639999919222,10.569199999736156,311.74509999982547,25,25,25,25,46.30869999891729,51.42569999952684,205.62509999945178,506.8009999995411
plant/plant_0252,26,8751,40974,13.300200000230689,8.897200001229066,0.7984999974723905,5.5778000023565255,12.753799997881288,156.77810000124737,9.21329999982845,251.07840000055148,0,26,18,18,22.995899998932146,27.77520000381628,178.7451999989571,420.61029999968014
plant/plant_0267,26,6476,23024,12.243900000612484,9.402899999258807,0.7982999995874707,5.713499998819316,10.670100000425009,96.88370000003488,7.717200001934543,152.660100000503,24,24,24,24,22.445099999458762,27.360299998690607,115.27100000239443,260.2139000009629
plant/plant_0276,26,3256,6188,5.769299998064525,3.110400000878144,0.8355999998457264,5.732100002205698,5.383899999287678,72.4673000004259,6.165599999803817,105.46980000071926,26,26,26,26,9.715299998788396,14.611800001148367,84.01679999951739,183.32100000043283
plant/plant_0278,26,9332,48700,14.382400000613416,9.939999999915017,0.8066999980655964,6.477700000687037,11.5336999988358,152.07620000001043,8.857100001478102,271.21659999829717,26,26,31,31,25.12909999859403,30.80010000121547,172.46700000032433,434.8264999971434
plant/plant_0281,26,8149,39858,12.998800000787014,9.731599999213358,0.8017000000108965,6.3555000015185215,11.603099999774713,125.10119999933522,8.145100000547245,209.38980000209995,4,4,37,37,23.53210000001127,29.085900001518894,144.84939999965718,346.0941000012099
plant/plant_0304,26,20952,92721,29.503899997507688,25.15490000223508,1.038200000039069,6.383199997799238,25.250700000469806,268.4186000005866,101.96720000021742,539.9262999999337,26,26,26,26,55.69699999978184,61.04199999754201,395.6365000012738,833.5956000009901
plant/plant_0327,26,5678,35118,54.37789999996312,7.559000001492677,0.814300001366064,6.146299998363247,10.832500000105938,95.6865000007383,6.552500002726447,143.65609999731532,19,24,15,15,62.75120000282186,68.08319999981904,113.07150000357069,250.17509999815957
plant/plant_0329,26,11187,67699,19.317700000101468,16.82259999870439,0.8254999993368983,6.051200001820689,16.68969999809633,148.27290000175708,9.384500001033302,280.0691000011284,26,26,26,26,36.96579999814276,42.19150000062655,174.3471000008867,445.0317000009818
plant/plant_0336,26,17879,85110,32.1933999985049,22.470100000646198,0.8137000004353467,5.614699999568984,31.483800001296913,251.144399997429,11.231300002691569,474.5261999996728,26,26,26,26,55.477199999586446,60.27819999872008,293.8595000014175,757.1543999983987
plant/plant_0337,26,19034,95728,77.81489999979385,40.62970000086352,1.306599999225,10.81990000238875,27.98599999732687,256.4321999998356,12.553299999126466,493.7960999995994,26,8,26,26,119.75119999988237,129.26450000304612,296.9714999962889,778.2142999967618
radio/radio_0105,27,1079,5634,2.5638000006438233,1.0836000001290813,0.7994000006874558,5.5138999996415805,5.00820000161184,46.382900000025984,5.833800001710188,51.71809999956167,15,0,26,26,4.44680000146036,9.161300000414485,57.22490000334801,103.1092000011995
radio/radio_0106,27,2115,9436,5.1794999999401625,2.520199999707984,0.8104999978968408,5.77530000009574,3.577300001779804,57.132599999022204,6.043899997166591,94.16030000284081,0,9,27,27,8.510199997544987,13.474999999743886,66.7537999979686,154.87020000364282
radio/radio_0107,27,2864,8447,6.062199998268625,3.0053000009502284,0.7994999978109263,5.674100000760518,4.743000001326436,79.41669999854639,5.978299999696901,91.27259999877424,27,11,15,15,9.86699999702978,14.741599999979371,90.13799999956973,175.43229999864707
radio/radio_0108,27,8044,13327,14.010099999723025,10.27550000071642,0.8077999991655815,5.856700001459103,11.608099997829413,130.53010000294307,8.431299997027963,220.5887000018265,36,36,27,27,25.093399999605026,30.142300001898548,150.56949999780045,362.726900002599
radio/radio_0111,27,20385,42061,32.86609999850043,29.536400001234142,0.8224999983212911,5.842099999426864,27.251700001215795,236.08229999808827,14.70070000141277,485.11990000042715,10,21,10,10,63.224999998055864,68.24459999916144,278.03470000071684,748.4538999997312
radio/radio_0112,27,14491,19320,24.225799999840092,21.096000000397908,0.8044999995036051,7.448600001225714,23.143499998695916,192.25430000005872,11.532200001965975,339.3441000007442,27,27,27,27,46.126299999741605,52.77040000146371,226.9300000007206,554.7418999994989
radio/radio_0113,27,19587,21515,32.98799999902258,36.40340000129072,1.2163999999756925,8.887799998774426,31.36620000077528,257.3293999994348,14.605199998186436,488.15710000053514,6,2,33,33,70.60780000028899,78.27919999908772,303.30079999839654,776.8527000007452
radio/radio_0115,27,20539,25162,33.16429999904358,31.40029999849503,0.8148000015353318,5.848900000273716,29.494899998098845,264.5559000011417,15.043499999592314,472.2179000018514,27,36,36,36,65.37939999907394,70.41349999781232,309.09429999883287,766.2687000010919
radio/radio_0116,27,29744,64043,88.16169999772683,44.115799999417504,0.8226000027207192,5.82360000043991,43.96039999846835,331.56510000117123,120.88700000094832,669.6749000002455,12,12,36,36,133.10009999986505,138.10109999758424,496.4125000005879,1045.2003999998851
radio/radio_0117,27,24256,25258,129.54700000045705,64.66699999873526,1.266900002519833,10.33109999843873,60.008899999957066,412.6102999980503,13.570499999332242,634.3330000017886,27,25,27,27,195.48090000171214,204.54509999763104,486.18969999733963,1106.952199999796
range_hood/range_hood_0118,28,14113,19297,35.42129999914323,23.83650000047055,0.850600001285784,5.9089999995194376,24.82410000084201,196.24609999664244,9.664600001997314,332.07539999784785,28,34,28,28,60.108400000899564,65.16679999913322,230.73479999948177,553.1455999953323
range_hood/range_hood_0121,28,20826,27708,34.95019999900251,33.989700001257006,0.8128999979817308,5.651600000419421,28.878599998279242,255.20810000307392,15.625500000169268,510.2277000005415,28,28,28,28,69.75279999824124,74.59150000067893,299.71220000152243,794.3144000018947
range_hood/range_hood_0127,28,18950,33689,31.396099999255966,25.89530000113882,0.8060999971348792,5.703900002117734,26.762499997857958,239.69050000232528,15.580200000840705,468.3885000013106,28,28,28,28,58.09749999752967,62.99530000251252,282.03320000102394,734.8415000014938
range_hood/range_hood_0130,28,17984,25571,31.306299999414477,27.152200000273297,0.8129000016197097,5.903799999941839,26.88520000083372,223.76259999873582,14.44900000205962,418.09790000115754,28,28,28,28,59.271400001307484,64.36229999962961,265.09680000162916,668.7457000007271
range_hood/range_hood_0142,28,23353,34892,34.384899998258334,30.71770000315155,0.8149999994202517,5.785199999081669,37.48809999888181,302.2337000002153,16.384399998059962,567.0525999994425,28,28,28,28,65.91760000083013,70.88780000049155,356.1061999971571,906.7743999985396
range_hood/range_hood_0159,28,18355,39892,75.7720999972662,28.178300002764445,0.8219999981520232,5.555399999138899,28.292000002693385,269.90659999864874,14.363900001626462,450.6129000001238,28,28,28,28,104.77239999818266,109.50579999916954,312.5625000029686,748.8115000014659
range_hood/range_hood_0168,28,27231,29510,48.34760000085225,38.386000000173226,0.8337999970535748,5.614500001684064,70.97019999855547,324.7741000013775,18.514600000344217,645.7469999986643,28,28,28,28,87.56739999807905,92.34810000270954,414.2589000002772,1041.4912999985972
range_hood/range_hood_0169,28,22604,29087,40.01029999926686,37.69819999797619,0.8405000007769559,5.747700000938494,36.71580000082031,279.33719999782625,92.72439999767812,507.07690000126604,28,28,28,28,78.54899999802001,83.45619999818155,408.7773999963247,823.1298999999126
range_hood/range_hood_0186,28,6560,15343,14.055699997697957,11.297600001853425,0.8027999974729028,6.420900001103291,15.031099999760045,109.14749999938067,9.493199999269564,167.12959999858867,28,9,28,28,26.156099997024285,31.774200000654673,133.67179999841028,291.3081999977294
range_hood/range_hood_0209,28,11943,10483,23.283300000912277,19.44589999766322,1.2205999992147554,8.59620000119321,22.514399999636225,176.09580000134883,8.594200000516139,289.12879999916186,28,20,28,28,43.94979999779025,51.325399999768706,207.2044000015012,487.7390000001469
sink/sink_0133,29,7722,22095,13.981000000057975,10.667700000340119,0.8275000000139698,6.109499998274259,13.369500000408152,130.76460000229417,7.356300000537885,207.70869999978459,17,29,29,29,25.476200000412064,30.758199998672353,151.4904000032402,351.8428000024869
sink/sink_0136,29,16864,30249,31.347700001788326,30.496100000164006,0.8350999996764585,5.632799999148119,26.187600000412203,210.89759999813396,11.236500002269167,386.2559999979567,16,8,29,29,62.67890000162879,67.47660000110045,248.32170000081533,623.3411999965028
sink/sink_0138,29,9465,28272,16.86899999913294,13.576199999079108,0.8010999990801793,5.71960000161198,16.668700001901016,141.82399999845074,8.615300001110882,239.80769999980112,7,29,29,29,31.246299997292226,36.16479999982403,167.10800000146264,398.3004000001529
sink/sink_0139,29,17382,74861,29.13519999856362,25.16040000045905,0.8230999992520083,5.837299999257084,23.864099999627797,297.662400000263,16.683400001056725,413.2927999999083,6,6,29,29,55.11869999827468,60.132899998279754,338.2099000009475,734.8192999997991
sink/sink_0140,29,22905,32704,38.97789999973611,38.17620000336319,0.8286999982374255,5.765900001279078,40.74369999943883,244.89990000074613,15.587000001687557,483.3201999972516,36,36,29,29,77.98280000133673,82.92000000437838,301.2306000018725,768.9637999974366
sink/sink_0141,29,10459,14319,20.428100000572158,15.702000000601402,0.8281999980681576,5.6994000005943235,49.4656999981089,140.1947000013024,9.081500000320375,290.4780999997456,29,8,29,29,36.95829999924172,41.82950000176788,198.7418999997317,480.1384999991569
sink/sink_0142,29,8205,32640,13.8952999986941,11.596700001973659,0.9498999970674049,8.806000001641223,19.526899999618763,157.7748999989126,9.449100001802435,209.6263999992516,0,29,29,29,26.441899997735163,34.29800000230898,186.7509000003338,386.92819999778294
sink/sink_0143,29,22303,49926,35.28329999971902,31.214399998134468,0.811400001111906,5.9661999985110015,29.83690000110073,285.5535000016971,16.73079999818583,574.103600003582,29,29,20,20,67.3090999989654,72.46389999636449,332.12120000098366,889.4940000063798
sink/sink_0145,29,6945,13004,13.462300001265248,10.684799999580719,0.7885000013629906,5.554499999561813,14.56060000055004,137.20789999933913,8.30839999980526,178.70749999929103,1,2,1,1,24.935600002208957,29.70160000040778,160.07689999969443,330.4759999991802
sink/sink_0146,29,15933,30041,32.54210000159219,22.727700001269113,0.8094000004348345,5.573699996602954,21.541500002058456,238.98520000147983,74.05470000230707,430.281399996602,29,29,29,29,56.07920000329614,60.84349999946426,334.58140000584535,690.8081000001403
sofa/sofa_0681,30,26412,21597,39.082800001779106,36.45730000062031,0.8252999978139997,5.914400000619935,33.813300000474555,302.64709999755723,14.648500000475906,676.0366999988037,23,23,23,23,76.36540000021341,81.45450000301935,351.1088999985077,1012.4970999968355
sofa/sofa_0685,30,15156,30825,26.55619999859482,25.40679999947315,0.8206000020436477,5.659800001012627,25.08759999909671,187.33910000082687,9.57110000308603,342.03989999878104,30,30,30,30,52.78360000011162,57.6227999990806,221.99780000300962,554.4665999987046
sofa/sofa_0691,30,22198,39918,98.48280000005616,33.22960000150488,1.2128999987908173,10.515699999814387,31.28840000135824,251.12909999734256,12.263199998415075,476.586299999326,30,30,30,30,132.92530000035185,142.22810000137542,294.6806999971159,759.0037999980268
sofa/sofa_0707,30,15044,17585,31.578499998431653,22.028000003047055,0.8175999973900616,5.593699999735691,30.44940000108909,219.91160000106902,11.054999999032589,367.89110000245273,30,30,30,30,54.42409999886877,59.2002000012144,261.4160000011907,618.2521000046108
sofa/sofa_0716,30,28750,118468,79.5023000027868,42.598500000167405,0.8196999988285825,5.7287999989057425,38.79640000013751,305.47220000153175,19.052700001338962,624.2968000005931,30,30,30,30,122.92050000178278,127.82960000185994,363.3213000030082,968.5654000022623
sofa/sofa_0719,30,15765,56681,28.433199997380143,25.258800000301562,0.8808000020508189,6.666099998255959,27.81930000128341,194.83259999833535,13.50810000076308,367.30619999798364,30,30,30,30,54.572799999732524,60.358099995937664,236.16000000038184,589.9580999976024
sofa/sofa_0732,30,16857,46611,29.371000000537606,26.678999998694053,0.8145000028889626,6.634099998336751,25.922799999534618,208.90520000102697,15.713000000687316,382.01459999982035,30,30,30,30,56.86450000212062,62.68409999756841,250.5410000012489,616.8426000003819
sofa/sofa_0767,30,16605,25643,28.563899999426212,26.480600001377752,0.9442000009585172,5.727299998397939,26.624400001310278,220.73309999905177,12.003899999399437,368.2480999996187,30,30,30,30,55.98870000176248,60.7717999992019,259.3613999997615,615.6055999999808
sofa/sofa_0769,30,12559,26525,23.222900003020186,20.062099996721372,0.8472000008623581,6.2140000009094365,20.06919999985257,170.8467999997083,48.82469999938621,292.02100000111386,30,30,30,30,44.132200000603916,49.499000000650994,239.7406999989471,482.93700000067474
sofa/sofa_0770,30,15198,23110,28.655699999944773,41.33179999917047,1.257299998542294,7.975100001203828,23.76680000088527,198.78439999956754,11.249899998801993,378.75110000095447,30,30,30,30,71.24479999765754,77.96260000031907,233.8010999992548,601.3023000014073
stairs/stairs_0128,31,20154,30156,87.71589999741991,33.25020000193035,0.8280000001832377,5.719199998566182,33.83219999886933,268.3338000024378,14.919799999915995,516.7451000015717,25,30,1,1,121.7940999995335,126.68529999791645,317.0858000012231,818.9111000028788
stairs/stairs_0130,31,8408,18254,17.646499996772036,12.033900002279552,0.8037999978114385,5.634799999825191,17.32530000299448,130.69220000033965,9.491299999353942,229.705699999613,29,31,31,31,30.484199996863026,35.31519999887678,157.50880000268808,377.7232000029471
stairs/stairs_0134,31,10732,53114,23.350999999820488,16.83480000065174,0.7956999979796819,5.462299999635434,42.64070000135689,164.48719999971217,9.34159999815165,279.5126999990316,31,31,31,31,40.98149999845191,45.64810000010766,216.46949999922072,486.6406000001007
stairs/stairs_0135,31,17823,41717,30.727999997907318,24.999299999763025,0.8125000022118911,5.793999996967614,24.47580000080052,236.60000000018044,15.462300001672702,474.71739999673446,37,37,15,15,56.539799999882234,61.52129999463796,276.53810000265366,735.7931999977154
stairs/stairs_0136,31,6448,26079,11.63769999766373,8.157400003256043,0.8061999978963286,5.508700000063982,12.576199998875381,114.08790000132285,8.479100000840845,170.58660000111558,31,8,25,25,20.601299998816103,25.303800000983756,135.14320000103908,297.2507000013138
stairs/stairs_0137,31,27350,26044,42.987900000298396,39.89000000001397,0.8032000005187001,5.933399999776157,35.93610000098124,312.4884999997448,21.33490000051097,648.4576999973797,10,8,25,25,83.68110000083107,88.81130000008852,369.75950000123703,996.8822999981057
stairs/stairs_0138,31,5713,29015,10.141999999177642,8.020299999770941,0.8441000027232803,6.376199999067467,12.873799998487812,98.81690000111121,6.999799999903189,172.052400001121,31,26,31,31,19.006400001671864,24.53849999801605,118.69049999950221,283.74310000072
stairs/stairs_0139,31,5699,27886,10.98930000080145,7.3551999994379,0.8808000020508189,5.601900000328897,8.820600000035483,99.02289999809,23.06229999885545,175.05769999843324,31,8,19,19,19.22530000229017,23.946400000568246,130.90579999698093,282.9011999965587
stairs/stairs_0143,31,10242,21084,18.317099998967024,16.286900001432514,0.7896999995864462,5.710400000680238,15.488299999560695,136.84289999946486,38.92529999939143,239.85430000175256,7,1,30,30,35.393699999985984,40.314400001079775,191.25649999841698,392.1855000007781
stairs/stairs_0144,31,4306,10463,9.872999999060994,6.39680000313092,0.8063999994192272,6.200199997692835,9.001600003102794,90.70749999955297,6.048499999451451,117.2078000017791,27,22,31,31,17.07620000161114,22.46999999988475,105.75760000210721,216.91690000443486
stool/stool_0095,32,13427,55289,25.079099999857135,23.903099998278776,0.8317000028910115,5.643699998472584,19.94829999966896,201.77410000178497,10.803700002725236,314.49719999727677,32,32,32,32,49.81390000102692,54.625899996608496,232.52610000417917,536.2195999987307
stool/stool_0096,32,5475,19157,11.311999998724787,9.558500001730863,0.8066999980655964,5.734800000936957,10.752400001365459,92.46910000001662,6.800300001486903,146.366199998738,24,24,8,8,21.677199998521246,26.605300001392607,110.02180000286899,249.5877000001201
stool/stool_0097,32,8156,30542,62.0374999998603,12.804199999663979,0.8931000011216383,5.547299999307143,13.085200000205077,125.80159999924945,8.500100000674138,222.01639999912004,19,32,32,32,75.73480000064592,80.38899999883142,147.38690000012866,360.90319999857456
stool/stool_0101,32,10319,51470,18.65680000264547,17.55859999684617,1.0362000029999763,7.07229999898118,23.137199998018332,140.0301000030595,8.52619999932358,249.9547999977949,32,32,32,32,37.251600002491614,43.28769999847282,171.6935000004014,413.1220999988727
stool/stool_0102,32,8457,29950,15.817600000445964,13.064499999018153,0.7986999989952892,6.280200002947822,16.185299999051495,125.19890000112355,7.884800001193071,205.22730000084266,32,5,32,32,29.680799998459406,35.16230000241194,149.2690000013681,346.6115000010177
stool/stool_0103,32,14267,32506,59.353299999202136,24.512399999366608,0.8109000009426381,5.793399999674875,23.189899999124464,200.29270000304678,11.109499999292893,335.37369999976363,19,4,32,32,84.67659999951138,89.65909999824362,234.59210000146413,558.8563000019349
stool/stool_0105,32,8149,26764,14.488500000879867,11.439299996709451,0.7988000033947174,5.6171999967773445,13.985100002173567,122.25209999814979,7.760699998470955,204.5539999999164,19,26,19,19,26.726600000984035,31.544999994366663,143.9978999987943,340.79120000023977
stool/stool_0106,32,4831,21747,10.078800001792843,7.36989999859361,0.8226000027207192,5.591199998889351,9.040000000823056,86.52879999863217,6.597900002816459,188.35639999815612,24,5,32,32,18.27130000310717,23.039899999275804,102.16670000227168,283.92519999761134
stool/stool_0107,32,3424,18485,10.636599999997998,6.7696000005526,0.9267999994335696,5.5428000014217105,6.3704999993206,75.31759999983478,6.185000002005836,105.40589999800432,32,19,32,32,18.332999999984168,22.94900000197231,87.87310000116122,187.0939999971597
stool/stool_0108,32,6560,34769,12.614600000233622,9.554000000207452,0.7986999989952892,6.016200000885874,9.990599999582628,112.62619999979506,26.04770000107237,171.38859999977285,19,32,32,32,22.967299999436364,28.18480000132695,148.66450000045006,294.00539999915054
table/table_0410,33,17739,19979,33.762499999284046,33.74909999911324,0.8104000007733703,5.733900001359871,28.140299997176044,195.13329999972484,62.35579999702168,367.04459999964456,12,12,33,33,68.32199999917066,73.24549999975716,285.62939999392256,590.3181999965454
table/table_0416,33,9367,11760,17.09330000085174,17.164299999421928,0.9430000027350616,8.794099998340243,18.333500000153435,120.84350000077393,6.992599999648519,200.02630000089994,33,33,33,33,35.20060000300873,43.05169999861391,146.16960000057588,339.2033000018273
table/table_0424,33,18236,23138,39.451000000553904,31.823900000745198,0.826999999844702,5.614599998807535,27.80480000001262,210.9191000017745,11.346399998728884,424.13480000323034,33,33,33,33,72.1019000011438,76.88950000010664,250.070300000516,662.8587000050175
table/table_0426,33,11033,22498,23.467800001526484,18.17739999751211,0.8134000017889775,5.603499997960171,18.860600001062267,156.1258000001544,9.400999999343185,270.8853999974963,33,33,33,33,42.45860000082757,47.248699996998766,184.38740000055986,445.87179999871296
table/table_0427,33,18159,19342,29.73819999897387,28.195799997774884,0.9562000013829675,5.934500000876142,70.38050000119256,258.06849999935366,12.000200000329642,432.8996999975061,12,12,12,12,58.89019999813172,63.868499997624895,340.44920000087586,761.3486999980523
table/table_0429,33,10956,15402,22.555200001079356,20.820699999603676,0.8068999995884951,6.217199999809964,27.229200000874698,153.87249999912456,9.610900000552647,297.14959999910207,12,12,12,12,44.18280000027153,49.593100000492996,190.7126000005519,478.2512999991013
table/table_0434,33,6427,14447,12.80870000118739,8.437499996944098,0.8046000002650544,5.769499999587424,14.813900001172442,116.21139999988372,7.329199997911928,180.6648000019777,33,33,33,33,22.050799998396542,27.01569999771891,138.3544999989681,311.6901000030339
table/table_0439,33,14638,13863,30.9692000009818,24.277699998492608,0.8170000000973232,5.624000001262175,53.742500000225846,214.19059999971068,14.392999997653533,379.98660000084783,12,12,33,33,56.06389999957173,60.87090000073658,282.32609999759006,647.9197000007844
table/table_0460,33,16521,19824,27.401499999541556,24.72680000209948,0.7998999972187448,6.220200000825571,23.949599999468774,206.10579999993206,12.079399999493035,423.5697000003711,25,33,33,33,52.92819999885978,58.34850000246661,242.13479999889387,653.6250999997719
table/table_0462,33,18537,29592,54.519199999049306,49.69660000278964,1.150000000052387,8.18040000012843,44.47179999988293,330.9012999998231,13.612999999168096,431.2162999995053,12,12,33,33,105.36580000189133,112.39620000196737,388.9860999988741,806.5893999992113
tent/tent_0167,34,15079,28407,26.595300001645228,22.51119999709772,0.8109000009426381,5.882400000700727,23.84890000030282,198.96990000052028,12.065200000506593,384.3014999984007,34,26,34,34,49.917399999685585,54.988899999443674,234.8840000013297,607.1202999992238
tent/tent_0169,34,27217,20006,40.77060000054189,36.82029999981751,0.8357000006071758,5.842899998242501,35.2710000006482,321.2619000005361,126.11599999945611,675.885599997855,34,36,34,34,78.42660000096657,83.4337999986019,482.6489000006404,1032.4184999990393
tent/tent_0170,34,5391,13719,10.605200001009507,7.2399999990011565,0.8189000000129454,6.394700001692399,12.350499997410225,100.28670000247075,6.35590000092634,141.94639999914216,0,0,0,0,18.66410000002361,24.239900001703063,118.99310000080732,254.58359999902314
tent/tent_0171,34,12762,21314,24.977400000352645,19.526000000041677,0.8210999985749368,5.9109000030730385,57.16819999724976,177.9500000011467,12.524300000222865,315.96689999787486,36,7,34,34,45.32449999896926,50.41430000346736,247.64249999861931,551.0850999962713
tent/tent_0174,34,15107,23765,25.05609999934677,22.326099999190774,0.8183999998436775,5.537699998967582,26.431000002048677,213.94919999875128,13.279699996928684,376.65390000256593,34,34,34,34,48.20059999838122,52.91989999750513,253.65989999772864,617.0341000033659
tent/tent_0175,34,11229,24913,23.624400000699097,17.63059999939287,1.0648000024957582,5.71489999856567,71.54109999828506,166.6908000006515,11.310699999739882,280.0353999991785,25,25,34,34,42.319800002587726,46.96989999865764,249.54259999867645,518.267299998115
tent/tent_0176,34,16871,46479,27.534600001672516,23.071799998433562,0.9610000015527476,5.597999999736203,23.598100000526756,225.1109999997425,11.073300000134623,414.19719999976223,34,34,34,34,51.567400001658825,56.20439999984228,259.78240000040387,662.9063000000315
tent/tent_0178,34,12839,54695,22.265499999775784,19.352600000274833,0.8154999995895196,6.427500000427244,21.55290000155219,180.86000000039348,11.220799999136943,343.2589000003645,34,2,34,34,42.43359999964014,48.04560000047786,213.63370000108262,545.6718000023102
tent/tent_0182,34,9577,38866,17.879300001368392,14.160399998218054,0.8646000023873057,5.846799998835195,16.03120000072522,142.5487999986217,9.988699999667006,280.4226000007475,34,34,34,34,32.90430000197375,37.88649999842164,168.56869999901392,439.0026000000944
tent/tent_0183,34,23983,30057,37.97579999809386,40.36590000032447,0.8116000026348047,5.804899999930058,31.44579999934649,320.07059999887133,18.01780000096187,634.6778999977687,37,23,34,34,79.15330000105314,84.14659999834839,369.5341999991797,986.1942999959865
toilet/toilet_0354,35,9255,15152,17.275800000788877,14.460200000030454,0.8109000009426381,7.310099997994257,17.80720000169822,134.2027999999118,12.20399999874644,242.91200000152458,8,8,35,35,32.54690000176197,39.04609999881359,164.21400000035646,394.9220000031346
toilet/toilet_0357,35,8590,36654,18.304400000488386,14.472399998339824,0.8016000028874259,5.587899999227375,14.501300000119954,127.21550000060233,8.97379999878467,213.712900000246,8,8,35,35,33.578400001715636,38.364699998055585,150.69059999950696,355.4297000009683
toilet/toilet_0391,35,27546,76819,61.68000000252505,40.229999998700805,0.8414000003540423,5.691499998647487,77.95059999989462,321.97069999892847,18.208299999969313,655.8717000007164,35,35,35,35,102.7514000015799,107.60149999987334,418.1295999987924,1055.7929999995395
toilet/toilet_0404,35,23787,117031,45.60069999934058,36.4356999998563,0.8133000010275282,5.567099997279001,40.26920000251266,276.4932999998564,98.94119999808026,542.7581000003556,35,35,35,35,82.8497000002244,87.60349999647588,415.7037000004493,859.5206000027247
toilet/toilet_0407,35,24816,62903,71.53939999989234,37.604900000587804,0.9680999974079896,5.65199999982724,34.631400001671864,276.65239999987534,13.15249999970547,562.2819000018353,35,35,35,35,110.11239999788813,114.79630000030738,324.4363000012527,873.5657000033825
toilet/toilet_0408,35,16927,42297,44.1504000009445,32.57079999821144,0.8268000019597821,5.624599998554913,28.384299999743234,201.16799999959767,10.24669999969774,372.7992999993148,35,35,35,35,77.54800000111572,82.34579999771086,239.79899999903864,602.3515999986557
toilet/toilet_0425,35,19293,73716,32.15349999663886,30.672100001538638,0.8196999988285825,5.620400002953829,28.978899998037377,229.14360000140732,12.034299998049391,446.1723000022175,35,35,35,35,63.64529999700608,68.44600000113132,270.1567999974941,704.2948000016622
toilet/toilet_0431,35,30479,88251,45.74980000325013,43.72019999937038,0.8386999979848042,5.579700002272148,39.438799998606555,324.6925999992527,19.412800000282004,698.660000001837,35,35,35,35,90.30870000060531,95.04970000489266,383.54419999814127,1062.7913999996963
toilet/toilet_0436,35,16913,96988,30.396599999221507,30.71989999807556,0.8601000008638948,5.839500001457054,27.883499999006744,261.32460000007995,16.278999999485677,421.33319999993546,35,35,35,35,61.976599998160964,66.95599999875412,305.4870999985724,710.5412999990222
toilet/toilet_0444,35,22401,108739,35.50659999746131,33.02880000046571,0.8118000005197246,5.611900000076275,36.71309999845107,266.8355000023439,15.943399997922825,535.5893000014476,35,35,35,35,69.34719999844674,74.14729999800329,319.4919999987178,839.1379000022425
tv_stand/tv_stand_0283,36,12601,15389,26.70899999793619,20.77080000162823,0.8230999992520083,5.6537999989814125,53.80670000158716,150.427699998545,9.171400000923313,281.4178999979049,36,36,36,36,48.30289999881643,53.13359999854583,213.40580000105547,485.65229999803705
tv_stand/tv_stand_0305,36,19636,25322,34.40270000282908,31.430099999852246,0.8113999974739272,5.77270000212593,29.388099999778206,259.33079999958863,14.657699997769669,466.950199999701,8,36,36,36,66.64420000015525,71.60550000480725,303.3765999971365,755.6690999990678
tv_stand/tv_stand_0310,36,20567,22805,40.510700000595534,41.70760000124574,0.8382999985769857,5.72190000093542,35.241099998529535,256.7348000011407,92.41579999797978,513.3268999998108,33,33,12,12,83.05660000041826,87.94020000277669,384.39169999765,805.3027999994811
tv_stand/tv_stand_0323,36,32663,29409,53.711500000645174,50.916699998197146,0.8498000024701469,5.776499998319196,46.9693000013649,332.3313999972015,15.380099997855723,710.0590000009106,25,25,36,36,105.47800000131247,110.40469999716152,394.68079999642214,1089.359699999477
tv_stand/tv_stand_0341,36,17277,36911,32.68229999957839,32.07339999789838,0.8253000014519785,5.654000000504311,31.553599998005666,211.57070000117528,10.52940000226954,404.300999998668,30,30,12,12,65.58099999892875,70.40969999798108,253.6537000014505,647.4252999978489
tv_stand/tv_stand_0343,36,13000,14060,64.27249999978812,20.34099999946193,0.8304000002681278,7.848599998396821,22.042000000510598,175.55780000111554,10.189199998421827,309.40040000132285,36,36,36,36,85.44389999951818,92.46209999764687,207.78900000004796,507.000200002949
tv_stand/tv_stand_0345,36,17200,20841,36.08650000023772,27.32349999860162,0.8754000009503216,5.8339999995951075,32.82960000069579,228.76159999941592,13.279599999805214,406.48370000053546,36,36,36,36,64.28539999978966,69.24399999843445,274.8707999999169,668.0749000006472
tv_stand/tv_stand_0360,36,18481,31152,62.86249999902793,26.96970000033616,0.8210000014514662,5.736299997806782,27.882500002306188,251.05679999978747,14.26779999746941,453.63750000251457,36,36,36,36,90.65320000081556,95.56849999717087,293.20709999956307,732.5768000046082
tv_stand/tv_stand_0362,36,51668,40145,66.84649999806425,58.56620000122348,0.9214999990945216,5.700800000340678,55.550299999595154,492.0227000002342,31.79699999964214,1102.5832999985141,23,36,23,23,126.33419999838225,131.1134999996284,579.3699999994715,1650.1562999983435
tv_stand/tv_stand_0364,36,16269,13798,27.85809999841149,24.840000001859153,0.8340999993379228,5.601900000328897,28.414000000339,225.29819999908796,12.366300001303898,373.21719999818015,27,36,27,27,53.532199999608565,58.30000000059954,266.07850000073086,626.9293999976071
vase/vase_0476,37,42967,87221,56.91810000280384,48.48579999816138,0.8161000005202368,5.909200001042336,87.69050000046263,524.988499997562,28.650699998252094,1056.6114000030211,37,37,37,37,106.22000000148546,111.31310000200756,641.3296999962768,1669.2904000010458
vase/vase_0487,37,7820,48584,14.674499998363899,12.25210000120569,0.798099998064572,5.75820000085514,17.326600001979386,117.54699999801232,7.349499999691034,188.56290000258014,5,5,5,5,27.72469999763416,32.68480000042473,142.22309999968274,323.43650000257185
vase/vase_0491,37,11509,70137,24.158199998055352,20.337000001745764,0.8428000001003966,6.627499999012798,23.094899999705376,156.8704000019352,9.610799999791197,278.6362000006193,37,37,37,37,45.33799999990151,51.122699998813914,189.57610000143177,458.60150000225985
vase/vase_0521,37,24585,79258,89.38620000117226,35.60089999882621,0.8291999984066933,5.669800000760006,32.09620000052382,274.01060000192956,17.229500001121778,546.437999997579,37,37,37,37,125.81629999840516,130.65690000075847,323.33630000357516,852.5448000000324
vase/vase_0527,37,22268,45715,34.00999999939813,32.499600001756335,0.8157999982358888,5.652400002873037,33.290799998212606,275.64110000093933,99.36269999889191,540.5635999995866,4,4,15,15,67.32539999939036,72.1620000040275,408.29459999804385,849.4954999987385
vase/vase_0528,37,27588,68366,42.13000000163447,36.93099999873084,0.8223000004363712,5.719900000258349,36.68810000090161,330.3463999982341,14.09589999821037,637.4813000002177,33,33,37,37,79.88330000080168,84.78090000062366,381.1303999973461,1004.5157999993535
vase/vase_0530,37,10977,61044,23.43329999712296,23.752900000545196,1.2329000019235536,6.852799997432157,21.762100001069484,146.094700001413,7.600500000989996,226.12890000164043,37,37,4,4,48.41909999959171,54.03899999510031,175.45730000347248,393.9857000041229
vase/vase_0542,37,25208,101778,41.667000001325505,36.871399999654386,1.0113999996974599,6.8905000007362105,77.46309999856749,274.5513000008941,16.119800002343254,585.2648000000045,37,37,37,37,79.54980000067735,85.4289000017161,368.13420000180486,937.2791999994661
vase/vase_0548,37,41014,41059,69.55369999923278,57.39160000302945,0.826699997560354,5.856600000697654,94.42900000067311,429.526399999304,21.500099999684608,915.4472999980499,37,37,10,10,127.77199999982258,132.80190000295988,545.4554999996617,1439.402699998027
vase/vase_0572,37,10977,44382,19.56429999700049,21.88440000099945,0.8162000012816861,5.72219999958179,21.30140000008396,150.25349999996251,10.301800000888761,293.20609999922453,37,37,37,37,42.264899999281624,47.17089999758173,181.85670000093523,464.760999999271
wardrobe/wardrobe_0089,38,19384,22228,31.751799997437047,29.68190000319737,0.9579999968991615,7.604200000059791,28.28620000218507,229.09769999751006,14.49040000079549,475.12270000152057,38,21,38,38,62.39169999753358,69.03790000069421,271.8743000004906,732.5066000012157
wardrobe/wardrobe_0096,38,11110,10946,20.428299998457078,17.518700002256082,0.8321999994223006,8.384400000068126,19.69249999820022,143.96560000022873,9.846900000411551,286.75059999659425,38,38,38,38,38.77920000013546,46.33140000078129,173.5049999988405,450.4086999950232
wardrobe/wardrobe_0097,38,9556,11635,18.754400000034366,16.125099999044323,0.8032000005187001,5.582400001003407,16.86409999820171,143.24760000090464,8.169199998519616,225.88879999966593,38,4,4,4,35.68269999959739,40.461900000082096,168.28089999762597,386.0004999987723
wardrobe/wardrobe_0098,38,16122,11417,26.47119999892311,24.167400002625072,0.9390999985043891,6.166899998788722,27.892600002815016,234.95459999685409,12.766799998644274,385.19649999943795,22,22,38,38,51.57770000005257,56.805500000336906,275.6139999983134,648.043699999107
wardrobe/wardrobe_0099,38,12958,9789,24.246299999504117,23.285999999643536,0.8379999999306165,6.584300001122756,21.895399997447385,153.93160000166972,52.56250000093132,317.87590000021737,14,14,14,14,48.37029999907827,54.11660000027041,228.38950000004843,493.7028999993345
wardrobe/wardrobe_0101,38,8072,11097,14.906100001098821,11.931400000321446,0.8806999976513907,5.6154000012611505,13.805200000206241,116.177299998526,7.2958999990078155,210.7058000001416,5,5,4,4,27.718199999071658,32.45290000268142,137.27839999774005,340.68829999887384
wardrobe/wardrobe_0102,38,4292,10084,10.465499999554595,8.656499998323852,0.8148000015353318,5.5861999971966725,9.744800001499243,78.4248000018124,6.396700002369471,123.29540000064299,38,38,38,38,19.93679999941378,24.70819999507512,94.56630000568111,211.46500000395463
wardrobe/wardrobe_0103,38,20161,13003,32.4503999981971,31.46490000290214,0.8316999992530327,5.8066999990842305,90.34769999925629,251.45809999958146,12.924000002385583,504.8432000003231,38,38,38,38,64.74700000035227,69.72200000018347,354.72980000122334,846.6489999991609
wardrobe/wardrobe_0106,38,16703,16304,28.304899999056943,26.60680000190041,0.8300000008603092,6.287599997449433,32.405400001152884,200.77719999972032,11.771800000133226,409.1254000013578,38,38,38,38,55.74170000181766,61.19929999840679,244.95440000100643,642.308000002231
wardrobe/wardrobe_0107,38,16143,17606,62.66360000154236,27.6451999998244,0.8250999999290798,5.67859999864595,26.468300002306933,182.34060000031604,11.80219999878318,376.1199000000488,37,37,37,37,91.13390000129584,95.98740000001271,220.61110000140616,584.9288000026718
xbox/xbox_0106,39,16969,30197,35.318200003530364,28.357999999570893,0.8315999984915834,5.725600000005215,27.02109999881941,211.24970000164467,13.835400000971276,388.9630000012403,22,22,39,39,64.50780000159284,69.40180000310647,252.10620000143535,627.2338000017044
xbox/xbox_0107,39,23199,58269,45.82270000173594,40.20730000047479,0.8502999990014359,5.538400000659749,35.236399999121204,255.9569000004558,16.490400001202943,522.0417999989877,39,4,39,39,86.88030000121216,91.56840000287048,307.68370000077994,813.2350999985647
xbox/xbox_0109,39,14190,43092,24.84779999940656,21.771399999124696,0.8191000015358441,6.120800000644522,23.876799998106435,171.39569999926607,11.186800002178643,328.96189999883063,22,38,8,8,47.4383000000671,52.73999999917578,206.45929999955115,524.2343999962031
xbox/xbox_0111,39,7015,9769,15.04209999984596,15.279800001735566,1.232700000400655,9.672799998952542,19.209199999750126,103.14920000018901,26.799700000992743,179.20109999977285,39,39,39,39,31.55460000198218,39.99470000053407,149.15810000093188,301.559499999712
xbox/xbox_0112,39,15233,42223,26.150900001084665,24.502500000380678,0.976699997409014,6.155800001579337,22.197199999936856,183.40389999866602,11.804300000221701,360.9513999981573,39,39,39,39,51.63009999887436,56.80920000304468,217.40539999882458,566.5524999967602
xbox/xbox_0115,39,14239,33428,26.760900000226684,29.16729999924428,0.8015999992494471,7.444000002578832,30.022799997823313,171.93740000220714,10.417499997856794,317.2627000021748,4,37,4,4,56.72979999872041,63.372200002049794,212.37769999788725,519.2229000022053
xbox/xbox_0119,39,29485,49999,103.36509999979171,49.20800000036252,0.8221999996749219,5.729999997129198,45.98700000133249,313.66479999996955,17.67899999686051,622.4578000001202,39,22,39,39,153.39529999982915,158.30309999728343,377.33079999816255,982.1096000014222
xbox/xbox_0120,39,9724,12210,19.930599999497645,17.05690000017057,0.815100000181701,5.55030000032275,50.76389999885578,132.98460000078194,9.7819000002346,250.90330000239192,31,22,25,25,37.80259999984992,42.537799999990966,193.53039999987232,434.65180000202963
xbox/xbox_0121,39,5706,10285,21.050499999546446,15.48489999913727,1.2625000017578714,7.9401000002690125,12.327000000368571,93.49379999912344,7.037999999738531,159.43400000105612,22,22,12,12,37.79790000044159,44.47549999895273,112.85879999923054,265.25480000054813
xbox/xbox_0123,39,764,4082,2.338700000109384,0.816700001450954,0.8361000000149943,5.894900001294445,2.452599997923244,43.45610000018496,6.027100000210339,47.61719999805791,11,11,26,26,3.991500001575332,9.050300002854783,51.935799998318544,93.52589999616612
